student_id,target_credits,completed_credits,failure_prob
S_0,12,99,0.0506
S_1,13,5,0.0259
S_2,18,37,0.0927
S_3,13,81,0.0081
S_4,17,67,0.0426
S_5,11,52,0.0459
S_6,16,64,0.0721
S_7,19,23,0.0459
S_8,7,51,0.0398
S_9,12,60,0.0089
S_10,16,108,0.065
S_11,14,31,0.013
S_12,16,104,0.1084
S_13,13,77,0.0091
S_14,15,2,0.1055
S_15,14,86,0.1072
S_16,18,4,0.1998
S_17,15,119,0.1049
S_18,16,104,0.0484
S_19,13,35,0.0365
S_20,13,30,0.1354
S_21,13,45,0.0528
S_22,16,42,0.0426
S_23,13,44,0.0273
S_24,15,38,0.0164
S_25,21,74,0.0805
S_26,17,19,0.0179
S_27,14,101,0.1543
S_28,18,97,0.0828
S_29,13,57,0.1072
S_30,8,102,0.0665
S_31,11,29,0.0057
S_32,9,2,0.0619
S_33,13,74,0.0398
S_34,15,54,0.0676
S_35,20,68,0.0042
S_36,15,107,0.0103
S_37,14,116,0.0096
S_38,17,76,0.0892
S_39,8,91,0.0471
S_40,15,10,0.1078
S_41,17,19,0.0482
S_42,10,87,0.049
S_43,18,51,0.0326
S_44,16,53,0.0391
S_45,13,37,0.0175
S_46,16,72,0.0091
S_47,21,22,0.0725
S_48,15,75,0.0371
S_49,15,20,0.0778
S_50,13,7,0.0335
S_51,12,39,0.0246
S_52,17,27,0.071
S_53,12,106,0.122
S_54,15,6,0.1629
S_55,13,21,0.0315
S_56,16,65,0.0702
S_57,16,57,0.0433
S_58,18,5,0.02
S_59,13,0,0.0463
S_60,14,118,0.0554
S_61,12,79,0.1149
S_62,13,43,0.157
S_63,16,56,0.0057
S_64,17,31,0.0567
S_65,12,41,0.0167
S_66,17,77,0.0379
S_67,19,105,0.0179
S_68,16,22,0.0133
S_69,20,100,0.0342
S_70,12,14,0.043
S_71,11,25,0.0652
S_72,9,4,0.0728
S_73,19,16,0.0803
S_74,16,110,0.0304
S_75,14,55,0.0285
S_76,15,9,0.1331
S_77,11,115,0.0505
S_78,21,105,0.0485
S_79,15,90,0.0465
S_80,15,112,0.0801
S_81,17,26,0.0535
S_82,16,100,0.0075
S_83,15,82,0.0059
S_84,12,104,0.0226
S_85,16,95,0.038
S_86,20,41,0.0227
S_87,19,92,0.0679
S_88,19,31,0.0803
S_89,13,39,0.0452
S_90,12,12,0.0177
S_91,14,112,0.0172
S_92,15,34,0.0941
S_93,18,62,0.1116
S_94,9,46,0.1133
S_95,19,115,0.0775
S_96,14,40,0.1378
S_97,13,93,0.0132
S_98,11,102,0.0265
S_99,10,52,0.0848
S_100,17,45,0.01
S_101,15,89,0.0479
S_102,11,109,0.0153
S_103,11,90,0.1104
S_104,13,27,0.0573
S_105,20,106,0.0238
S_106,14,46,0.088
S_107,10,69,0.0276
S_108,14,99,0.0507
S_109,14,22,0.0857
S_110,6,94,0.0161
S_111,14,71,0.0307
S_112,14,107,0.0151
S_113,17,20,0.0423
S_114,20,50,0.0861
S_115,18,99,0.0471
S_116,14,2,0.0645
S_117,11,13,0.0832
S_118,21,118,0.0221
S_119,15,33,0.0279
S_120,15,117,0.0352
S_121,14,21,0.0491
S_122,15,43,0.0233
S_123,14,90,0.1017
S_124,13,78,0.037
S_125,13,69,0.1117
S_126,14,63,0.079
S_127,13,101,0.0237
S_128,12,28,0.0378
S_129,15,53,0.0418
S_130,14,18,0.0211
S_131,19,71,0.0334
S_132,7,30,0.0995
S_133,18,40,0.0477
S_134,18,56,0.0515
S_135,8,3,0.0196
S_136,13,11,0.0119
S_137,13,82,0.0147
S_138,10,51,0.0964
S_139,12,103,0.0813
S_140,11,83,0.0607
S_141,20,0,0.0849
S_142,17,74,0.038
S_143,18,11,0.0066
S_144,17,93,0.0242
S_145,11,118,0.0387
S_146,13,63,0.0284
S_147,16,81,0.0459
S_148,11,28,0.0684
S_149,17,52,0.0149
S_150,14,102,0.1097
S_151,13,20,0.0419
S_152,17,31,0.0637
S_153,16,53,0.042
S_154,13,85,0.0554
S_155,18,45,0.0331
S_156,11,111,0.0231
S_157,16,11,0.0667
S_158,16,44,0.0538
S_159,14,85,0.0382
S_160,15,27,0.0233
S_161,11,78,0.0307
S_162,17,19,0.0422
S_163,14,6,0.0545
S_164,13,14,0.0462
S_165,18,111,0.0623
S_166,12,66,0.0228
S_167,10,95,0.0502
S_168,10,39,0.0408
S_169,16,71,0.0183
S_170,11,59,0.0201
S_171,20,113,0.0429
S_172,8,89,0.0755
S_173,20,87,0.0331
S_174,15,5,0.0525
S_175,14,65,0.0357
S_176,13,56,0.051
S_177,16,111,0.0104
S_178,14,30,0.0095
S_179,18,32,0.019
S_180,15,49,0.0339
S_181,15,29,0.0202
S_182,13,15,0.0426
S_183,14,102,0.0371
S_184,15,66,0.0803
S_185,9,103,0.1158
S_186,10,99,0.0472
S_187,17,33,0.1084
S_188,15,65,0.037
S_189,14,9,0.0276
S_190,15,109,0.1685
S_191,16,48,0.0509
S_192,13,47,0.0166
S_193,12,36,0.0143
S_194,15,55,0.0757
S_195,12,30,0.078
S_196,16,44,0.0372
S_197,9,95,0.0588
S_198,18,100,0.0439
S_199,16,36,0.0118
S_200,15,56,0.1079
S_201,17,104,0.0593
S_202,19,6,0.0499
S_203,18,106,0.0053
S_204,9,26,0.0346
S_205,11,81,0.0334
S_206,13,69,0.0148
S_207,15,66,0.0141
S_208,16,103,0.0525
S_209,12,12,0.013
S_210,15,41,0.0246
S_211,12,64,0.0323
S_212,13,97,0.0096
S_213,10,25,0.0429
S_214,12,96,0.01
S_215,10,47,0.0218
S_216,12,22,0.008
S_217,18,91,0.02
S_218,12,10,0.0027
S_219,21,61,0.05
S_220,16,7,0.0134
S_221,15,42,0.055
S_222,12,72,0.0424
S_223,17,66,0.0211
S_224,13,48,0.0208
S_225,15,51,0.055
S_226,21,27,0.0275
S_227,14,54,0.016
S_228,18,114,0.0531
S_229,12,102,0.0309
S_230,14,17,0.0471
S_231,20,3,0.0456
S_232,13,112,0.0649
S_233,20,63,0.0642
S_234,17,64,0.0543
S_235,13,93,0.044
S_236,16,37,0.0748
S_237,17,57,0.011
S_238,16,116,0.0385
S_239,10,80,0.0478
S_240,12,18,0.0646
S_241,14,15,0.0406
S_242,14,24,0.1523
S_243,16,92,0.0348
S_244,15,35,0.0254
S_245,10,2,0.0292
S_246,16,113,0.0276
S_247,16,20,0.0192
S_248,16,1,0.0993
S_249,18,28,0.082
S_250,17,28,0.0164
S_251,16,50,0.0877
S_252,14,110,0.0477
S_253,10,105,0.0645
S_254,16,54,0.0446
S_255,15,49,0.0293
S_256,15,66,0.0196
S_257,11,29,0.0715
S_258,11,6,0.0538
S_259,18,112,0.0974
S_260,14,22,0.0201
S_261,17,23,0.0454
S_262,15,56,0.0851
S_263,15,58,0.0454
S_264,17,2,0.0286
S_265,13,17,0.0153
S_266,15,45,0.025
S_267,13,82,0.0309
S_268,13,27,0.0827
S_269,14,50,0.0108
S_270,15,66,0.0526
S_271,13,106,0.0571
S_272,18,39,0.0309
S_273,12,16,0.0564
S_274,14,58,0.0377
S_275,13,89,0.0146
S_276,19,13,0.0482
S_277,15,50,0.0375
S_278,18,2,0.0449
S_279,10,4,0.0337
S_280,15,57,0.0653
S_281,17,35,0.1376
S_282,15,101,0.0287
S_283,18,72,0.0687
S_284,13,54,0.0119
S_285,19,48,0.0706
S_286,21,59,0.0573
S_287,13,4,0.0847
S_288,13,107,0.0261
S_289,19,119,0.0252
S_290,19,21,0.0481
S_291,13,14,0.0614
S_292,13,17,0.0062
S_293,14,79,0.0224
S_294,10,79,0.0379
S_295,12,101,0.0403
S_296,11,90,0.0562
S_297,12,53,0.0341
S_298,14,73,0.0108
S_299,15,82,0.0603
S_300,19,61,0.0487
S_301,12,57,0.0563
S_302,17,77,0.0923
S_303,14,66,0.0392
S_304,14,77,0.0428
S_305,17,73,0.065
S_306,11,86,0.0231
S_307,16,77,0.0635
S_308,15,62,0.0285
S_309,16,81,0.1437
S_310,15,53,0.0187
S_311,21,29,0.1042
S_312,13,0,0.0548
S_313,13,67,0.0328
S_314,13,70,0.0343
S_315,13,116,0.0129
S_316,13,43,0.0675
S_317,18,47,0.0461
S_318,19,24,0.0979
S_319,13,8,0.1242
S_320,12,92,0.0097
S_321,16,29,0.0316
S_322,13,73,0.1048
S_323,16,82,0.0462
S_324,15,56,0.0556
S_325,10,105,0.0424
S_326,19,53,0.0122
S_327,20,34,0.075
S_328,13,107,0.0419
S_329,13,103,0.0871
S_330,15,19,0.0479
S_331,16,3,0.049
S_332,16,10,0.0788
S_333,21,34,0.0141
S_334,14,116,0.0579
S_335,12,67,0.0284
S_336,10,44,0.0572
S_337,12,106,0.0385
S_338,14,54,0.0632
S_339,20,37,0.0277
S_340,13,112,0.0455
S_341,15,101,0.0205
S_342,14,101,0.0545
S_343,18,61,0.0127
S_344,21,94,0.1214
S_345,13,21,0.0719
S_346,13,68,0.0708
S_347,18,118,0.0405
S_348,17,34,0.1356
S_349,20,95,0.1145
S_350,16,58,0.0397
S_351,13,4,0.0607
S_352,16,91,0.0098
S_353,18,20,0.0518
S_354,17,75,0.048
S_355,16,10,0.0146
S_356,18,113,0.0596
S_357,18,35,0.0436
S_358,19,27,0.0203
S_359,16,15,0.0311
S_360,14,113,0.0546
S_361,15,85,0.0361
S_362,18,88,0.0496
S_363,12,59,0.0302
S_364,16,56,0.044
S_365,13,13,0.0508
S_366,15,67,0.0219
S_367,18,29,0.0759
S_368,15,117,0.0251
S_369,15,95,0.0557
S_370,10,49,0.1169
S_371,17,18,0.0293
S_372,16,94,0.0522
S_373,21,14,0.0886
S_374,14,22,0.0633
S_375,15,25,0.0439
S_376,15,66,0.0184
S_377,19,94,0.0774
S_378,14,37,0.0568
S_379,15,10,0.0304
S_380,16,55,0.0586
S_381,15,89,0.0955
S_382,13,26,0.0736
S_383,15,26,0.0721
S_384,18,113,0.0344
S_385,11,114,0.0773
S_386,15,118,0.0113
S_387,12,96,0.078
S_388,18,22,0.0304
S_389,10,25,0.0534
S_390,13,40,0.0214
S_391,16,38,0.0026
S_392,19,114,0.0813
S_393,14,94,0.0289
S_394,13,86,0.1164
S_395,20,22,0.0655
S_396,10,109,0.0599
S_397,8,99,0.0958
S_398,16,19,0.0698
S_399,13,104,0.0454
S_400,11,32,0.0199
S_401,17,9,0.0175
S_402,15,78,0.0164
S_403,13,78,0.0728
S_404,11,11,0.1245
S_405,17,38,0.0316
S_406,16,119,0.0782
S_407,14,81,0.027
S_408,20,87,0.0422
S_409,11,25,0.0261
S_410,10,9,0.0362
S_411,12,33,0.091
S_412,14,29,0.0101
S_413,15,28,0.0598
S_414,14,23,0.0207
S_415,16,68,0.0428
S_416,11,39,0.0727
S_417,19,98,0.0707
S_418,14,22,0.0189
S_419,18,55,0.013
S_420,16,1,0.0029
S_421,16,57,0.0134
S_422,16,6,0.0854
S_423,16,117,0.0616
S_424,16,94,0.0555
S_425,18,58,0.0059
S_426,15,10,0.0409
S_427,17,71,0.0105
S_428,14,91,0.0305
S_429,19,22,0.0647
S_430,12,68,0.1054
S_431,20,97,0.0794
S_432,14,92,0.1701
S_433,10,96,0.046
S_434,15,105,0.0306
S_435,12,112,0.0529
S_436,17,48,0.0318
S_437,13,68,0.0431
S_438,13,94,0.0209
S_439,9,83,0.0403
S_440,13,119,0.0372
S_441,7,1,0.0595
S_442,10,42,0.0602
S_443,17,33,0.0535
S_444,17,31,0.02
S_445,16,26,0.0252
S_446,12,85,0.0432
S_447,14,10,0.0519
S_448,14,88,0.0114
S_449,11,83,0.0257
S_450,19,30,0.0312
S_451,17,30,0.0158
S_452,14,75,0.1424
S_453,15,91,0.0153
S_454,15,105,0.1437
S_455,8,102,0.0253
S_456,14,115,0.0706
S_457,12,69,0.1151
S_458,11,109,0.0182
S_459,14,97,0.0301
S_460,20,107,0.0292
S_461,16,1,0.0671
S_462,13,115,0.0805
S_463,16,56,0.0369
S_464,19,95,0.0071
S_465,17,15,0.0197
S_466,15,47,0.012
S_467,13,32,0.0342
S_468,17,34,0.0611
S_469,16,14,0.1059
S_470,17,96,0.0379
S_471,16,1,0.0198
S_472,18,37,0.1097
S_473,13,20,0.0924
S_474,18,70,0.0238
S_475,15,30,0.0231
S_476,21,31,0.0317
S_477,12,58,0.0122
S_478,20,78,0.0334
S_479,15,14,0.0096
S_480,13,21,0.0431
S_481,13,29,0.0375
S_482,14,116,0.1153
S_483,16,47,0.0398
S_484,16,71,0.0325
S_485,13,28,0.032
S_486,14,58,0.1217
S_487,21,8,0.0161
S_488,20,4,0.0057
S_489,16,56,0.0888
S_490,15,47,0.0371
S_491,15,16,0.0234
S_492,16,82,0.0233
S_493,11,119,0.0461
S_494,14,47,0.0827
S_495,9,74,0.0514
S_496,16,115,0.0645
S_497,16,99,0.0807
S_498,13,55,0.0167
S_499,19,88,0.0046
S_500,11,15,0.0507
S_501,10,61,0.0289
S_502,15,33,0.1022
S_503,18,19,0.0108
S_504,20,51,0.0448
S_505,13,15,0.0275
S_506,18,83,0.0428
S_507,14,54,0.0795
S_508,14,63,0.061
S_509,17,17,0.0339
S_510,16,16,0.0139
S_511,10,70,0.0399
S_512,19,118,0.0793
S_513,19,11,0.0362
S_514,13,34,0.0068
S_515,16,104,0.0282
S_516,16,8,0.0582
S_517,15,105,0.1247
S_518,13,62,0.1177
S_519,12,48,0.0601
S_520,14,37,0.0306
S_521,18,35,0.0295
S_522,16,36,0.0291
S_523,13,106,0.0475
S_524,17,86,0.0299
S_525,6,80,0.0064
S_526,18,95,0.0587
S_527,9,30,0.0248
S_528,13,74,0.0743
S_529,11,55,0.0662
S_530,11,93,0.0981
S_531,18,37,0.1041
S_532,13,77,0.0134
S_533,16,105,0.0146
S_534,14,48,0.106
S_535,16,7,0.0786
S_536,15,61,0.0152
S_537,11,41,0.1048
S_538,17,80,0.0117
S_539,13,114,0.0205
S_540,10,58,0.0443
S_541,13,55,0.0606
S_542,19,78,0.0225
S_543,17,12,0.0586
S_544,13,30,0.0065
S_545,13,110,0.1655
S_546,14,80,0.0207
S_547,21,1,0.0442
S_548,16,24,0.0713
S_549,16,81,0.0458
S_550,18,91,0.01
S_551,15,100,0.0049
S_552,14,35,0.0271
S_553,14,111,0.0517
S_554,14,66,0.0455
S_555,14,83,0.0718
S_556,17,71,0.0577
S_557,15,14,0.0119
S_558,17,115,0.0427
S_559,14,14,0.0404
S_560,15,30,0.0147
S_561,9,97,0.0687
S_562,17,74,0.0393
S_563,16,100,0.0127
S_564,17,61,0.1378
S_565,6,45,0.0423
S_566,21,110,0.0491
S_567,14,4,0.0412
S_568,18,102,0.0162
S_569,11,27,0.0149
S_570,16,101,0.0046
S_571,11,16,0.0537
S_572,13,69,0.0267
S_573,20,106,0.0168
S_574,14,56,0.0054
S_575,15,89,0.0179
S_576,17,96,0.0314
S_577,16,88,0.0295
S_578,15,111,0.0603
S_579,16,53,0.0181
S_580,21,20,0.0228
S_581,14,5,0.0841
S_582,15,29,0.0208
S_583,18,17,0.1039
S_584,18,66,0.0317
S_585,18,22,0.0399
S_586,16,4,0.0835
S_587,11,4,0.046
S_588,19,99,0.0071
S_589,11,70,0.0425
S_590,15,42,0.0447
S_591,12,107,0.0079
S_592,14,8,0.011
S_593,15,117,0.1188
S_594,15,73,0.0357
S_595,16,22,0.0171
S_596,19,81,0.026
S_597,16,91,0.0501
S_598,14,51,0.0524
S_599,17,103,0.0182
S_600,18,18,0.0527
S_601,11,33,0.0548
S_602,16,11,0.0441
S_603,17,25,0.039
S_604,14,28,0.0375
S_605,19,110,0.0359
S_606,14,9,0.037
S_607,15,51,0.0565
S_608,14,63,0.0275
S_609,15,107,0.021
S_610,11,119,0.0826
S_611,10,90,0.0652
S_612,19,116,0.0547
S_613,12,94,0.1445
S_614,12,115,0.0331
S_615,8,84,0.0321
S_616,13,9,0.0058
S_617,11,48,0.0289
S_618,19,77,0.0487
S_619,18,42,0.1335
S_620,12,32,0.0517
S_621,21,69,0.0217
S_622,17,112,0.0533
S_623,14,4,0.1318
S_624,7,92,0.079
S_625,21,86,0.0886
S_626,10,115,0.0486
S_627,10,111,0.1077
S_628,18,91,0.0099
S_629,21,62,0.13
S_630,19,24,0.0213
S_631,16,65,0.0638
S_632,16,91,0.0348
S_633,17,107,0.0739
S_634,17,94,0.065
S_635,15,23,0.0849
S_636,15,71,0.0103
S_637,14,39,0.0188
S_638,12,1,0.0382
S_639,14,24,0.0199
S_640,9,13,0.0781
S_641,14,101,0.0129
S_642,12,31,0.0085
S_643,11,34,0.0366
S_644,15,115,0.0938
S_645,19,45,0.0182
S_646,17,1,0.0076
S_647,10,34,0.0601
S_648,12,14,0.0989
S_649,17,12,0.1198
S_650,12,9,0.0184
S_651,14,71,0.0735
S_652,16,22,0.0138
S_653,12,43,0.0939
S_654,15,103,0.0243
S_655,10,50,0.0417
S_656,13,109,0.0565
S_657,15,59,0.0428
S_658,10,47,0.0217
S_659,16,90,0.1646
S_660,14,8,0.0159
S_661,16,10,0.1075
S_662,15,78,0.0648
S_663,19,58,0.0281
S_664,15,94,0.012
S_665,13,109,0.0248
S_666,15,46,0.0155
S_667,16,71,0.0275
S_668,15,60,0.0064
S_669,15,117,0.0118
S_670,12,99,0.0355
S_671,13,109,0.1009
S_672,10,30,0.0289
S_673,20,92,0.0296
S_674,11,31,0.0108
S_675,12,25,0.0459
S_676,12,113,0.035
S_677,17,2,0.0623
S_678,14,115,0.06
S_679,18,17,0.0216
S_680,12,98,0.0748
S_681,15,33,0.03
S_682,12,42,0.0965
S_683,21,26,0.0165
S_684,11,70,0.0509
S_685,15,41,0.0076
S_686,16,78,0.0313
S_687,16,1,0.0516
S_688,14,7,0.0314
S_689,14,11,0.0879
S_690,15,50,0.0557
S_691,14,97,0.0576
S_692,17,106,0.0297
S_693,21,29,0.047
S_694,13,68,0.0295
S_695,10,92,0.0258
S_696,14,34,0.0624
S_697,21,49,0.0474
S_698,12,62,0.0148
S_699,19,16,0.0607
S_700,20,3,0.0325
S_701,13,18,0.1232
S_702,16,75,0.099
S_703,19,8,0.0556
S_704,13,22,0.1095
S_705,14,40,0.0103
S_706,13,9,0.0274
S_707,11,23,0.0481
S_708,13,109,0.0754
S_709,11,2,0.0711
S_710,15,78,0.063
S_711,12,46,0.0707
S_712,15,80,0.0733
S_713,10,70,0.0347
S_714,15,26,0.0812
S_715,17,101,0.0353
S_716,9,59,0.0924
S_717,16,98,0.0486
S_718,18,48,0.0764
S_719,11,118,0.0345
S_720,20,92,0.0289
S_721,16,115,0.0035
S_722,12,61,0.024
S_723,14,56,0.0184
S_724,16,90,0.0317
S_725,15,105,0.0591
S_726,16,115,0.0806
S_727,12,38,0.075
S_728,15,95,0.0447
S_729,10,25,0.0164
S_730,14,65,0.0658
S_731,12,21,0.0381
S_732,12,41,0.03
S_733,18,111,0.0796
S_734,18,17,0.0136
S_735,16,75,0.0429
S_736,11,71,0.0169
S_737,14,14,0.0212
S_738,18,39,0.0176
S_739,15,67,0.0363
S_740,21,22,0.1292
S_741,16,96,0.0732
S_742,15,116,0.0145
S_743,14,25,0.0338
S_744,15,22,0.0335
S_745,14,54,0.0034
S_746,17,89,0.1167
S_747,17,33,0.1076
S_748,12,2,0.0259
S_749,11,64,0.0697
S_750,9,114,0.0517
S_751,16,46,0.0422
S_752,11,50,0.1859
S_753,8,116,0.0517
S_754,16,83,0.0199
S_755,21,86,0.0244
S_756,14,67,0.0359
S_757,17,116,0.0603
S_758,15,82,0.0161
S_759,14,107,0.0605
S_760,17,83,0.0492
S_761,14,88,0.0052
S_762,15,34,0.0124
S_763,15,36,0.0159
S_764,12,93,0.0298
S_765,17,35,0.0276
S_766,14,67,0.0179
S_767,12,29,0.0842
S_768,16,98,0.0949
S_769,12,13,0.0491
S_770,15,99,0.0446
S_771,14,72,0.0446
S_772,18,22,0.1205
S_773,16,65,0.0228
S_774,14,33,0.1151
S_775,17,38,0.0379
S_776,19,42,0.0199
S_777,16,7,0.0263
S_778,15,118,0.0113
S_779,11,3,0.0083
S_780,11,79,0.039
S_781,14,44,0.0475
S_782,13,77,0.0786
S_783,14,42,0.0206
S_784,15,80,0.0328
S_785,16,87,0.0396
S_786,14,82,0.0687
S_787,16,13,0.0265
S_788,15,78,0.0374
S_789,9,33,0.0395
S_790,12,3,0.0425
S_791,14,49,0.0688
S_792,11,52,0.0271
S_793,16,56,0.0119
S_794,19,84,0.062
S_795,18,37,0.0318
S_796,14,37,0.0315
S_797,19,7,0.0457
S_798,15,82,0.0564
S_799,13,68,0.0175
S_800,13,41,0.0361
S_801,14,84,0.0599
S_802,13,64,0.0612
S_803,15,56,0.0194
S_804,15,61,0.053
S_805,15,76,0.0214
S_806,16,79,0.0217
S_807,18,34,0.0393
S_808,17,16,0.0207
S_809,10,18,0.0705
S_810,7,76,0.0535
S_811,17,104,0.0392
S_812,10,49,0.0101
S_813,14,20,0.0392
S_814,11,90,0.0112
S_815,9,99,0.0872
S_816,16,105,0.041
S_817,17,72,0.0446
S_818,13,103,0.0071
S_819,7,1,0.0489
S_820,13,12,0.0629
S_821,16,11,0.0173
S_822,10,85,0.088
S_823,15,8,0.0248
S_824,14,59,0.0466
S_825,16,56,0.08
S_826,15,37,0.034
S_827,12,104,0.0089
S_828,18,20,0.0652
S_829,14,42,0.059
S_830,14,92,0.1064
S_831,12,3,0.0343
S_832,13,80,0.0631
S_833,12,97,0.0782
S_834,14,111,0.0144
S_835,20,105,0.0361
S_836,10,38,0.0166
S_837,10,70,0.104
S_838,19,9,0.061
S_839,14,30,0.0507
S_840,12,11,0.0792
S_841,18,37,0.005
S_842,13,105,0.1314
S_843,20,41,0.0327
S_844,17,67,0.0999
S_845,13,52,0.1057
S_846,21,55,0.0107
S_847,13,116,0.054
S_848,17,35,0.0287
S_849,15,75,0.0437
S_850,18,50,0.024
S_851,19,7,0.0084
S_852,15,58,0.0605
S_853,12,97,0.1075
S_854,16,11,0.0403
S_855,12,8,0.006
S_856,21,18,0.0513
S_857,15,91,0.0931
S_858,13,86,0.0786
S_859,15,67,0.0323
S_860,10,56,0.0229
S_861,12,106,0.0544
S_862,18,92,0.0914
S_863,13,97,0.0934
S_864,11,97,0.0591
S_865,16,77,0.0457
S_866,18,54,0.0152
S_867,17,103,0.014
S_868,17,111,0.05
S_869,12,2,0.0292
S_870,10,6,0.1038
S_871,19,115,0.0735
S_872,14,33,0.0184
S_873,14,104,0.0713
S_874,18,46,0.0667
S_875,16,14,0.052
S_876,16,9,0.0674
S_877,21,18,0.0853
S_878,13,29,0.0412
S_879,17,58,0.0507
S_880,15,84,0.0638
S_881,15,118,0.085
S_882,19,52,0.0251
S_883,16,62,0.0248
S_884,16,62,0.0129
S_885,18,64,0.0082
S_886,13,62,0.0269
S_887,12,1,0.0367
S_888,11,0,0.0574
S_889,9,11,0.02
S_890,21,12,0.0345
S_891,11,84,0.0641
S_892,14,24,0.0528
S_893,14,107,0.0364
S_894,15,111,0.0075
S_895,17,117,0.0368
S_896,17,112,0.064
S_897,13,32,0.0823
S_898,14,61,0.0986
S_899,15,21,0.06
S_900,14,96,0.0677
S_901,19,106,0.0137
S_902,16,102,0.1095
S_903,17,52,0.0921
S_904,16,91,0.0824
S_905,18,11,0.0499
S_906,15,4,0.0296
S_907,11,90,0.0179
S_908,16,51,0.0123
S_909,13,119,0.0442
S_910,13,11,0.0421
S_911,16,102,0.0773
S_912,18,57,0.0989
S_913,15,99,0.0727
S_914,15,98,0.0339
S_915,20,109,0.0695
S_916,15,35,0.0956
S_917,21,113,0.0165
S_918,16,18,0.0259
S_919,9,9,0.134
S_920,17,51,0.0794
S_921,16,99,0.1468
S_922,18,56,0.0273
S_923,17,99,0.0158
S_924,14,87,0.0313
S_925,11,25,0.1038
S_926,14,113,0.0999
S_927,12,7,0.0365
S_928,13,107,0.0835
S_929,16,36,0.1155
S_930,20,60,0.0666
S_931,16,50,0.0201
S_932,11,20,0.0784
S_933,16,42,0.0059
S_934,18,23,0.0363
S_935,13,24,0.0475
S_936,14,22,0.0183
S_937,15,58,0.0279
S_938,12,95,0.0218
S_939,16,68,0.0159
S_940,14,107,0.0954
S_941,16,76,0.0819
S_942,12,82,0.0284
S_943,13,80,0.063
S_944,17,53,0.0405
S_945,13,82,0.0313
S_946,20,8,0.0292
S_947,13,103,0.0264
S_948,15,93,0.0066
S_949,17,29,0.0443
S_950,10,92,0.0582
S_951,9,1,0.0295
S_952,10,26,0.0287
S_953,18,7,0.0361
S_954,13,93,0.1413
S_955,21,90,0.0291
S_956,13,97,0.0571
S_957,15,0,0.0171
S_958,19,60,0.0434
S_959,21,84,0.0523
S_960,21,18,0.04
S_961,18,77,0.0121
S_962,18,10,0.0599
S_963,16,21,0.0366
S_964,17,57,0.0023
S_965,13,78,0.0201
S_966,12,17,0.0969
S_967,14,22,0.0326
S_968,14,24,0.0715
S_969,13,28,0.0532
S_970,17,27,0.0303
S_971,17,47,0.0205
S_972,15,78,0.1115
S_973,19,52,0.12
S_974,11,93,0.0719
S_975,14,86,0.0495
S_976,12,15,0.0197
S_977,9,5,0.0381
S_978,14,105,0.0504
S_979,14,9,0.0207
S_980,19,17,0.1129
S_981,16,2,0.0707
S_982,11,75,0.0775
S_983,20,69,0.0569
S_984,18,118,0.059
S_985,16,106,0.0306
S_986,14,49,0.0715
S_987,12,44,0.0311
S_988,13,35,0.0599
S_989,18,18,0.0224
S_990,20,16,0.0489
S_991,19,15,0.0401
S_992,13,13,0.0133
S_993,11,28,0.1179
S_994,15,36,0.0341
S_995,9,115,0.0512
S_996,15,69,0.1085
S_997,14,118,0.1126
S_998,13,44,0.0757
S_999,10,54,0.017
S_1000,16,38,0.0333
S_1001,13,21,0.0299
S_1002,11,17,0.0839
S_1003,6,113,0.125
S_1004,14,118,0.0747
S_1005,20,5,0.0048
S_1006,19,18,0.0999
S_1007,13,50,0.04
S_1008,13,22,0.0363
S_1009,16,43,0.0452
S_1010,12,15,0.0482
S_1011,15,54,0.0902
S_1012,17,32,0.1029
S_1013,18,42,0.0105
S_1014,14,11,0.0399
S_1015,14,51,0.0146
S_1016,12,117,0.0854
S_1017,12,39,0.0799
S_1018,14,105,0.0199
S_1019,16,101,0.0567
S_1020,17,114,0.1177
S_1021,12,94,0.0788
S_1022,19,79,0.0266
S_1023,14,102,0.0341
S_1024,14,9,0.0756
S_1025,12,55,0.1235
S_1026,7,118,0.0223
S_1027,17,92,0.0489
S_1028,17,115,0.0157
S_1029,14,93,0.056
S_1030,15,104,0.0095
S_1031,16,84,0.051
S_1032,10,91,0.0728
S_1033,13,62,0.0372
S_1034,17,110,0.0795
S_1035,11,99,0.0723
S_1036,15,101,0.0515
S_1037,10,80,0.0574
S_1038,16,36,0.0049
S_1039,14,4,0.1146
S_1040,10,112,0.0061
S_1041,18,70,0.0258
S_1042,12,35,0.004
S_1043,12,17,0.0728
S_1044,15,99,0.0151
S_1045,18,100,0.0513
S_1046,11,97,0.047
S_1047,15,77,0.0108
S_1048,16,43,0.0432
S_1049,17,36,0.0291
S_1050,15,1,0.0392
S_1051,13,100,0.016
S_1052,12,10,0.0292
S_1053,15,75,0.0214
S_1054,11,60,0.0581
S_1055,6,63,0.0222
S_1056,16,111,0.0828
S_1057,17,3,0.0776
S_1058,7,92,0.038
S_1059,11,6,0.1604
S_1060,16,4,0.0058
S_1061,21,51,0.0833
S_1062,15,7,0.0771
S_1063,12,94,0.025
S_1064,14,63,0.0468
S_1065,19,3,0.0429
S_1066,13,4,0.0101
S_1067,12,73,0.102
S_1068,13,96,0.0618
S_1069,12,52,0.0377
S_1070,15,66,0.0211
S_1071,19,95,0.0142
S_1072,15,73,0.0178
S_1073,14,26,0.0542
S_1074,14,73,0.0508
S_1075,10,75,0.0406
S_1076,17,88,0.0819
S_1077,14,74,0.0691
S_1078,14,116,0.0613
S_1079,21,23,0.1918
S_1080,15,114,0.0384
S_1081,12,64,0.0672
S_1082,13,80,0.0856
S_1083,18,11,0.0565
S_1084,15,45,0.0236
S_1085,10,92,0.0247
S_1086,17,84,0.0398
S_1087,12,4,0.0372
S_1088,20,65,0.0995
S_1089,18,10,0.0264
S_1090,13,119,0.0214
S_1091,18,107,0.0118
S_1092,15,2,0.129
S_1093,17,103,0.0461
S_1094,16,110,0.0112
S_1095,12,42,0.0444
S_1096,13,86,0.0274
S_1097,18,53,0.0962
S_1098,13,78,0.0001
S_1099,13,40,0.0206
S_1100,12,38,0.0162
S_1101,16,50,0.0404
S_1102,21,17,0.0474
S_1103,11,99,0.0694
S_1104,15,41,0.0651
S_1105,19,48,0.0325
S_1106,14,107,0.0086
S_1107,16,59,0.0209
S_1108,11,65,0.0276
S_1109,16,114,0.0068
S_1110,14,106,0.0086
S_1111,17,20,0.0036
S_1112,18,56,0.0079
S_1113,21,116,0.022
S_1114,16,44,0.0342
S_1115,15,44,0.0088
S_1116,15,23,0.0777
S_1117,13,13,0.0498
S_1118,16,88,0.0713
S_1119,14,92,0.0842
S_1120,15,116,0.0391
S_1121,18,92,0.0547
S_1122,11,29,0.0415
S_1123,18,4,0.0516
S_1124,18,118,0.0222
S_1125,14,40,0.0129
S_1126,8,37,0.0462
S_1127,13,108,0.0183
S_1128,18,70,0.0547
S_1129,14,25,0.0507
S_1130,12,106,0.0428
S_1131,13,119,0.0217
S_1132,17,10,0.0072
S_1133,16,103,0.0915
S_1134,14,46,0.0529
S_1135,13,62,0.0451
S_1136,13,109,0.0294
S_1137,12,116,0.0523
S_1138,19,31,0.0821
S_1139,14,25,0.1268
S_1140,18,9,0.0889
S_1141,19,67,0.0416
S_1142,17,1,0.0168
S_1143,13,49,0.0723
S_1144,16,8,0.0219
S_1145,14,48,0.0366
S_1146,12,4,0.1168
S_1147,15,100,0.1955
S_1148,11,25,0.0713
S_1149,18,39,0.0275
S_1150,13,104,0.0337
S_1151,15,89,0.0496
S_1152,15,26,0.0179
S_1153,14,8,0.0493
S_1154,16,85,0.0333
S_1155,13,46,0.0333
S_1156,17,91,0.0785
S_1157,10,53,0.0956
S_1158,15,41,0.1312
S_1159,20,54,0.0338
S_1160,11,89,0.0572
S_1161,12,108,0.1112
S_1162,16,5,0.0353
S_1163,15,62,0.0691
S_1164,16,3,0.0266
S_1165,16,56,0.0541
S_1166,16,106,0.045
S_1167,18,43,0.0897
S_1168,16,111,0.0628
S_1169,14,75,0.0856
S_1170,17,112,0.07
S_1171,20,90,0.0379
S_1172,14,12,0.0184
S_1173,12,27,0.0099
S_1174,18,47,0.0811
S_1175,14,20,0.0993
S_1176,8,59,0.0232
S_1177,17,56,0.1039
S_1178,13,114,0.034
S_1179,14,52,0.0744
S_1180,15,94,0.0666
S_1181,15,113,0.0095
S_1182,17,105,0.0561
S_1183,13,25,0.0225
S_1184,16,59,0.0164
S_1185,14,41,0.0526
S_1186,17,47,0.0153
S_1187,16,43,0.0409
S_1188,12,99,0.0567
S_1189,18,54,0.0713
S_1190,13,62,0.0234
S_1191,17,117,0.0392
S_1192,16,7,0.0896
S_1193,20,58,0.0232
S_1194,14,92,0.0632
S_1195,13,18,0.0531
S_1196,14,73,0.0535
S_1197,14,28,0.0723
S_1198,17,104,0.0724
S_1199,10,39,0.0698
S_1200,11,39,0.0206
S_1201,11,71,0.0307
S_1202,17,22,0.0274
S_1203,20,34,0.0646
S_1204,14,49,0.0325
S_1205,14,42,0.0055
S_1206,15,62,0.096
S_1207,18,71,0.0101
S_1208,12,68,0.0239
S_1209,15,78,0.0646
S_1210,17,36,0.0452
S_1211,16,15,0.054
S_1212,15,91,0.133
S_1213,18,102,0.0329
S_1214,6,30,0.1167
S_1215,17,48,0.0459
S_1216,13,59,0.0765
S_1217,9,63,0.0099
S_1218,16,79,0.0282
S_1219,19,4,0.0856
S_1220,14,86,0.0221
S_1221,17,7,0.1663
S_1222,19,56,0.0648
S_1223,18,99,0.0416
S_1224,19,54,0.0453
S_1225,17,17,0.0135
S_1226,15,118,0.0531
S_1227,10,106,0.006
S_1228,14,92,0.0993
S_1229,12,49,0.0253
S_1230,21,22,0.0683
S_1231,14,112,0.098
S_1232,15,63,0.0501
S_1233,16,102,0.0812
S_1234,15,41,0.0528
S_1235,20,40,0.0228
S_1236,13,118,0.0598
S_1237,15,62,0.0585
S_1238,12,16,0.0686
S_1239,11,26,0.0182
S_1240,13,57,0.1436
S_1241,14,5,0.0447
S_1242,13,55,0.059
S_1243,12,50,0.0187
S_1244,10,93,0.0169
S_1245,14,42,0.0274
S_1246,10,117,0.1491
S_1247,17,21,0.0111
S_1248,15,70,0.0551
S_1249,10,10,0.0385
S_1250,14,88,0.03
S_1251,12,119,0.0666
S_1252,15,98,0.0293
S_1253,19,66,0.0151
S_1254,9,58,0.0515
S_1255,15,100,0.0868
S_1256,14,112,0.0384
S_1257,17,118,0.0446
S_1258,15,47,0.0984
S_1259,12,118,0.0336
S_1260,14,18,0.0426
S_1261,12,30,0.0698
S_1262,18,10,0.0387
S_1263,15,32,0.0583
S_1264,20,92,0.0366
S_1265,14,102,0.0232
S_1266,12,93,0.0329
S_1267,10,75,0.0177
S_1268,9,61,0.0656
S_1269,10,85,0.0499
S_1270,15,46,0.1326
S_1271,16,100,0.0327
S_1272,10,81,0.1389
S_1273,17,83,0.1104
S_1274,13,64,0.0577
S_1275,15,106,0.0544
S_1276,19,30,0.0432
S_1277,17,45,0.0394
S_1278,14,93,0.0364
S_1279,12,59,0.013
S_1280,8,106,0.0156
S_1281,12,41,0.1431
S_1282,14,44,0.0107
S_1283,12,106,0.0211
S_1284,14,55,0.097
S_1285,15,61,0.0337
S_1286,14,39,0.0975
S_1287,13,33,0.0625
S_1288,15,78,0.0274
S_1289,16,14,0.0345
S_1290,11,105,0.0084
S_1291,19,93,0.0516
S_1292,14,22,0.06
S_1293,15,83,0.002
S_1294,17,72,0.0144
S_1295,15,22,0.0082
S_1296,17,32,0.073
S_1297,15,49,0.08
S_1298,13,83,0.0218
S_1299,16,76,0.001
S_1300,11,63,0.0579
S_1301,15,92,0.0738
S_1302,14,90,0.0681
S_1303,14,74,0.0521
S_1304,14,94,0.0451
S_1305,9,40,0.0182
S_1306,13,105,0.0563
S_1307,15,73,0.0816
S_1308,15,98,0.1433
S_1309,11,65,0.0351
S_1310,18,26,0.0454
S_1311,12,65,0.007
S_1312,17,44,0.0377
S_1313,16,83,0.0113
S_1314,13,57,0.0346
S_1315,20,100,0.0694
S_1316,11,81,0.0563
S_1317,17,82,0.0755
S_1318,18,26,0.064
S_1319,12,118,0.0832
S_1320,19,101,0.0433
S_1321,14,94,0.0319
S_1322,15,39,0.0113
S_1323,15,64,0.0805
S_1324,14,16,0.0222
S_1325,17,64,0.0691
S_1326,17,17,0.0884
S_1327,9,66,0.0232
S_1328,18,77,0.0483
S_1329,10,46,0.106
S_1330,18,59,0.0074
S_1331,18,105,0.0317
S_1332,11,13,0.0237
S_1333,13,95,0.0436
S_1334,11,20,0.052
S_1335,14,4,0.0627
S_1336,14,22,0.0051
S_1337,17,91,0.0669
S_1338,18,48,0.0083
S_1339,19,104,0.1326
S_1340,13,62,0.1225
S_1341,14,2,0.0364
S_1342,9,86,0.0143
S_1343,12,13,0.0367
S_1344,17,94,0.0139
S_1345,19,20,0.0561
S_1346,11,41,0.051
S_1347,13,91,0.0727
S_1348,14,114,0.0154
S_1349,15,44,0.0345
S_1350,12,99,0.032
S_1351,16,22,0.0315
S_1352,13,96,0.0555
S_1353,14,78,0.0794
S_1354,16,23,0.0665
S_1355,15,36,0.0663
S_1356,13,15,0.0795
S_1357,14,45,0.0336
S_1358,14,24,0.133
S_1359,13,77,0.0692
S_1360,14,119,0.0097
S_1361,19,1,0.0979
S_1362,16,64,0.0131
S_1363,14,68,0.0139
S_1364,17,109,0.1127
S_1365,13,60,0.0421
S_1366,18,65,0.019
S_1367,16,56,0.0198
S_1368,14,32,0.0833
S_1369,16,6,0.0247
S_1370,10,49,0.0265
S_1371,11,6,0.1475
S_1372,11,66,0.0711
S_1373,15,36,0.0154
S_1374,20,64,0.0906
S_1375,21,16,0.0523
S_1376,16,111,0.1024
S_1377,16,107,0.0464
S_1378,9,22,0.0604
S_1379,13,41,0.0917
S_1380,12,73,0.0896
S_1381,13,11,0.067
S_1382,14,42,0.0269
S_1383,13,30,0.0494
S_1384,9,109,0.0595
S_1385,17,102,0.0208
S_1386,11,69,0.0323
S_1387,15,62,0.0751
S_1388,21,111,0.0546
S_1389,12,111,0.035
S_1390,7,116,0.0219
S_1391,14,15,0.1214
S_1392,18,19,0.0785
S_1393,20,81,0.0253
S_1394,11,64,0.1507
S_1395,16,2,0.0785
S_1396,13,7,0.0235
S_1397,14,106,0.0404
S_1398,21,104,0.0256
S_1399,10,42,0.049
S_1400,15,106,0.0212
S_1401,16,71,0.0465
S_1402,18,96,0.0746
S_1403,15,51,0.0161
S_1404,15,13,0.0424
S_1405,13,52,0.0362
S_1406,15,54,0.0483
S_1407,13,66,0.0211
S_1408,16,12,0.0608
S_1409,13,118,0.0989
S_1410,16,29,0.0546
S_1411,14,23,0.0403
S_1412,18,63,0.0263
S_1413,14,64,0.0292
S_1414,9,52,0.037
S_1415,18,92,0.0335
S_1416,12,61,0.0805
S_1417,13,73,0.0125
S_1418,13,86,0.1159
S_1419,19,3,0.0136
S_1420,8,68,0.0213
S_1421,21,106,0.0067
S_1422,18,2,0.058
S_1423,15,48,0.0131
S_1424,14,111,0.0511
S_1425,15,42,0.0072
S_1426,16,55,0.0238
S_1427,16,117,0.0168
S_1428,16,23,0.0371
S_1429,15,7,0.0162
S_1430,14,103,0.0262
S_1431,14,104,0.0438
S_1432,14,56,0.0219
S_1433,18,61,0.0555
S_1434,16,100,0.0494
S_1435,6,88,0.0485
S_1436,16,31,0.0397
S_1437,15,2,0.0516
S_1438,14,57,0.0717
S_1439,13,103,0.0202
S_1440,18,107,0.0341
S_1441,17,114,0.0228
S_1442,12,105,0.0102
S_1443,16,69,0.0076
S_1444,12,53,0.0495
S_1445,10,92,0.0576
S_1446,13,88,0.0622
S_1447,17,64,0.0379
S_1448,17,10,0.0499
S_1449,16,111,0.0367
S_1450,17,54,0.093
S_1451,16,43,0.076
S_1452,13,75,0.0446
S_1453,16,80,0.0759
S_1454,17,25,0.0922
S_1455,17,100,0.018
S_1456,18,34,0.082
S_1457,17,22,0.052
S_1458,16,48,0.0219
S_1459,18,87,0.1094
S_1460,14,115,0.0113
S_1461,12,97,0.1033
S_1462,14,112,0.013
S_1463,12,16,0.0936
S_1464,12,8,0.0114
S_1465,14,66,0.1368
S_1466,12,34,0.0742
S_1467,14,99,0.0221
S_1468,9,80,0.021
S_1469,15,116,0.1109
S_1470,15,30,0.0705
S_1471,12,58,0.0557
S_1472,16,60,0.092
S_1473,17,28,0.0309
S_1474,10,70,0.0339
S_1475,12,53,0.0894
S_1476,12,53,0.008
S_1477,12,43,0.0252
S_1478,17,2,0.0506
S_1479,14,62,0.0605
S_1480,14,40,0.048
S_1481,8,0,0.0191
S_1482,16,36,0.0132
S_1483,11,33,0.0258
S_1484,15,47,0.0367
S_1485,15,15,0.0151
S_1486,19,60,0.049
S_1487,11,83,0.0278
S_1488,5,75,0.0353
S_1489,15,96,0.0372
S_1490,20,54,0.0285
S_1491,18,62,0.0371
S_1492,15,97,0.02
S_1493,13,51,0.0567
S_1494,17,84,0.0468
S_1495,12,52,0.0596
S_1496,16,50,0.0236
S_1497,16,91,0.0035
S_1498,18,20,0.0744
S_1499,21,40,0.0093
S_1500,16,26,0.0512
S_1501,13,43,0.071
S_1502,14,27,0.1195
S_1503,9,69,0.0334
S_1504,12,95,0.0736
S_1505,13,94,0.0238
S_1506,13,43,0.0267
S_1507,15,118,0.0229
S_1508,12,71,0.0354
S_1509,18,47,0.1317
S_1510,15,100,0.0451
S_1511,14,87,0.0573
S_1512,14,89,0.0732
S_1513,15,23,0.0396
S_1514,17,56,0.0744
S_1515,12,103,0.0465
S_1516,13,60,0.142
S_1517,14,82,0.0159
S_1518,10,70,0.0112
S_1519,12,101,0.0423
S_1520,13,34,0.0413
S_1521,17,69,0.0055
S_1522,15,14,0.0362
S_1523,15,82,0.0068
S_1524,17,87,0.0337
S_1525,14,5,0.0613
S_1526,16,81,0.0128
S_1527,14,49,0.0534
S_1528,15,14,0.0244
S_1529,13,50,0.0517
S_1530,7,23,0.0599
S_1531,14,49,0.0329
S_1532,19,46,0.0414
S_1533,17,88,0.0534
S_1534,17,92,0.0812
S_1535,18,72,0.006
S_1536,15,2,0.1248
S_1537,15,111,0.0574
S_1538,13,82,0.0204
S_1539,14,4,0.0189
S_1540,16,98,0.0217
S_1541,18,24,0.0606
S_1542,14,69,0.038
S_1543,13,55,0.0724
S_1544,15,50,0.0139
S_1545,16,106,0.0653
S_1546,10,52,0.0813
S_1547,8,9,0.0645
S_1548,13,113,0.0274
S_1549,11,110,0.0213
S_1550,13,82,0.0811
S_1551,14,56,0.0334
S_1552,13,11,0.044
S_1553,19,94,0.0319
S_1554,15,9,0.0743
S_1555,15,8,0.0886
S_1556,16,64,0.0146
S_1557,11,19,0.0798
S_1558,18,0,0.0076
S_1559,14,50,0.044
S_1560,17,16,0.0516
S_1561,11,19,0.0349
S_1562,10,9,0.0051
S_1563,17,24,0.1055
S_1564,16,85,0.0694
S_1565,12,97,0.0492
S_1566,12,54,0.0674
S_1567,18,60,0.0659
S_1568,11,3,0.0201
S_1569,19,8,0.0172
S_1570,12,30,0.0459
S_1571,16,65,0.1475
S_1572,14,88,0.0509
S_1573,16,72,0.0313
S_1574,13,47,0.0479
S_1575,14,14,0.0553
S_1576,15,93,0.0074
S_1577,11,43,0.0112
S_1578,17,88,0.0675
S_1579,13,61,0.0838
S_1580,14,88,0.0418
S_1581,12,108,0.0368
S_1582,7,110,0.0122
S_1583,14,64,0.0278
S_1584,21,61,0.0642
S_1585,17,31,0.0412
S_1586,14,112,0.0756
S_1587,14,54,0.0655
S_1588,15,15,0.0566
S_1589,16,51,0.0221
S_1590,11,15,0.046
S_1591,18,60,0.0401
S_1592,17,67,0.0313
S_1593,17,40,0.033
S_1594,16,8,0.0347
S_1595,15,113,0.0979
S_1596,17,92,0.0402
S_1597,16,100,0.2051
S_1598,13,44,0.0798
S_1599,13,91,0.0206
S_1600,15,58,0.0248
S_1601,19,24,0.1174
S_1602,11,14,0.0102
S_1603,10,41,0.0248
S_1604,15,16,0.028
S_1605,15,119,0.0504
S_1606,15,5,0.0582
S_1607,15,52,0.0216
S_1608,14,54,0.0329
S_1609,19,36,0.0548
S_1610,10,68,0.0588
S_1611,12,17,0.0737
S_1612,14,94,0.0104
S_1613,10,39,0.0757
S_1614,14,70,0.0299
S_1615,19,85,0.0626
S_1616,15,106,0.0173
S_1617,15,100,0.0669
S_1618,11,72,0.014
S_1619,13,46,0.0602
S_1620,13,60,0.0674
S_1621,14,92,0.0307
S_1622,18,105,0.1372
S_1623,16,12,0.0789
S_1624,11,46,0.0258
S_1625,15,93,0.0481
S_1626,16,51,0.0286
S_1627,18,39,0.0491
S_1628,19,49,0.0512
S_1629,11,72,0.0241
S_1630,12,119,0.0132
S_1631,11,59,0.0055
S_1632,14,25,0.0792
S_1633,16,19,0.0595
S_1634,17,5,0.0388
S_1635,14,67,0.0393
S_1636,14,65,0.0229
S_1637,15,24,0.0111
S_1638,12,83,0.1163
S_1639,21,88,0.0212
S_1640,10,31,0.0715
S_1641,15,41,0.0239
S_1642,21,118,0.0246
S_1643,15,44,0.0592
S_1644,14,91,0.0856
S_1645,13,54,0.01
S_1646,14,95,0.0609
S_1647,19,92,0.05
S_1648,8,80,0.096
S_1649,19,102,0.179
S_1650,10,112,0.1165
S_1651,14,69,0.0973
S_1652,13,28,0.0621
S_1653,16,47,0.0725
S_1654,10,90,0.0785
S_1655,16,78,0.1191
S_1656,21,21,0.0266
S_1657,10,6,0.0431
S_1658,15,81,0.0659
S_1659,13,30,0.0237
S_1660,16,59,0.1016
S_1661,15,89,0.0589
S_1662,13,67,0.0709
S_1663,16,9,0.0524
S_1664,20,22,0.0207
S_1665,14,26,0.0767
S_1666,17,30,0.002
S_1667,11,67,0.0044
S_1668,12,60,0.0735
S_1669,16,24,0.0312
S_1670,19,8,0.0299
S_1671,16,20,0.0201
S_1672,14,118,0.0778
S_1673,14,56,0.0842
S_1674,11,104,0.0352
S_1675,16,101,0.0335
S_1676,17,61,0.0478
S_1677,13,84,0.0269
S_1678,13,23,0.0303
S_1679,15,82,0.0106
S_1680,13,32,0.1092
S_1681,14,99,0.0605
S_1682,21,10,0.0664
S_1683,14,92,0.0488
S_1684,13,11,0.1397
S_1685,13,105,0.0039
S_1686,17,36,0.0149
S_1687,14,78,0.0729
S_1688,13,58,0.1428
S_1689,18,43,0.0386
S_1690,19,77,0.1005
S_1691,13,113,0.0584
S_1692,9,4,0.1281
S_1693,18,110,0.0611
S_1694,12,73,0.0577
S_1695,17,96,0.0417
S_1696,9,46,0.0684
S_1697,17,56,0.0072
S_1698,11,104,0.025
S_1699,17,49,0.0395
S_1700,15,64,0.0936
S_1701,12,2,0.068
S_1702,13,19,0.088
S_1703,17,77,0.0998
S_1704,15,86,0.0877
S_1705,16,69,0.0716
S_1706,20,17,0.0632
S_1707,10,53,0.0733
S_1708,19,42,0.1208
S_1709,15,59,0.0387
S_1710,12,104,0.0229
S_1711,11,93,0.0073
S_1712,14,10,0.0616
S_1713,17,106,0.0295
S_1714,14,56,0.0417
S_1715,19,89,0.0139
S_1716,10,16,0.0189
S_1717,14,80,0.0696
S_1718,11,28,0.0221
S_1719,16,52,0.0161
S_1720,17,2,0.0852
S_1721,13,18,0.0541
S_1722,7,11,0.0666
S_1723,15,28,0.0501
S_1724,16,12,0.0137
S_1725,16,83,0.0711
S_1726,18,3,0.0217
S_1727,11,74,0.0174
S_1728,17,16,0.058
S_1729,18,113,0.0714
S_1730,9,111,0.0371
S_1731,15,27,0.0205
S_1732,13,73,0.0197
S_1733,14,3,0.0309
S_1734,16,111,0.0485
S_1735,13,62,0.0308
S_1736,12,5,0.1437
S_1737,15,41,0.0773
S_1738,11,9,0.0521
S_1739,11,47,0.0242
S_1740,17,80,0.0194
S_1741,11,56,0.0938
S_1742,16,46,0.0402
S_1743,16,14,0.0128
S_1744,9,29,0.0655
S_1745,12,12,0.0082
S_1746,18,96,0.0301
S_1747,12,16,0.0715
S_1748,13,71,0.0365
S_1749,16,41,0.0992
S_1750,17,27,0.06
S_1751,14,76,0.0483
S_1752,13,54,0.0095
S_1753,19,48,0.0299
S_1754,20,71,0.0201
S_1755,17,58,0.0396
S_1756,15,36,0.0621
S_1757,12,67,0.0604
S_1758,12,80,0.0244
S_1759,16,3,0.0275
S_1760,16,55,0.0194
S_1761,19,6,0.0189
S_1762,16,22,0.053
S_1763,10,67,0.0529
S_1764,18,103,0.0326
S_1765,12,105,0.0678
S_1766,13,8,0.0411
S_1767,15,50,0.0986
S_1768,20,69,0.0639
S_1769,21,17,0.0674
S_1770,16,91,0.0493
S_1771,14,89,0.0776
S_1772,16,108,0.0169
S_1773,17,1,0.0623
S_1774,14,26,0.024
S_1775,20,99,0.0779
S_1776,15,80,0.0485
S_1777,16,107,0.0842
S_1778,16,6,0.0126
S_1779,16,71,0.1065
S_1780,17,68,0.03
S_1781,13,4,0.0503
S_1782,13,61,0.0671
S_1783,11,73,0.0557
S_1784,16,22,0.047
S_1785,17,32,0.0121
S_1786,16,76,0.0448
S_1787,20,56,0.038
S_1788,14,102,0.0418
S_1789,17,41,0.0082
S_1790,11,31,0.1701
S_1791,13,118,0.0292
S_1792,17,109,0.018
S_1793,17,3,0.0542
S_1794,14,92,0.0722
S_1795,14,13,0.0969
S_1796,10,3,0.0139
S_1797,13,32,0.1006
S_1798,17,32,0.0343
S_1799,16,98,0.0574
S_1800,16,85,0.0289
S_1801,15,117,0.0854
S_1802,15,85,0.036
S_1803,13,50,0.0381
S_1804,17,83,0.0981
S_1805,16,119,0.104
S_1806,16,85,0.0797
S_1807,13,91,0.0483
S_1808,8,112,0.0486
S_1809,18,13,0.1121
S_1810,13,84,0.0935
S_1811,12,102,0.013
S_1812,17,114,0.0118
S_1813,13,25,0.0111
S_1814,18,60,0.1254
S_1815,16,81,0.0317
S_1816,17,29,0.0306
S_1817,10,72,0.0301
S_1818,18,30,0.129
S_1819,15,40,0.1175
S_1820,13,52,0.0372
S_1821,15,63,0.0669
S_1822,9,53,0.0646
S_1823,16,59,0.0301
S_1824,11,35,0.0607
S_1825,10,19,0.0292
S_1826,10,5,0.0815
S_1827,18,23,0.0309
S_1828,13,69,0.0474
S_1829,19,94,0.0389
S_1830,13,20,0.0445
S_1831,9,13,0.0719
S_1832,11,89,0.031
S_1833,18,36,0.0827
S_1834,14,114,0.069
S_1835,13,85,0.0968
S_1836,15,39,0.0501
S_1837,16,34,0.0517
S_1838,18,62,0.0724
S_1839,19,9,0.0173
S_1840,13,14,0.0207
S_1841,11,21,0.0178
S_1842,13,92,0.0592
S_1843,15,61,0.0325
S_1844,12,1,0.0252
S_1845,12,80,0.0445
S_1846,16,50,0.0246
S_1847,14,61,0.0159
S_1848,15,25,0.0279
S_1849,12,66,0.0393
S_1850,14,117,0.054
S_1851,12,8,0.0182
S_1852,17,34,0.0569
S_1853,18,29,0.0077
S_1854,9,29,0.0745
S_1855,12,45,0.0374
S_1856,10,98,0.0225
S_1857,13,109,0.0904
S_1858,14,24,0.0178
S_1859,10,65,0.0476
S_1860,12,76,0.1016
S_1861,11,62,0.0421
S_1862,15,52,0.0235
S_1863,15,23,0.0192
S_1864,12,58,0.0437
S_1865,15,48,0.0421
S_1866,13,95,0.0057
S_1867,14,91,0.0426
S_1868,20,16,0.0511
S_1869,19,10,0.0278
S_1870,11,108,0.0748
S_1871,17,64,0.0027
S_1872,17,102,0.0459
S_1873,11,6,0.0636
S_1874,17,63,0.0752
S_1875,19,64,0.036
S_1876,11,103,0.0286
S_1877,12,11,0.0418
S_1878,18,28,0.0174
S_1879,15,48,0.027
S_1880,16,103,0.0236
S_1881,16,112,0.0546
S_1882,16,119,0.0086
S_1883,11,115,0.0611
S_1884,18,0,0.0124
S_1885,18,5,0.0893
S_1886,14,17,0.0505
S_1887,14,41,0.0069
S_1888,10,99,0.0536
S_1889,16,107,0.1035
S_1890,16,22,0.0534
S_1891,14,74,0.022
S_1892,18,110,0.0454
S_1893,13,55,0.0933
S_1894,16,12,0.1167
S_1895,11,54,0.0676
S_1896,14,45,0.0846
S_1897,14,69,0.0584
S_1898,15,52,0.0197
S_1899,13,2,0.0601
S_1900,14,119,0.0287
S_1901,17,65,0.0925
S_1902,13,56,0.0233
S_1903,10,114,0.0442
S_1904,20,18,0.0906
S_1905,19,22,0.0385
S_1906,11,96,0.1096
S_1907,17,31,0.0583
S_1908,13,95,0.1451
S_1909,15,32,0.0341
S_1910,15,3,0.0115
S_1911,14,62,0.0195
S_1912,12,23,0.0127
S_1913,12,90,0.0385
S_1914,12,76,0.0415
S_1915,12,110,0.0856
S_1916,14,93,0.0612
S_1917,12,21,0.0463
S_1918,17,96,0.1734
S_1919,19,77,0.0444
S_1920,13,80,0.0534
S_1921,15,99,0.0217
S_1922,16,68,0.0602
S_1923,16,55,0.0121
S_1924,15,76,0.0064
S_1925,17,35,0.0375
S_1926,16,21,0.024
S_1927,11,73,0.0357
S_1928,17,28,0.0433
S_1929,17,9,0.0186
S_1930,12,0,0.0225
S_1931,15,72,0.03
S_1932,17,43,0.0437
S_1933,14,90,0.0016
S_1934,18,45,0.0222
S_1935,21,58,0.0362
S_1936,12,48,0.0943
S_1937,10,78,0.0218
S_1938,15,42,0.0512
S_1939,17,115,0.0453
S_1940,14,112,0.0462
S_1941,19,101,0.0094
S_1942,10,110,0.0268
S_1943,17,53,0.0504
S_1944,13,64,0.0442
S_1945,20,89,0.0189
S_1946,20,83,0.0453
S_1947,12,106,0.0738
S_1948,13,85,0.1931
S_1949,17,119,0.0833
S_1950,13,41,0.0527
S_1951,14,99,0.037
S_1952,15,83,0.0693
S_1953,9,82,0.0285
S_1954,14,39,0.094
S_1955,12,94,0.0235
S_1956,13,108,0.0174
S_1957,19,26,0.0351
S_1958,11,75,0.0201
S_1959,17,47,0.0483
S_1960,14,118,0.0327
S_1961,14,57,0.0491
S_1962,17,27,0.0563
S_1963,16,45,0.0048
S_1964,16,78,0.0464
S_1965,17,9,0.1192
S_1966,14,72,0.0455
S_1967,13,111,0.0161
S_1968,11,102,0.1236
S_1969,12,8,0.0448
S_1970,21,119,0.0739
S_1971,18,83,0.05
S_1972,10,19,0.0472
S_1973,11,1,0.0263
S_1974,16,20,0.0177
S_1975,16,100,0.0223
S_1976,16,2,0.023
S_1977,14,27,0.0363
S_1978,14,90,0.0256
S_1979,15,70,0.1187
S_1980,15,93,0.0704
S_1981,8,89,0.047
S_1982,14,6,0.1363
S_1983,12,107,0.1383
S_1984,15,27,0.049
S_1985,21,66,0.0297
S_1986,16,77,0.0741
S_1987,14,20,0.0465
S_1988,17,117,0.0671
S_1989,16,58,0.0654
S_1990,16,6,0.0578
S_1991,16,112,0.0853
S_1992,21,70,0.0534
S_1993,11,83,0.0377
S_1994,16,63,0.0371
S_1995,12,100,0.0194
S_1996,16,3,0.0593
S_1997,12,32,0.0582
S_1998,13,56,0.0218
S_1999,14,9,0.0617
S_2000,17,84,0.025
S_2001,17,47,0.091
S_2002,11,32,0.1162
S_2003,15,0,0.2045
S_2004,12,86,0.0489
S_2005,11,100,0.0316
S_2006,14,47,0.1465
S_2007,14,67,0.0466
S_2008,21,27,0.0358
S_2009,16,74,0.0355
S_2010,10,1,0.121
S_2011,13,58,0.1127
S_2012,18,77,0.0771
S_2013,21,110,0.1841
S_2014,10,45,0.0476
S_2015,9,91,0.1318
S_2016,20,71,0.066
S_2017,16,111,0.0423
S_2018,12,47,0.0366
S_2019,16,38,0.1454
S_2020,7,106,0.0226
S_2021,15,5,0.0966
S_2022,15,16,0.0118
S_2023,17,9,0.1155
S_2024,11,101,0.0213
S_2025,15,1,0.0413
S_2026,12,103,0.0381
S_2027,15,54,0.0173
S_2028,12,0,0.0426
S_2029,13,48,0.0867
S_2030,12,22,0.0135
S_2031,16,74,0.0548
S_2032,17,81,0.0355
S_2033,14,58,0.0423
S_2034,15,4,0.08
S_2035,10,78,0.0711
S_2036,14,101,0.0282
S_2037,14,86,0.0417
S_2038,21,99,0.0972
S_2039,11,24,0.0328
S_2040,19,106,0.0206
S_2041,17,38,0.0119
S_2042,15,1,0.1025
S_2043,20,101,0.0774
S_2044,16,113,0.0108
S_2045,16,78,0.0433
S_2046,14,27,0.0661
S_2047,18,30,0.0637
S_2048,18,55,0.0938
S_2049,13,107,0.0132
S_2050,11,17,0.0143
S_2051,14,99,0.0211
S_2052,12,34,0.0358
S_2053,14,97,0.0237
S_2054,18,110,0.0549
S_2055,13,51,0.0008
S_2056,14,43,0.0071
S_2057,15,96,0.0834
S_2058,17,63,0.0617
S_2059,8,82,0.0255
S_2060,13,74,0.0328
S_2061,15,18,0.1224
S_2062,18,101,0.0461
S_2063,13,23,0.0441
S_2064,9,111,0.0715
S_2065,16,30,0.0166
S_2066,13,88,0.0465
S_2067,11,34,0.0497
S_2068,13,38,0.0599
S_2069,14,37,0.1265
S_2070,13,89,0.0056
S_2071,8,66,0.0541
S_2072,17,105,0.0264
S_2073,18,36,0.0244
S_2074,16,83,0.0934
S_2075,11,90,0.0508
S_2076,14,18,0.0234
S_2077,14,48,0.0425
S_2078,16,57,0.0107
S_2079,17,42,0.0161
S_2080,12,38,0.0166
S_2081,15,82,0.0569
S_2082,16,25,0.0607
S_2083,19,85,0.1201
S_2084,17,112,0.0258
S_2085,17,67,0.0678
S_2086,15,73,0.0156
S_2087,19,8,0.0759
S_2088,16,103,0.116
S_2089,12,34,0.0352
S_2090,19,73,0.0149
S_2091,17,117,0.02
S_2092,13,71,0.0155
S_2093,13,86,0.048
S_2094,15,53,0.1131
S_2095,16,7,0.011
S_2096,15,95,0.069
S_2097,15,4,0.0178
S_2098,20,84,0.0496
S_2099,18,2,0.0535
S_2100,15,103,0.0461
S_2101,17,18,0.0599
S_2102,11,61,0.0676
S_2103,16,71,0.0939
S_2104,20,54,0.0886
S_2105,14,40,0.0585
S_2106,12,56,0.0987
S_2107,13,37,0.0916
S_2108,11,52,0.061
S_2109,12,43,0.0664
S_2110,13,67,0.0594
S_2111,10,28,0.1671
S_2112,15,118,0.0629
S_2113,17,60,0.0288
S_2114,12,23,0.0492
S_2115,19,57,0.1022
S_2116,16,103,0.0563
S_2117,18,2,0.015
S_2118,13,81,0.0615
S_2119,17,65,0.025
S_2120,11,20,0.1594
S_2121,17,98,0.0098
S_2122,15,44,0.0275
S_2123,16,35,0.086
S_2124,11,99,0.0685
S_2125,12,76,0.0734
S_2126,16,107,0.0222
S_2127,12,75,0.0733
S_2128,16,88,0.0159
S_2129,10,100,0.0582
S_2130,17,6,0.0313
S_2131,11,93,0.0021
S_2132,16,73,0.0791
S_2133,16,8,0.0174
S_2134,12,61,0.0448
S_2135,16,9,0.0627
S_2136,15,88,0.0486
S_2137,13,65,0.056
S_2138,11,114,0.0408
S_2139,9,21,0.0798
S_2140,16,72,0.034
S_2141,10,25,0.0708
S_2142,15,73,0.0131
S_2143,14,86,0.0189
S_2144,17,86,0.0494
S_2145,14,97,0.0546
S_2146,14,102,0.0389
S_2147,17,9,0.0906
S_2148,16,41,0.1372
S_2149,15,82,0.0167
S_2150,16,59,0.0495
S_2151,10,22,0.0346
S_2152,17,66,0.0322
S_2153,16,48,0.0708
S_2154,11,46,0.1026
S_2155,14,97,0.045
S_2156,14,48,0.0228
S_2157,14,3,0.0254
S_2158,16,6,0.0849
S_2159,19,102,0.058
S_2160,18,115,0.0606
S_2161,11,82,0.0746
S_2162,16,43,0.0523
S_2163,18,112,0.0313
S_2164,16,79,0.0697
S_2165,18,101,0.1197
S_2166,21,91,0.0141
S_2167,18,45,0.0726
S_2168,15,57,0.0212
S_2169,18,22,0.0243
S_2170,15,35,0.0344
S_2171,15,93,0.0206
S_2172,13,107,0.0778
S_2173,19,86,0.0667
S_2174,12,55,0.0742
S_2175,19,10,0.0875
S_2176,16,6,0.0266
S_2177,10,44,0.0522
S_2178,16,55,0.0497
S_2179,8,73,0.0184
S_2180,16,0,0.0461
S_2181,17,118,0.0362
S_2182,13,43,0.0672
S_2183,15,101,0.0381
S_2184,20,64,0.0635
S_2185,13,15,0.027
S_2186,11,95,0.0846
S_2187,19,85,0.054
S_2188,20,63,0.1139
S_2189,15,61,0.074
S_2190,18,10,0.0717
S_2191,19,78,0.0887
S_2192,12,109,0.1429
S_2193,13,11,0.0273
S_2194,18,31,0.0523
S_2195,20,108,0.0493
S_2196,16,34,0.052
S_2197,12,78,0.0851
S_2198,20,64,0.0292
S_2199,13,71,0.0302
S_2200,13,49,0.0085
S_2201,16,35,0.0581
S_2202,19,5,0.0201
S_2203,17,89,0.031
S_2204,16,89,0.0119
S_2205,16,80,0.1157
S_2206,15,77,0.0478
S_2207,16,29,0.0376
S_2208,7,2,0.123
S_2209,14,97,0.0392
S_2210,15,58,0.0237
S_2211,11,36,0.0413
S_2212,16,12,0.0173
S_2213,14,7,0.0504
S_2214,20,41,0.0566
S_2215,19,96,0.0715
S_2216,13,110,0.0735
S_2217,14,107,0.0133
S_2218,14,110,0.1457
S_2219,13,108,0.0332
S_2220,15,63,0.0325
S_2221,12,26,0.0518
S_2222,11,95,0.012
S_2223,16,25,0.034
S_2224,16,32,0.0315
S_2225,12,27,0.0261
S_2226,17,61,0.1271
S_2227,13,38,0.0269
S_2228,15,18,0.0602
S_2229,17,54,0.055
S_2230,14,104,0.1334
S_2231,16,68,0.0945
S_2232,13,105,0.0217
S_2233,14,23,0.0309
S_2234,14,20,0.0215
S_2235,12,69,0.1653
S_2236,14,55,0.0782
S_2237,10,79,0.0714
S_2238,13,95,0.0252
S_2239,14,90,0.0428
S_2240,14,113,0.0201
S_2241,14,47,0.054
S_2242,14,24,0.0316
S_2243,16,66,0.0474
S_2244,17,13,0.0533
S_2245,13,34,0.0478
S_2246,11,24,0.0603
S_2247,11,47,0.0245
S_2248,13,13,0.0784
S_2249,13,3,0.0168
S_2250,12,78,0.0398
S_2251,11,73,0.0078
S_2252,13,85,0.0763
S_2253,15,79,0.0545
S_2254,16,13,0.0771
S_2255,13,34,0.038
S_2256,13,15,0.0456
S_2257,12,101,0.0207
S_2258,14,89,0.1297
S_2259,12,24,0.1025
S_2260,16,40,0.1098
S_2261,9,115,0.0059
S_2262,13,71,0.06
S_2263,15,96,0.0869
S_2264,15,31,0.0173
S_2265,21,25,0.0614
S_2266,16,94,0.054
S_2267,11,82,0.0374
S_2268,14,81,0.0094
S_2269,9,66,0.0876
S_2270,14,67,0.0503
S_2271,12,88,0.1751
S_2272,17,32,0.0486
S_2273,13,42,0.1022
S_2274,14,104,0.0336
S_2275,13,37,0.0745
S_2276,20,65,0.0688
S_2277,14,84,0.0173
S_2278,20,119,0.024
S_2279,17,52,0.0291
S_2280,16,51,0.091
S_2281,16,101,0.1292
S_2282,16,96,0.0156
S_2283,9,87,0.0317
S_2284,14,55,0.0924
S_2285,17,38,0.1202
S_2286,14,73,0.0253
S_2287,10,105,0.0494
S_2288,14,106,0.0006
S_2289,20,13,0.0709
S_2290,18,51,0.0937
S_2291,14,55,0.0157
S_2292,17,117,0.0817
S_2293,13,81,0.0516
S_2294,9,48,0.0795
S_2295,12,3,0.0404
S_2296,19,67,0.0273
S_2297,14,11,0.0073
S_2298,14,100,0.0813
S_2299,14,90,0.0658
S_2300,20,55,0.0505
S_2301,19,51,0.0789
S_2302,21,107,0.0154
S_2303,14,34,0.0966
S_2304,15,29,0.0745
S_2305,10,112,0.0133
S_2306,19,97,0.0735
S_2307,11,98,0.1511
S_2308,15,23,0.1137
S_2309,11,17,0.0879
S_2310,13,3,0.0581
S_2311,12,28,0.0555
S_2312,13,92,0.0454
S_2313,13,28,0.0397
S_2314,13,87,0.0675
S_2315,17,30,0.0681
S_2316,11,47,0.0245
S_2317,15,117,0.0811
S_2318,18,29,0.0458
S_2319,13,45,0.0612
S_2320,12,36,0.0165
S_2321,14,13,0.0494
S_2322,18,58,0.0573
S_2323,15,45,0.0222
S_2324,13,83,0.0353
S_2325,16,98,0.0178
S_2326,11,65,0.0487
S_2327,17,3,0.0912
S_2328,16,74,0.037
S_2329,14,6,0.0228
S_2330,12,73,0.0655
S_2331,12,82,0.0201
S_2332,16,23,0.0701
S_2333,18,98,0.0637
S_2334,13,109,0.062
S_2335,16,97,0.0241
S_2336,8,36,0.0544
S_2337,13,70,0.0355
S_2338,14,109,0.0499
S_2339,12,38,0.0192
S_2340,12,98,0.0486
S_2341,12,1,0.04
S_2342,15,0,0.0271
S_2343,14,91,0.0291
S_2344,8,91,0.0336
S_2345,8,94,0.0037
S_2346,13,111,0.0665
S_2347,16,14,0.0212
S_2348,6,27,0.0745
S_2349,13,108,0.0708
S_2350,13,21,0.0382
S_2351,19,81,0.0165
S_2352,13,63,0.0351
S_2353,16,9,0.1064
S_2354,15,34,0.0523
S_2355,8,62,0.0395
S_2356,17,102,0.0248
S_2357,15,84,0.0556
S_2358,16,74,0.0424
S_2359,21,59,0.0934
S_2360,8,35,0.0218
S_2361,20,14,0.0491
S_2362,14,49,0.0842
S_2363,15,3,0.0188
S_2364,14,25,0.008
S_2365,13,51,0.0324
S_2366,13,50,0.0372
S_2367,15,5,0.0292
S_2368,10,70,0.0714
S_2369,17,65,0.0812
S_2370,13,9,0.0524
S_2371,11,113,0.0441
S_2372,13,11,0.0495
S_2373,18,102,0.0521
S_2374,13,0,0.0183
S_2375,16,105,0.0471
S_2376,12,2,0.071
S_2377,17,90,0.0756
S_2378,17,43,0.0911
S_2379,20,88,0.0357
S_2380,14,48,0.0305
S_2381,17,8,0.0668
S_2382,15,92,0.0418
S_2383,18,8,0.0171
S_2384,12,110,0.0291
S_2385,17,6,0.0469
S_2386,14,57,0.0089
S_2387,14,86,0.0642
S_2388,15,47,0.0257
S_2389,15,26,0.0491
S_2390,14,91,0.0381
S_2391,15,94,0.0101
S_2392,19,110,0.0397
S_2393,17,45,0.0342
S_2394,17,60,0.0445
S_2395,13,43,0.0401
S_2396,12,30,0.0416
S_2397,17,90,0.0415
S_2398,17,40,0.0585
S_2399,19,51,0.0117
S_2400,13,48,0.0603
S_2401,14,85,0.0504
S_2402,10,110,0.077
S_2403,13,80,0.0874
S_2404,17,56,0.0219
S_2405,13,93,0.0364
S_2406,16,76,0.0047
S_2407,14,7,0.0763
S_2408,15,11,0.0704
S_2409,11,4,0.0024
S_2410,15,54,0.0367
S_2411,6,99,0.0013
S_2412,14,37,0.0308
S_2413,10,46,0.0116
S_2414,18,109,0.1381
S_2415,17,100,0.0242
S_2416,16,79,0.0856
S_2417,19,32,0.011
S_2418,12,14,0.034
S_2419,20,1,0.0259
S_2420,17,12,0.0668
S_2421,14,35,0.0343
S_2422,18,66,0.0492
S_2423,11,7,0.0192
S_2424,12,16,0.042
S_2425,13,21,0.0252
S_2426,13,75,0.0242
S_2427,11,73,0.1526
S_2428,18,66,0.0154
S_2429,14,30,0.072
S_2430,16,44,0.0146
S_2431,13,11,0.0214
S_2432,9,27,0.0766
S_2433,15,107,0.0193
S_2434,9,117,0.0273
S_2435,14,77,0.0516
S_2436,10,110,0.0217
S_2437,20,77,0.0411
S_2438,17,3,0.1475
S_2439,15,119,0.037
S_2440,18,11,0.063
S_2441,12,81,0.0946
S_2442,16,30,0.0577
S_2443,15,47,0.0135
S_2444,15,77,0.0624
S_2445,18,52,0.0069
S_2446,17,30,0.0016
S_2447,15,40,0.038
S_2448,10,40,0.0169
S_2449,12,115,0.0969
S_2450,14,95,0.1341
S_2451,15,55,0.1633
S_2452,11,23,0.0903
S_2453,21,97,0.1011
S_2454,19,18,0.0123
S_2455,16,25,0.0284
S_2456,15,43,0.0978
S_2457,14,105,0.0489
S_2458,12,15,0.0271
S_2459,15,14,0.0496
S_2460,15,59,0.0649
S_2461,11,33,0.0138
S_2462,16,68,0.0694
S_2463,14,54,0.049
S_2464,9,52,0.0761
S_2465,12,13,0.0203
S_2466,13,16,0.0165
S_2467,20,98,0.0379
S_2468,16,106,0.0326
S_2469,10,28,0.0177
S_2470,16,13,0.0517
S_2471,10,6,0.0896
S_2472,18,72,0.0865
S_2473,13,85,0.018
S_2474,14,44,0.0139
S_2475,18,81,0.0708
S_2476,11,85,0.0494
S_2477,10,112,0.1011
S_2478,13,7,0.0214
S_2479,18,23,0.0709
S_2480,10,8,0.0891
S_2481,6,104,0.0442
S_2482,13,95,0.0135
S_2483,16,68,0.1094
S_2484,18,10,0.0347
S_2485,13,32,0.0227
S_2486,13,35,0.0144
S_2487,18,67,0.0379
S_2488,9,30,0.0349
S_2489,13,8,0.0293
S_2490,15,87,0.0648
S_2491,16,35,0.0317
S_2492,13,54,0.0669
S_2493,15,15,0.1341
S_2494,7,96,0.0132
S_2495,13,67,0.0552
S_2496,16,108,0.0268
S_2497,12,59,0.0683
S_2498,15,112,0.0241
S_2499,16,107,0.0801
S_2500,13,69,0.0247
S_2501,15,112,0.0405
S_2502,12,38,0.0399
S_2503,14,43,0.0317
S_2504,16,5,0.0211
S_2505,15,70,0.0268
S_2506,13,86,0.0936
S_2507,15,92,0.0758
S_2508,17,17,0.1423
S_2509,8,53,0.2389
S_2510,18,21,0.0561
S_2511,13,79,0.0696
S_2512,16,18,0.0637
S_2513,18,108,0.0044
S_2514,10,27,0.019
S_2515,12,34,0.0286
S_2516,14,102,0.0062
S_2517,12,55,0.0454
S_2518,20,2,0.0366
S_2519,12,59,0.0381
S_2520,13,10,0.0697
S_2521,15,118,0.0183
S_2522,11,70,0.0833
S_2523,13,30,0.0619
S_2524,15,67,0.0373
S_2525,14,9,0.0432
S_2526,14,95,0.0145
S_2527,13,111,0.0195
S_2528,10,104,0.0165
S_2529,15,41,0.0286
S_2530,20,39,0.022
S_2531,15,4,0.0559
S_2532,15,78,0.0427
S_2533,17,64,0.0061
S_2534,11,55,0.0372
S_2535,20,108,0.0536
S_2536,15,20,0.0613
S_2537,19,1,0.185
S_2538,12,8,0.0714
S_2539,20,26,0.0476
S_2540,17,3,0.0555
S_2541,16,60,0.008
S_2542,15,37,0.065
S_2543,14,21,0.0725
S_2544,18,90,0.0135
S_2545,15,24,0.0893
S_2546,9,82,0.0054
S_2547,11,41,0.0276
S_2548,14,61,0.1034
S_2549,15,112,0.0228
S_2550,14,4,0.0384
S_2551,18,60,0.0754
S_2552,9,102,0.054
S_2553,15,70,0.0748
S_2554,9,33,0.0307
S_2555,17,47,0.0248
S_2556,14,81,0.0042
S_2557,16,106,0.0096
S_2558,12,4,0.0291
S_2559,18,8,0.0171
S_2560,18,39,0.0234
S_2561,16,27,0.0345
S_2562,14,31,0.0305
S_2563,16,26,0.1132
S_2564,12,23,0.0495
S_2565,17,15,0.0038
S_2566,19,112,0.0513
S_2567,18,17,0.0546
S_2568,12,24,0.0338
S_2569,16,29,0.0412
S_2570,11,111,0.0155
S_2571,16,90,0.0567
S_2572,16,94,0.0324
S_2573,9,12,0.013
S_2574,11,100,0.0216
S_2575,14,48,0.0226
S_2576,14,31,0.0089
S_2577,11,69,0.0722
S_2578,16,98,0.0435
S_2579,15,93,0.0295
S_2580,14,106,0.0074
S_2581,12,111,0.0111
S_2582,18,28,0.028
S_2583,19,50,0.0391
S_2584,13,1,0.0249
S_2585,13,105,0.011
S_2586,16,18,0.0501
S_2587,13,103,0.0519
S_2588,14,39,0.0696
S_2589,17,44,0.0514
S_2590,9,4,0.048
S_2591,18,39,0.0639
S_2592,15,106,0.0654
S_2593,13,3,0.0583
S_2594,14,48,0.093
S_2595,14,3,0.0111
S_2596,9,44,0.0148
S_2597,19,20,0.0898
S_2598,15,30,0.0586
S_2599,16,105,0.0949
S_2600,17,52,0.0245
S_2601,11,32,0.0268
S_2602,16,70,0.107
S_2603,14,17,0.0113
S_2604,17,31,0.142
S_2605,8,65,0.0339
S_2606,14,28,0.0102
S_2607,13,81,0.0895
S_2608,16,58,0.086
S_2609,16,92,0.0229
S_2610,12,113,0.0142
S_2611,12,13,0.02
S_2612,14,40,0.0578
S_2613,12,38,0.0376
S_2614,17,18,0.0531
S_2615,13,97,0.061
S_2616,6,91,0.1163
S_2617,13,58,0.0088
S_2618,11,64,0.0448
S_2619,10,7,0.0181
S_2620,11,66,0.0724
S_2621,15,94,0.0301
S_2622,18,68,0.0535
S_2623,15,31,0.0124
S_2624,13,80,0.0417
S_2625,16,43,0.029
S_2626,13,65,0.0224
S_2627,12,58,0.0293
S_2628,11,45,0.0724
S_2629,9,86,0.0761
S_2630,13,106,0.0727
S_2631,15,0,0.0848
S_2632,14,112,0.0128
S_2633,13,61,0.0665
S_2634,12,84,0.073
S_2635,16,102,0.0181
S_2636,11,56,0.0464
S_2637,17,100,0.0086
S_2638,11,21,0.1486
S_2639,12,19,0.0367
S_2640,10,78,0.0447
S_2641,13,104,0.0618
S_2642,17,107,0.0389
S_2643,16,77,0.0313
S_2644,17,63,0.0437
S_2645,16,39,0.0122
S_2646,11,117,0.0273
S_2647,14,38,0.0611
S_2648,12,89,0.1782
S_2649,18,63,0.0237
S_2650,11,73,0.039
S_2651,17,47,0.0608
S_2652,17,115,0.0437
S_2653,20,68,0.0226
S_2654,13,112,0.0357
S_2655,17,0,0.0176
S_2656,21,68,0.0979
S_2657,13,86,0.1235
S_2658,10,89,0.0801
S_2659,9,108,0.0428
S_2660,17,0,0.0635
S_2661,9,0,0.0332
S_2662,13,56,0.0584
S_2663,16,3,0.0415
S_2664,15,116,0.0196
S_2665,16,26,0.0217
S_2666,15,56,0.0256
S_2667,18,7,0.0346
S_2668,12,62,0.0312
S_2669,12,45,0.0768
S_2670,12,5,0.0358
S_2671,17,40,0.0162
S_2672,17,46,0.036
S_2673,16,118,0.0094
S_2674,18,24,0.0412
S_2675,11,65,0.0954
S_2676,20,118,0.039
S_2677,19,95,0.037
S_2678,17,119,0.023
S_2679,20,116,0.0546
S_2680,10,58,0.0551
S_2681,13,83,0.071
S_2682,12,13,0.1097
S_2683,17,52,0.0129
S_2684,11,97,0.0181
S_2685,17,60,0.0334
S_2686,19,84,0.0152
S_2687,17,89,0.0461
S_2688,15,30,0.0403
S_2689,12,105,0.0189
S_2690,12,55,0.0488
S_2691,18,25,0.0467
S_2692,17,103,0.0341
S_2693,14,50,0.0262
S_2694,13,90,0.0035
S_2695,8,65,0.0851
S_2696,11,45,0.0089
S_2697,20,97,0.0779
S_2698,11,70,0.0275
S_2699,15,46,0.0505
S_2700,18,13,0.0547
S_2701,11,107,0.0625
S_2702,15,4,0.0177
S_2703,17,103,0.04
S_2704,15,43,0.0179
S_2705,21,76,0.0064
S_2706,9,110,0.0632
S_2707,18,18,0.0736
S_2708,14,68,0.0342
S_2709,17,91,0.0424
S_2710,16,90,0.0566
S_2711,12,63,0.0177
S_2712,15,74,0.0572
S_2713,9,90,0.097
S_2714,16,100,0.016
S_2715,15,91,0.0235
S_2716,16,42,0.0821
S_2717,18,119,0.0072
S_2718,16,52,0.1085
S_2719,15,2,0.0087
S_2720,12,43,0.0581
S_2721,12,15,0.0198
S_2722,18,14,0.0843
S_2723,19,33,0.0383
S_2724,14,6,0.0439
S_2725,15,82,0.1348
S_2726,12,8,0.0439
S_2727,18,24,0.0388
S_2728,16,11,0.0267
S_2729,20,7,0.0761
S_2730,12,32,0.0201
S_2731,13,68,0.02
S_2732,15,115,0.0301
S_2733,16,105,0.0532
S_2734,14,105,0.0299
S_2735,12,21,0.0102
S_2736,17,31,0.0122
S_2737,17,9,0.1185
S_2738,12,93,0.0566
S_2739,19,8,0.1141
S_2740,18,66,0.0513
S_2741,15,29,0.0136
S_2742,15,29,0.0268
S_2743,16,118,0.0595
S_2744,12,90,0.0606
S_2745,15,100,0.0666
S_2746,8,68,0.0344
S_2747,17,104,0.0276
S_2748,10,77,0.0809
S_2749,19,113,0.0385
S_2750,14,33,0.0215
S_2751,14,71,0.0478
S_2752,13,82,0.0297
S_2753,14,47,0.0063
S_2754,19,105,0.0521
S_2755,7,117,0.0397
S_2756,18,59,0.0318
S_2757,16,46,0.1552
S_2758,11,56,0.0885
S_2759,11,102,0.0659
S_2760,20,77,0.0548
S_2761,12,5,0.0297
S_2762,11,65,0.0209
S_2763,18,2,0.0278
S_2764,16,93,0.0239
S_2765,12,39,0.162
S_2766,15,56,0.1624
S_2767,11,95,0.02
S_2768,18,5,0.0449
S_2769,18,19,0.0114
S_2770,16,47,0.126
S_2771,16,27,0.0174
S_2772,20,40,0.0254
S_2773,14,119,0.063
S_2774,11,99,0.016
S_2775,16,106,0.081
S_2776,21,112,0.0139
S_2777,11,40,0.0156
S_2778,13,35,0.0398
S_2779,16,28,0.035
S_2780,14,99,0.0392
S_2781,12,81,0.0599
S_2782,18,28,0.0367
S_2783,21,45,0.0474
S_2784,15,60,0.0632
S_2785,12,63,0.023
S_2786,10,106,0.0656
S_2787,15,45,0.0173
S_2788,18,109,0.0453
S_2789,16,52,0.0325
S_2790,14,89,0.0414
S_2791,13,111,0.0059
S_2792,11,108,0.0055
S_2793,17,6,0.1861
S_2794,17,24,0.0211
S_2795,10,57,0.1135
S_2796,19,51,0.1144
S_2797,16,76,0.0266
S_2798,19,113,0.0447
S_2799,10,13,0.0555
S_2800,10,54,0.039
S_2801,14,23,0.0305
S_2802,16,107,0.0552
S_2803,20,115,0.0395
S_2804,17,57,0.0367
S_2805,14,12,0.0595
S_2806,11,94,0.0375
S_2807,18,83,0.1016
S_2808,12,42,0.0346
S_2809,19,106,0.009
S_2810,14,117,0.0591
S_2811,19,66,0.0462
S_2812,17,67,0.0717
S_2813,14,35,0.1504
S_2814,13,70,0.0289
S_2815,13,52,0.0211
S_2816,16,36,0.037
S_2817,15,8,0.0414
S_2818,13,30,0.0265
S_2819,14,23,0.0493
S_2820,15,65,0.0411
S_2821,8,72,0.0441
S_2822,16,73,0.0711
S_2823,12,46,0.0458
S_2824,11,50,0.1075
S_2825,9,100,0.0531
S_2826,9,57,0.0425
S_2827,10,118,0.0166
S_2828,12,52,0.018
S_2829,20,77,0.048
S_2830,13,6,0.1173
S_2831,15,78,0.0104
S_2832,16,102,0.0496
S_2833,15,113,0.0139
S_2834,14,119,0.1013
S_2835,11,33,0.0251
S_2836,19,69,0.0493
S_2837,20,54,0.0474
S_2838,9,67,0.0239
S_2839,11,18,0.0234
S_2840,14,102,0.0757
S_2841,12,109,0.0207
S_2842,16,53,0.0147
S_2843,12,33,0.0551
S_2844,21,16,0.0465
S_2845,18,82,0.0611
S_2846,15,37,0.0081
S_2847,18,109,0.0304
S_2848,18,80,0.0117
S_2849,13,77,0.0552
S_2850,12,67,0.0414
S_2851,15,5,0.1073
S_2852,17,111,0.0339
S_2853,15,75,0.0247
S_2854,10,119,0.0505
S_2855,12,64,0.0176
S_2856,14,85,0.0613
S_2857,14,6,0.0718
S_2858,20,75,0.0386
S_2859,10,91,0.0623
S_2860,16,93,0.0491
S_2861,19,92,0.0184
S_2862,21,27,0.0497
S_2863,13,117,0.0134
S_2864,16,119,0.0344
S_2865,16,9,0.0277
S_2866,15,112,0.0469
S_2867,14,34,0.0384
S_2868,16,82,0.0554
S_2869,7,40,0.0357
S_2870,17,116,0.1535
S_2871,15,12,0.0604
S_2872,14,59,0.1905
S_2873,21,51,0.063
S_2874,12,39,0.0177
S_2875,13,77,0.0593
S_2876,20,15,0.0722
S_2877,12,85,0.0072
S_2878,13,117,0.0487
S_2879,14,96,0.0584
S_2880,17,103,0.02
S_2881,15,43,0.058
S_2882,11,38,0.0672
S_2883,13,62,0.0246
S_2884,13,5,0.0509
S_2885,14,113,0.0235
S_2886,16,17,0.0648
S_2887,16,108,0.0616
S_2888,9,10,0.0941
S_2889,18,98,0.0213
S_2890,15,18,0.0396
S_2891,19,4,0.0248
S_2892,16,86,0.0722
S_2893,18,33,0.0755
S_2894,16,85,0.0828
S_2895,19,66,0.0272
S_2896,16,13,0.0194
S_2897,14,111,0.0528
S_2898,21,54,0.0536
S_2899,17,88,0.0118
S_2900,16,60,0.0105
S_2901,11,72,0.0319
S_2902,11,36,0.0558
S_2903,15,24,0.0474
S_2904,15,65,0.0835
S_2905,13,52,0.0544
S_2906,15,46,0.1045
S_2907,19,80,0.0613
S_2908,17,82,0.0652
S_2909,11,5,0.0282
S_2910,14,40,0.0316
S_2911,12,49,0.0435
S_2912,13,11,0.0639
S_2913,13,28,0.0413
S_2914,13,6,0.0105
S_2915,11,119,0.0419
S_2916,14,88,0.0997
S_2917,13,10,0.0165
S_2918,6,2,0.0591
S_2919,21,86,0.0194
S_2920,18,52,0.1038
S_2921,13,94,0.0682
S_2922,15,110,0.0188
S_2923,11,71,0.0335
S_2924,20,22,0.011
S_2925,20,93,0.0496
S_2926,15,114,0.0164
S_2927,18,69,0.0451
S_2928,15,81,0.1161
S_2929,10,40,0.0505
S_2930,13,45,0.0082
S_2931,15,88,0.0169
S_2932,13,111,0.0253
S_2933,14,75,0.0398
S_2934,14,94,0.0729
S_2935,14,20,0.0219
S_2936,15,25,0.0183
S_2937,11,63,0.0149
S_2938,12,21,0.0399
S_2939,11,76,0.0184
S_2940,17,34,0.0592
S_2941,8,94,0.0135
S_2942,18,96,0.0414
S_2943,19,55,0.0146
S_2944,14,21,0.0013
S_2945,7,77,0.0238
S_2946,13,119,0.1669
S_2947,14,74,0.0759
S_2948,11,4,0.0611
S_2949,13,2,0.0228
S_2950,19,38,0.0732
S_2951,16,23,0.0246
S_2952,12,97,0.0269
S_2953,10,101,0.0624
S_2954,14,31,0.0632
S_2955,14,39,0.0498
S_2956,16,28,0.0278
S_2957,13,109,0.1766
S_2958,16,60,0.0442
S_2959,20,78,0.0347
S_2960,17,49,0.0155
S_2961,14,75,0.024
S_2962,14,46,0.0318
S_2963,13,40,0.0081
S_2964,18,76,0.0798
S_2965,13,70,0.0402
S_2966,15,35,0.0663
S_2967,15,17,0.0448
S_2968,13,44,0.0415
S_2969,10,49,0.0186
S_2970,15,75,0.0681
S_2971,14,109,0.1047
S_2972,16,4,0.1048
S_2973,13,29,0.0328
S_2974,18,23,0.0992
S_2975,12,60,0.0827
S_2976,20,51,0.0251
S_2977,9,87,0.1088
S_2978,16,29,0.0601
S_2979,16,71,0.0434
S_2980,12,106,0.1008
S_2981,16,109,0.0532
S_2982,18,115,0.0987
S_2983,8,92,0.0787
S_2984,16,108,0.0441
S_2985,7,28,0.0208
S_2986,12,23,0.0709
S_2987,19,0,0.0924
S_2988,13,84,0.0334
S_2989,11,112,0.0166
S_2990,14,22,0.1123
S_2991,21,76,0.1077
S_2992,9,89,0.0407
S_2993,11,111,0.1198
S_2994,19,77,0.0096
S_2995,20,116,0.0347
S_2996,14,41,0.0117
S_2997,11,41,0.0822
S_2998,21,65,0.0566
S_2999,19,46,0.0318
S_3000,17,0,0.0528
S_3001,12,87,0.0754
S_3002,14,90,0.0857
S_3003,14,89,0.0397
S_3004,15,41,0.012
S_3005,19,62,0.0272
S_3006,17,43,0.077
S_3007,11,1,0.0684
S_3008,19,67,0.0148
S_3009,15,14,0.0891
S_3010,17,9,0.0832
S_3011,19,90,0.0334
S_3012,11,1,0.0243
S_3013,14,115,0.0766
S_3014,13,61,0.0665
S_3015,10,117,0.0041
S_3016,16,6,0.087
S_3017,21,70,0.0154
S_3018,9,41,0.0419
S_3019,14,101,0.076
S_3020,16,43,0.1088
S_3021,15,31,0.0104
S_3022,14,102,0.029
S_3023,11,44,0.0232
S_3024,15,2,0.0654
S_3025,12,46,0.0956
S_3026,8,78,0.0143
S_3027,18,30,0.0184
S_3028,17,51,0.0131
S_3029,15,6,0.0288
S_3030,15,70,0.0616
S_3031,18,90,0.0654
S_3032,15,49,0.0252
S_3033,17,50,0.0142
S_3034,14,10,0.0076
S_3035,18,24,0.0317
S_3036,15,18,0.0238
S_3037,15,57,0.0149
S_3038,11,63,0.0443
S_3039,15,113,0.082
S_3040,12,8,0.0522
S_3041,13,71,0.0941
S_3042,12,63,0.0284
S_3043,11,61,0.0576
S_3044,21,104,0.0159
S_3045,18,24,0.0996
S_3046,20,4,0.0287
S_3047,11,80,0.0474
S_3048,15,41,0.0692
S_3049,11,2,0.0222
S_3050,12,30,0.0104
S_3051,12,37,0.0148
S_3052,18,74,0.0656
S_3053,13,20,0.0921
S_3054,18,49,0.025
S_3055,16,57,0.0617
S_3056,21,55,0.0659
S_3057,10,116,0.0588
S_3058,18,5,0.0425
S_3059,18,114,0.0366
S_3060,12,69,0.0769
S_3061,18,95,0.0408
S_3062,16,51,0.0472
S_3063,14,54,0.0056
S_3064,12,105,0.0234
S_3065,12,107,0.036
S_3066,21,28,0.0329
S_3067,15,23,0.0732
S_3068,17,59,0.0402
S_3069,12,108,0.1555
S_3070,12,38,0.0503
S_3071,18,78,0.1057
S_3072,10,84,0.0355
S_3073,13,93,0.0559
S_3074,15,67,0.0756
S_3075,15,48,0.0209
S_3076,14,116,0.0167
S_3077,16,73,0.003
S_3078,17,87,0.0648
S_3079,17,41,0.0094
S_3080,12,80,0.0825
S_3081,14,30,0.1826
S_3082,18,29,0.0484
S_3083,17,85,0.0649
S_3084,10,62,0.0219
S_3085,16,81,0.0636
S_3086,9,32,0.0602
S_3087,15,71,0.0665
S_3088,20,53,0.0195
S_3089,12,71,0.0539
S_3090,12,34,0.0675
S_3091,17,85,0.0095
S_3092,10,96,0.0691
S_3093,13,31,0.0278
S_3094,16,36,0.0787
S_3095,13,79,0.0195
S_3096,14,83,0.0337
S_3097,17,84,0.0069
S_3098,16,81,0.0774
S_3099,15,47,0.0788
S_3100,13,47,0.0189
S_3101,16,30,0.04
S_3102,14,18,0.0246
S_3103,16,83,0.0265
S_3104,13,11,0.0222
S_3105,14,112,0.0349
S_3106,12,99,0.0111
S_3107,14,102,0.0534
S_3108,12,108,0.0142
S_3109,11,49,0.0702
S_3110,15,101,0.0183
S_3111,15,18,0.0104
S_3112,17,2,0.1235
S_3113,13,94,0.0533
S_3114,16,8,0.0679
S_3115,16,118,0.0634
S_3116,16,80,0.006
S_3117,12,90,0.0121
S_3118,15,29,0.029
S_3119,16,80,0.0597
S_3120,15,5,0.0507
S_3121,8,100,0.0467
S_3122,15,20,0.0458
S_3123,21,83,0.0796
S_3124,13,26,0.0429
S_3125,12,8,0.0242
S_3126,16,57,0.0549
S_3127,15,20,0.0282
S_3128,18,87,0.0307
S_3129,11,28,0.0233
S_3130,17,41,0.0047
S_3131,16,68,0.0149
S_3132,14,34,0.0126
S_3133,16,45,0.0465
S_3134,18,97,0.0639
S_3135,17,21,0.0661
S_3136,11,9,0.0935
S_3137,17,39,0.0655
S_3138,14,50,0.06
S_3139,15,65,0.039
S_3140,15,44,0.0071
S_3141,14,94,0.0558
S_3142,18,4,0.0648
S_3143,14,51,0.0287
S_3144,11,45,0.0825
S_3145,13,77,0.0395
S_3146,15,115,0.0542
S_3147,18,61,0.0525
S_3148,16,118,0.0209
S_3149,12,36,0.0189
S_3150,21,3,0.0383
S_3151,15,19,0.0797
S_3152,18,47,0.0617
S_3153,14,37,0.0879
S_3154,16,11,0.1313
S_3155,17,51,0.0047
S_3156,18,40,0.0363
S_3157,18,14,0.0152
S_3158,17,35,0.034
S_3159,14,106,0.0091
S_3160,13,36,0.0224
S_3161,15,85,0.0545
S_3162,17,73,0.0142
S_3163,14,51,0.0537
S_3164,18,28,0.0325
S_3165,19,44,0.0345
S_3166,12,71,0.0197
S_3167,12,42,0.0605
S_3168,14,25,0.0177
S_3169,15,13,0.0427
S_3170,13,105,0.1445
S_3171,19,52,0.0936
S_3172,16,75,0.0085
S_3173,15,58,0.0695
S_3174,10,104,0.0493
S_3175,11,65,0.0066
S_3176,15,57,0.0251
S_3177,8,110,0.0951
S_3178,18,86,0.035
S_3179,14,13,0.0523
S_3180,21,21,0.1126
S_3181,21,94,0.1099
S_3182,14,100,0.0418
S_3183,14,65,0.0227
S_3184,17,66,0.0242
S_3185,20,75,0.0536
S_3186,10,52,0.1466
S_3187,9,81,0.0723
S_3188,13,13,0.019
S_3189,16,115,0.0361
S_3190,16,90,0.133
S_3191,18,75,0.0322
S_3192,11,37,0.0519
S_3193,8,19,0.0513
S_3194,17,49,0.0999
S_3195,12,79,0.0698
S_3196,8,76,0.0532
S_3197,15,45,0.0204
S_3198,17,73,0.016
S_3199,14,97,0.0344
S_3200,13,3,0.0086
S_3201,14,54,0.0385
S_3202,13,91,0.0578
S_3203,10,65,0.079
S_3204,12,78,0.0161
S_3205,16,62,0.0301
S_3206,15,119,0.0276
S_3207,15,6,0.0981
S_3208,12,58,0.0111
S_3209,14,10,0.0395
S_3210,8,19,0.0143
S_3211,15,45,0.0669
S_3212,19,18,0.0417
S_3213,10,115,0.0386
S_3214,13,113,0.058
S_3215,15,40,0.0592
S_3216,18,76,0.0427
S_3217,13,64,0.0025
S_3218,12,97,0.0742
S_3219,9,75,0.0399
S_3220,15,0,0.0527
S_3221,21,91,0.0347
S_3222,15,89,0.0167
S_3223,14,61,0.039
S_3224,15,108,0.0162
S_3225,14,109,0.1137
S_3226,12,62,0.0548
S_3227,17,72,0.0569
S_3228,15,119,0.0333
S_3229,15,35,0.0777
S_3230,12,38,0.0288
S_3231,18,21,0.0773
S_3232,16,107,0.0071
S_3233,13,89,0.0569
S_3234,18,12,0.0276
S_3235,13,117,0.0425
S_3236,12,87,0.0497
S_3237,12,102,0.0517
S_3238,9,5,0.0443
S_3239,16,60,0.0426
S_3240,9,83,0.0541
S_3241,11,65,0.0269
S_3242,8,79,0.0377
S_3243,14,98,0.0993
S_3244,14,44,0.0113
S_3245,14,101,0.0488
S_3246,11,19,0.0797
S_3247,11,32,0.0966
S_3248,16,5,0.0233
S_3249,13,43,0.0137
S_3250,15,45,0.1267
S_3251,12,96,0.1245
S_3252,15,78,0.0505
S_3253,18,52,0.0965
S_3254,16,78,0.0343
S_3255,13,6,0.0692
S_3256,15,21,0.0802
S_3257,14,75,0.0638
S_3258,15,76,0.0292
S_3259,14,92,0.1951
S_3260,14,48,0.0269
S_3261,15,86,0.1042
S_3262,12,82,0.0788
S_3263,11,115,0.0662
S_3264,10,25,0.0431
S_3265,10,66,0.1279
S_3266,11,72,0.0428
S_3267,15,119,0.0239
S_3268,12,24,0.0818
S_3269,16,62,0.0209
S_3270,15,41,0.0193
S_3271,9,63,0.0902
S_3272,16,27,0.0125
S_3273,17,5,0.1037
S_3274,12,68,0.0277
S_3275,16,40,0.0017
S_3276,12,21,0.0354
S_3277,15,38,0.0344
S_3278,11,5,0.0419
S_3279,9,114,0.0836
S_3280,13,69,0.009
S_3281,14,97,0.0099
S_3282,13,50,0.0534
S_3283,11,108,0.0222
S_3284,13,57,0.118
S_3285,15,68,0.0343
S_3286,14,59,0.0457
S_3287,15,87,0.0507
S_3288,12,67,0.0274
S_3289,18,32,0.0517
S_3290,11,17,0.0344
S_3291,16,72,0.0634
S_3292,18,58,0.0483
S_3293,16,11,0.0887
S_3294,14,47,0.1495
S_3295,13,61,0.0169
S_3296,18,99,0.0309
S_3297,10,9,0.0235
S_3298,12,41,0.0138
S_3299,13,98,0.0341
S_3300,18,77,0.0141
S_3301,16,34,0.0705
S_3302,12,101,0.0045
S_3303,14,59,0.0278
S_3304,13,59,0.0665
S_3305,12,117,0.0615
S_3306,17,113,0.0755
S_3307,10,43,0.0364
S_3308,19,16,0.0303
S_3309,17,39,0.0291
S_3310,18,3,0.0769
S_3311,13,2,0.022
S_3312,14,47,0.055
S_3313,10,112,0.0581
S_3314,13,104,0.0248
S_3315,16,61,0.0373
S_3316,18,67,0.0741
S_3317,11,0,0.0295
S_3318,13,25,0.0426
S_3319,14,2,0.0079
S_3320,10,90,0.0152
S_3321,16,17,0.0662
S_3322,12,104,0.024
S_3323,14,77,0.0601
S_3324,13,27,0.0274
S_3325,12,18,0.0135
S_3326,14,75,0.0091
S_3327,14,108,0.0565
S_3328,13,86,0.0282
S_3329,12,41,0.0293
S_3330,15,70,0.022
S_3331,19,37,0.0019
S_3332,15,119,0.0415
S_3333,17,89,0.0187
S_3334,10,73,0.1088
S_3335,15,50,0.0573
S_3336,11,74,0.019
S_3337,10,40,0.0299
S_3338,12,3,0.0807
S_3339,18,47,0.1126
S_3340,17,111,0.0538
S_3341,15,75,0.0427
S_3342,10,10,0.0304
S_3343,14,106,0.0444
S_3344,15,32,0.0281
S_3345,15,29,0.067
S_3346,9,35,0.0098
S_3347,12,69,0.0656
S_3348,14,65,0.0315
S_3349,16,58,0.0858
S_3350,8,86,0.0259
S_3351,14,37,0.0833
S_3352,15,93,0.0221
S_3353,17,21,0.0144
S_3354,17,93,0.0552
S_3355,16,79,0.1415
S_3356,12,81,0.0491
S_3357,9,57,0.0102
S_3358,13,80,0.0316
S_3359,18,9,0.0698
S_3360,19,102,0.0223
S_3361,17,6,0.1028
S_3362,16,17,0.1541
S_3363,16,69,0.0358
S_3364,13,88,0.0501
S_3365,14,9,0.0429
S_3366,20,110,0.0384
S_3367,12,116,0.0333
S_3368,19,72,0.0336
S_3369,14,57,0.0019
S_3370,18,88,0.0285
S_3371,10,39,0.0697
S_3372,16,59,0.0252
S_3373,12,109,0.0515
S_3374,10,114,0.0563
S_3375,15,111,0.0169
S_3376,18,31,0.0332
S_3377,12,27,0.0892
S_3378,10,35,0.0188
S_3379,14,52,0.0291
S_3380,14,37,0.0801
S_3381,16,44,0.0712
S_3382,17,74,0.0774
S_3383,14,91,0.1249
S_3384,20,88,0.0696
S_3385,15,97,0.0912
S_3386,13,3,0.0952
S_3387,10,5,0.0694
S_3388,14,94,0.0464
S_3389,13,63,0.0049
S_3390,17,69,0.024
S_3391,16,6,0.0318
S_3392,11,30,0.0132
S_3393,15,76,0.0771
S_3394,17,103,0.0404
S_3395,19,110,0.0371
S_3396,17,60,0.0511
S_3397,17,65,0.0462
S_3398,15,99,0.0247
S_3399,16,64,0.0205
S_3400,18,62,0.0222
S_3401,11,108,0.0722
S_3402,13,94,0.0466
S_3403,12,109,0.0186
S_3404,16,26,0.0027
S_3405,18,62,0.0219
S_3406,13,101,0.1044
S_3407,7,13,0.0322
S_3408,13,95,0.0535
S_3409,17,21,0.0087
S_3410,16,96,0.0378
S_3411,16,73,0.0391
S_3412,14,23,0.021
S_3413,11,56,0.049
S_3414,16,81,0.0815
S_3415,12,76,0.0274
S_3416,21,51,0.0157
S_3417,16,107,0.0132
S_3418,13,62,0.0216
S_3419,13,60,0.0958
S_3420,14,7,0.0507
S_3421,14,110,0.034
S_3422,18,21,0.0285
S_3423,15,63,0.0461
S_3424,12,96,0.0365
S_3425,20,25,0.027
S_3426,15,63,0.0647
S_3427,17,28,0.0706
S_3428,13,91,0.0492
S_3429,16,67,0.0508
S_3430,15,102,0.0057
S_3431,9,107,0.064
S_3432,21,77,0.1066
S_3433,18,87,0.0312
S_3434,13,65,0.0046
S_3435,11,46,0.0394
S_3436,16,77,0.0517
S_3437,15,108,0.084
S_3438,16,50,0.0215
S_3439,15,37,0.0274
S_3440,16,46,0.0683
S_3441,19,52,0.0289
S_3442,16,8,0.0629
S_3443,11,59,0.0312
S_3444,19,59,0.0215
S_3445,19,70,0.0226
S_3446,21,43,0.0131
S_3447,11,73,0.0823
S_3448,15,105,0.0052
S_3449,8,114,0.0253
S_3450,16,70,0.045
S_3451,13,5,0.0589
S_3452,20,116,0.0737
S_3453,12,84,0.021
S_3454,9,40,0.1273
S_3455,13,17,0.0727
S_3456,9,17,0.0684
S_3457,17,20,0.1306
S_3458,8,5,0.0425
S_3459,15,108,0.0469
S_3460,8,64,0.0529
S_3461,14,83,0.0274
S_3462,19,99,0.1832
S_3463,16,94,0.0453
S_3464,12,105,0.0578
S_3465,14,116,0.0299
S_3466,15,52,0.0059
S_3467,16,114,0.042
S_3468,10,86,0.0482
S_3469,16,8,0.0138
S_3470,6,81,0.0239
S_3471,13,82,0.0113
S_3472,13,108,0.0408
S_3473,16,44,0.0358
S_3474,15,70,0.014
S_3475,10,1,0.0125
S_3476,12,39,0.0547
S_3477,15,7,0.0293
S_3478,14,62,0.1119
S_3479,13,98,0.0659
S_3480,13,24,0.0287
S_3481,17,63,0.1315
S_3482,13,24,0.1018
S_3483,14,14,0.0474
S_3484,21,61,0.0151
S_3485,10,9,0.0485
S_3486,9,70,0.0771
S_3487,17,3,0.0286
S_3488,12,12,0.0649
S_3489,14,65,0.0253
S_3490,12,70,0.0755
S_3491,14,3,0.0651
S_3492,19,68,0.0243
S_3493,17,100,0.1048
S_3494,17,86,0.0321
S_3495,10,15,0.036
S_3496,11,71,0.0481
S_3497,6,80,0.111
S_3498,12,4,0.0195
S_3499,17,102,0.0376
S_3500,16,108,0.0383
S_3501,14,102,0.1063
S_3502,14,98,0.0034
S_3503,12,89,0.0162
S_3504,15,76,0.0457
S_3505,17,81,0.0038
S_3506,10,96,0.1411
S_3507,15,79,0.0945
S_3508,17,39,0.0335
S_3509,13,45,0.0263
S_3510,17,107,0.0095
S_3511,21,2,0.0553
S_3512,14,83,0.0638
S_3513,16,114,0.0213
S_3514,12,84,0.0084
S_3515,15,119,0.0418
S_3516,16,82,0.0271
S_3517,15,4,0.0358
S_3518,11,99,0.0396
S_3519,15,34,0.0483
S_3520,19,53,0.0926
S_3521,16,37,0.1213
S_3522,17,32,0.1393
S_3523,14,51,0.0351
S_3524,17,45,0.0084
S_3525,15,76,0.0516
S_3526,12,97,0.0673
S_3527,15,35,0.0458
S_3528,12,25,0.0548
S_3529,13,80,0.0904
S_3530,15,80,0.0875
S_3531,15,108,0.075
S_3532,11,1,0.0436
S_3533,18,102,0.0904
S_3534,16,62,0.0293
S_3535,12,74,0.0771
S_3536,10,10,0.054
S_3537,14,51,0.0405
S_3538,13,27,0.036
S_3539,15,30,0.0084
S_3540,13,60,0.0272
S_3541,8,97,0.061
S_3542,13,89,0.0619
S_3543,14,70,0.0147
S_3544,16,64,0.0147
S_3545,12,51,0.0581
S_3546,20,116,0.0593
S_3547,9,67,0.0144
S_3548,18,30,0.0252
S_3549,14,27,0.1203
S_3550,17,73,0.027
S_3551,15,62,0.0749
S_3552,18,0,0.028
S_3553,13,99,0.0671
S_3554,11,84,0.114
S_3555,19,79,0.0652
S_3556,14,8,0.0108
S_3557,15,43,0.0726
S_3558,18,112,0.0322
S_3559,11,103,0.1106
S_3560,16,34,0.0128
S_3561,13,18,0.0236
S_3562,14,53,0.1755
S_3563,15,42,0.0227
S_3564,10,81,0.0119
S_3565,12,115,0.0625
S_3566,19,43,0.059
S_3567,17,7,0.0279
S_3568,14,107,0.0659
S_3569,15,4,0.0467
S_3570,14,114,0.0627
S_3571,19,79,0.0809
S_3572,14,113,0.0757
S_3573,15,23,0.0858
S_3574,18,4,0.0763
S_3575,12,58,0.0106
S_3576,19,54,0.0408
S_3577,10,39,0.0518
S_3578,19,114,0.0285
S_3579,13,98,0.0443
S_3580,14,79,0.0602
S_3581,9,19,0.0436
S_3582,13,88,0.0437
S_3583,11,87,0.0407
S_3584,13,51,0.075
S_3585,14,110,0.1691
S_3586,17,20,0.0312
S_3587,15,32,0.0361
S_3588,15,7,0.0225
S_3589,11,95,0.0676
S_3590,12,74,0.0206
S_3591,20,37,0.0381
S_3592,12,19,0.0526
S_3593,19,4,0.0356
S_3594,14,20,0.1443
S_3595,15,54,0.0886
S_3596,18,29,0.0289
S_3597,18,31,0.086
S_3598,14,105,0.0322
S_3599,13,61,0.0199
S_3600,14,87,0.0453
S_3601,16,4,0.0527
S_3602,17,43,0.0328
S_3603,15,57,0.0396
S_3604,16,22,0.0365
S_3605,19,14,0.0553
S_3606,16,104,0.0114
S_3607,15,112,0.1084
S_3608,10,9,0.027
S_3609,7,41,0.0999
S_3610,16,114,0.0651
S_3611,14,9,0.1035
S_3612,13,77,0.0299
S_3613,15,116,0.025
S_3614,14,117,0.0809
S_3615,18,56,0.0767
S_3616,15,19,0.043
S_3617,12,24,0.1128
S_3618,17,106,0.0218
S_3619,14,109,0.0434
S_3620,16,72,0.082
S_3621,13,91,0.03
S_3622,13,88,0.0052
S_3623,15,79,0.0336
S_3624,15,99,0.0345
S_3625,16,82,0.032
S_3626,14,64,0.0413
S_3627,9,28,0.0292
S_3628,13,89,0.0268
S_3629,17,56,0.0497
S_3630,14,35,0.0201
S_3631,14,96,0.0471
S_3632,17,83,0.1086
S_3633,12,112,0.088
S_3634,10,19,0.0186
S_3635,14,77,0.0387
S_3636,13,29,0.06
S_3637,12,108,0.0445
S_3638,14,11,0.0443
S_3639,16,78,0.0384
S_3640,14,94,0.0441
S_3641,15,42,0.0403
S_3642,20,114,0.0422
S_3643,13,102,0.0459
S_3644,15,35,0.023
S_3645,13,0,0.0927
S_3646,12,35,0.0058
S_3647,13,33,0.0039
S_3648,13,106,0.014
S_3649,16,116,0.0873
S_3650,21,8,0.0203
S_3651,12,56,0.1467
S_3652,13,65,0.0074
S_3653,14,11,0.0086
S_3654,16,45,0.0336
S_3655,15,38,0.0474
S_3656,18,64,0.033
S_3657,7,79,0.0311
S_3658,7,84,0.1245
S_3659,13,16,0.0753
S_3660,18,97,0.0303
S_3661,10,81,0.0972
S_3662,5,106,0.0481
S_3663,16,53,0.0222
S_3664,15,107,0.0657
S_3665,11,103,0.0313
S_3666,12,52,0.0474
S_3667,12,45,0.0278
S_3668,15,111,0.0757
S_3669,13,85,0.0592
S_3670,16,111,0.0496
S_3671,6,95,0.0429
S_3672,12,73,0.0803
S_3673,11,13,0.0297
S_3674,14,34,0.0751
S_3675,13,116,0.0118
S_3676,17,38,0.0478
S_3677,9,11,0.0433
S_3678,15,84,0.091
S_3679,16,88,0.0798
S_3680,20,34,0.0146
S_3681,13,35,0.0346
S_3682,15,56,0.0375
S_3683,9,2,0.0219
S_3684,7,94,0.0409
S_3685,17,38,0.0026
S_3686,14,102,0.1564
S_3687,18,96,0.063
S_3688,10,79,0.016
S_3689,16,38,0.0244
S_3690,20,61,0.0421
S_3691,16,53,0.0216
S_3692,15,40,0.0316
S_3693,15,101,0.0571
S_3694,10,58,0.0883
S_3695,19,99,0.0731
S_3696,13,12,0.0891
S_3697,16,16,0.0166
S_3698,10,117,0.0226
S_3699,11,70,0.0566
S_3700,19,61,0.0292
S_3701,13,62,0.0419
S_3702,19,25,0.0062
S_3703,14,86,0.063
S_3704,9,10,0.1509
S_3705,17,68,0.0923
S_3706,13,68,0.0795
S_3707,17,109,0.0694
S_3708,15,63,0.0562
S_3709,10,16,0.0852
S_3710,15,68,0.0317
S_3711,21,10,0.082
S_3712,16,24,0.1138
S_3713,14,3,0.0599
S_3714,18,61,0.0244
S_3715,15,10,0.0457
S_3716,15,56,0.0414
S_3717,11,111,0.0787
S_3718,15,86,0.0448
S_3719,18,9,0.0271
S_3720,12,26,0.1045
S_3721,19,80,0.1667
S_3722,14,107,0.0891
S_3723,12,3,0.0073
S_3724,17,97,0.0806
S_3725,14,67,0.0105
S_3726,17,65,0.0829
S_3727,14,114,0.0912
S_3728,14,89,0.0608
S_3729,16,102,0.0202
S_3730,15,42,0.0974
S_3731,9,66,0.0175
S_3732,11,73,0.0179
S_3733,17,38,0.1273
S_3734,14,68,0.0156
S_3735,13,28,0.1593
S_3736,10,17,0.055
S_3737,11,44,0.0357
S_3738,8,88,0.0145
S_3739,14,109,0.0132
S_3740,13,54,0.0987
S_3741,12,77,0.1588
S_3742,14,12,0.0301
S_3743,16,108,0.1407
S_3744,21,68,0.0622
S_3745,10,93,0.0422
S_3746,18,95,0.0593
S_3747,17,30,0.0633
S_3748,12,63,0.0246
S_3749,15,115,0.0334
S_3750,13,10,0.0383
S_3751,15,81,0.0283
S_3752,19,115,0.1133
S_3753,16,36,0.0543
S_3754,16,103,0.0093
S_3755,13,112,0.0143
S_3756,10,89,0.016
S_3757,14,27,0.0237
S_3758,18,40,0.0845
S_3759,10,4,0.0514
S_3760,11,99,0.009
S_3761,15,101,0.0211
S_3762,12,75,0.1792
S_3763,12,42,0.0074
S_3764,13,9,0.0566
S_3765,10,90,0.0078
S_3766,12,87,0.0183
S_3767,17,109,0.0892
S_3768,11,87,0.0304
S_3769,10,99,0.0053
S_3770,13,89,0.0154
S_3771,17,75,0.0112
S_3772,14,51,0.1144
S_3773,13,108,0.0273
S_3774,15,78,0.0479
S_3775,9,47,0.037
S_3776,16,10,0.0851
S_3777,16,34,0.0775
S_3778,13,65,0.1044
S_3779,18,33,0.0171
S_3780,11,26,0.0156
S_3781,18,63,0.0275
S_3782,15,20,0.0811
S_3783,13,96,0.1166
S_3784,14,58,0.0566
S_3785,14,68,0.0413
S_3786,18,17,0.0247
S_3787,11,38,0.0571
S_3788,12,49,0.0055
S_3789,18,96,0.0854
S_3790,13,92,0.0544
S_3791,17,26,0.0261
S_3792,20,73,0.0505
S_3793,13,29,0.0353
S_3794,17,118,0.0177
S_3795,11,114,0.1008
S_3796,17,67,0.0523
S_3797,15,83,0.0097
S_3798,16,96,0.0391
S_3799,13,86,0.0436
S_3800,10,83,0.0824
S_3801,16,115,0.0267
S_3802,8,71,0.0794
S_3803,14,76,0.1299
S_3804,17,101,0.0152
S_3805,15,80,0.0529
S_3806,20,87,0.0199
S_3807,18,28,0.0634
S_3808,13,44,0.0194
S_3809,15,17,0.0792
S_3810,14,60,0.0329
S_3811,10,54,0.0174
S_3812,12,119,0.0462
S_3813,13,73,0.0275
S_3814,8,94,0.007
S_3815,15,40,0.0152
S_3816,14,99,0.0205
S_3817,9,73,0.0936
S_3818,16,83,0.0563
S_3819,17,35,0.1081
S_3820,15,65,0.024
S_3821,14,76,0.0304
S_3822,16,70,0.1108
S_3823,17,109,0.0196
S_3824,15,107,0.041
S_3825,12,116,0.0831
S_3826,15,80,0.0821
S_3827,18,116,0.0235
S_3828,13,99,0.048
S_3829,21,32,0.0188
S_3830,13,51,0.1076
S_3831,15,28,0.0249
S_3832,12,0,0.0458
S_3833,15,22,0.0216
S_3834,9,0,0.0894
S_3835,13,86,0.057
S_3836,11,51,0.0648
S_3837,15,37,0.0143
S_3838,17,91,0.067
S_3839,16,99,0.0141
S_3840,7,117,0.0134
S_3841,21,77,0.0649
S_3842,15,55,0.0519
S_3843,12,36,0.1018
S_3844,15,26,0.006
S_3845,15,25,0.0119
S_3846,12,49,0.0323
S_3847,15,119,0.0174
S_3848,13,0,0.0528
S_3849,13,23,0.0504
S_3850,12,22,0.0514
S_3851,10,86,0.1171
S_3852,15,42,0.0736
S_3853,16,54,0.0403
S_3854,16,17,0.0516
S_3855,17,48,0.0687
S_3856,15,12,0.0009
S_3857,13,63,0.0813
S_3858,17,11,0.0634
S_3859,10,94,0.0948
S_3860,12,67,0.0883
S_3861,12,86,0.0288
S_3862,18,50,0.0185
S_3863,17,45,0.01
S_3864,16,11,0.0252
S_3865,18,62,0.0612
S_3866,12,61,0.0353
S_3867,16,56,0.0371
S_3868,14,88,0.0118
S_3869,17,99,0.0079
S_3870,14,90,0.092
S_3871,13,17,0.0295
S_3872,16,74,0.032
S_3873,17,9,0.0038
S_3874,12,83,0.0396
S_3875,14,45,0.0437
S_3876,11,15,0.0256
S_3877,7,103,0.0427
S_3878,15,73,0.0858
S_3879,16,42,0.0303
S_3880,15,3,0.0162
S_3881,9,64,0.0541
S_3882,13,110,0.0535
S_3883,8,71,0.0599
S_3884,19,116,0.0936
S_3885,11,16,0.0433
S_3886,18,68,0.1978
S_3887,17,95,0.0333
S_3888,12,63,0.037
S_3889,11,10,0.0228
S_3890,16,69,0.0211
S_3891,12,73,0.0677
S_3892,15,87,0.0479
S_3893,13,91,0.0399
S_3894,9,92,0.1316
S_3895,8,79,0.0798
S_3896,15,25,0.0702
S_3897,13,48,0.0299
S_3898,13,93,0.0112
S_3899,17,114,0.0491
S_3900,18,9,0.01
S_3901,14,64,0.0328
S_3902,13,37,0.0167
S_3903,16,27,0.0631
S_3904,10,60,0.018
S_3905,15,72,0.0477
S_3906,16,1,0.0533
S_3907,17,93,0.0047
S_3908,9,98,0.0119
S_3909,12,115,0.0843
S_3910,12,21,0.0587
S_3911,15,71,0.0696
S_3912,16,51,0.0454
S_3913,19,40,0.1772
S_3914,13,67,0.025
S_3915,13,93,0.1608
S_3916,18,2,0.0124
S_3917,15,116,0.0755
S_3918,18,97,0.0553
S_3919,15,90,0.0452
S_3920,11,91,0.0542
S_3921,11,46,0.0164
S_3922,10,90,0.0639
S_3923,16,46,0.0204
S_3924,18,107,0.0202
S_3925,20,21,0.04
S_3926,17,35,0.037
S_3927,18,66,0.0264
S_3928,13,38,0.006
S_3929,11,50,0.0444
S_3930,17,59,0.1052
S_3931,16,102,0.1135
S_3932,15,62,0.0544
S_3933,16,43,0.0842
S_3934,15,29,0.0814
S_3935,18,49,0.0445
S_3936,18,61,0.098
S_3937,16,89,0.0234
S_3938,17,14,0.0504
S_3939,16,26,0.2006
S_3940,13,45,0.0574
S_3941,17,43,0.04
S_3942,10,47,0.0331
S_3943,18,95,0.0994
S_3944,11,38,0.031
S_3945,15,60,0.0667
S_3946,12,74,0.0079
S_3947,16,27,0.0214
S_3948,14,86,0.1921
S_3949,10,65,0.0719
S_3950,16,53,0.0378
S_3951,13,97,0.0184
S_3952,17,29,0.0629
S_3953,15,105,0.0829
S_3954,16,67,0.0115
S_3955,12,73,0.0258
S_3956,13,105,0.023
S_3957,13,98,0.0647
S_3958,17,72,0.0172
S_3959,20,90,0.0315
S_3960,12,51,0.0196
S_3961,18,65,0.0249
S_3962,8,7,0.0058
S_3963,11,10,0.0584
S_3964,12,99,0.0407
S_3965,10,7,0.0155
S_3966,10,20,0.02
S_3967,16,95,0.0343
S_3968,14,0,0.0298
S_3969,16,33,0.0507
S_3970,17,70,0.0476
S_3971,15,71,0.0062
S_3972,16,93,0.0099
S_3973,14,60,0.0146
S_3974,11,61,0.026
S_3975,18,87,0.044
S_3976,13,59,0.0291
S_3977,12,73,0.0506
S_3978,14,107,0.0464
S_3979,12,48,0.003
S_3980,13,46,0.0159
S_3981,16,0,0.0228
S_3982,16,73,0.0121
S_3983,12,3,0.0097
S_3984,13,60,0.0463
S_3985,18,96,0.0469
S_3986,16,65,0.0434
S_3987,21,32,0.0762
S_3988,18,94,0.0201
S_3989,18,32,0.0752
S_3990,10,87,0.0345
S_3991,17,73,0.0915
S_3992,14,20,0.0152
S_3993,13,108,0.068
S_3994,15,24,0.056
S_3995,17,118,0.0194
S_3996,16,0,0.036
S_3997,12,31,0.0458
S_3998,17,23,0.0403
S_3999,13,1,0.0194
S_4000,15,87,0.0405
S_4001,14,83,0.0356
S_4002,14,95,0.0478
S_4003,17,30,0.0638
S_4004,11,53,0.0868
S_4005,20,79,0.1053
S_4006,9,52,0.0055
S_4007,13,83,0.0325
S_4008,16,76,0.0566
S_4009,16,13,0.0415
S_4010,14,93,0.0091
S_4011,14,86,0.02
S_4012,16,78,0.0682
S_4013,14,18,0.0062
S_4014,19,32,0.005
S_4015,17,47,0.0667
S_4016,17,33,0.0069
S_4017,12,27,0.1001
S_4018,14,96,0.0296
S_4019,14,76,0.0365
S_4020,11,67,0.0138
S_4021,16,27,0.0421
S_4022,13,110,0.0376
S_4023,16,22,0.0463
S_4024,11,95,0.0958
S_4025,20,116,0.0896
S_4026,12,87,0.0348
S_4027,15,119,0.0225
S_4028,17,78,0.1423
S_4029,13,26,0.0092
S_4030,17,24,0.0297
S_4031,11,38,0.0121
S_4032,19,0,0.0403
S_4033,15,81,0.0448
S_4034,13,32,0.0338
S_4035,14,97,0.1321
S_4036,17,43,0.0469
S_4037,13,57,0.0594
S_4038,12,115,0.0493
S_4039,14,29,0.0083
S_4040,11,86,0.0552
S_4041,20,90,0.0859
S_4042,13,26,0.0234
S_4043,17,60,0.0362
S_4044,15,42,0.0403
S_4045,12,92,0.0195
S_4046,14,74,0.046
S_4047,17,57,0.089
S_4048,14,93,0.0738
S_4049,18,28,0.1231
S_4050,18,90,0.0525
S_4051,17,103,0.0726
S_4052,13,105,0.0354
S_4053,11,94,0.0466
S_4054,13,48,0.0996
S_4055,15,117,0.0402
S_4056,16,45,0.083
S_4057,8,76,0.0085
S_4058,14,19,0.0905
S_4059,15,117,0.0537
S_4060,14,84,0.074
S_4061,18,90,0.0528
S_4062,16,7,0.0486
S_4063,18,91,0.0509
S_4064,14,92,0.0778
S_4065,17,80,0.0223
S_4066,19,35,0.0178
S_4067,18,58,0.0807
S_4068,11,13,0.029
S_4069,14,56,0.0121
S_4070,13,29,0.0149
S_4071,16,41,0.061
S_4072,17,19,0.0313
S_4073,12,27,0.0101
S_4074,15,9,0.0476
S_4075,8,110,0.0217
S_4076,19,63,0.003
S_4077,13,47,0.0184
S_4078,15,64,0.0149
S_4079,14,75,0.0301
S_4080,18,110,0.0286
S_4081,6,21,0.0278
S_4082,14,35,0.0805
S_4083,14,117,0.0537
S_4084,13,44,0.046
S_4085,20,2,0.0942
S_4086,12,17,0.0506
S_4087,17,3,0.0418
S_4088,16,118,0.0666
S_4089,18,33,0.0323
S_4090,12,110,0.049
S_4091,12,119,0.0112
S_4092,18,71,0.0224
S_4093,16,3,0.0394
S_4094,10,9,0.0435
S_4095,13,57,0.0839
S_4096,16,48,0.0453
S_4097,17,72,0.0314
S_4098,12,52,0.0364
S_4099,6,112,0.0408
S_4100,16,64,0.0486
S_4101,11,83,0.0285
S_4102,8,107,0.0448
S_4103,6,17,0.0535
S_4104,17,27,0.0205
S_4105,15,12,0.0337
S_4106,14,16,0.0808
S_4107,19,61,0.0461
S_4108,16,38,0.0207
S_4109,19,50,0.034
S_4110,10,117,0.0185
S_4111,14,18,0.0094
S_4112,10,64,0.0657
S_4113,14,11,0.0163
S_4114,14,38,0.0695
S_4115,16,63,0.1001
S_4116,15,113,0.0586
S_4117,16,46,0.016
S_4118,17,7,0.0368
S_4119,21,46,0.0586
S_4120,14,17,0.0159
S_4121,12,27,0.0528
S_4122,15,74,0.0841
S_4123,12,8,0.0459
S_4124,19,55,0.0489
S_4125,14,73,0.0541
S_4126,13,50,0.0981
S_4127,13,2,0.1731
S_4128,17,118,0.0219
S_4129,14,44,0.0328
S_4130,13,93,0.0274
S_4131,19,39,0.0496
S_4132,12,57,0.0067
S_4133,15,46,0.039
S_4134,16,41,0.024
S_4135,10,2,0.0821
S_4136,16,43,0.0158
S_4137,11,106,0.0694
S_4138,17,82,0.0987
S_4139,12,17,0.034
S_4140,17,70,0.0278
S_4141,18,107,0.1075
S_4142,17,84,0.0324
S_4143,15,17,0.0957
S_4144,14,104,0.0259
S_4145,13,36,0.0275
S_4146,19,54,0.0098
S_4147,12,63,0.0193
S_4148,11,102,0.0513
S_4149,16,111,0.0154
S_4150,12,111,0.1248
S_4151,12,0,0.0013
S_4152,10,110,0.0173
S_4153,13,6,0.0586
S_4154,14,31,0.0818
S_4155,15,61,0.0355
S_4156,17,57,0.0354
S_4157,16,72,0.0438
S_4158,14,57,0.0101
S_4159,14,112,0.0444
S_4160,16,28,0.0682
S_4161,18,32,0.1139
S_4162,15,110,0.0412
S_4163,13,9,0.0853
S_4164,12,73,0.0345
S_4165,10,81,0.0307
S_4166,16,60,0.031
S_4167,16,83,0.0727
S_4168,16,20,0.0352
S_4169,14,102,0.0189
S_4170,19,16,0.0222
S_4171,13,48,0.0051
S_4172,17,9,0.0406
S_4173,14,65,0.0704
S_4174,13,80,0.0078
S_4175,16,112,0.0382
S_4176,16,88,0.1164
S_4177,16,64,0.0391
S_4178,15,111,0.0068
S_4179,14,57,0.0548
S_4180,21,67,0.0295
S_4181,18,71,0.0247
S_4182,17,49,0.04
S_4183,15,100,0.0196
S_4184,18,22,0.0735
S_4185,16,66,0.0517
S_4186,15,86,0.0748
S_4187,14,108,0.0613
S_4188,14,106,0.0079
S_4189,5,61,0.0254
S_4190,15,77,0.0261
S_4191,13,47,0.0366
S_4192,19,56,0.0499
S_4193,15,108,0.0218
S_4194,11,111,0.0264
S_4195,14,107,0.0523
S_4196,11,16,0.0274
S_4197,16,102,0.095
S_4198,15,113,0.0946
S_4199,17,43,0.0489
S_4200,12,62,0.0729
S_4201,15,93,0.0754
S_4202,10,67,0.0338
S_4203,17,119,0.0396
S_4204,16,54,0.0216
S_4205,16,85,0.0122
S_4206,15,95,0.1085
S_4207,16,59,0.0341
S_4208,19,102,0.0257
S_4209,14,65,0.0283
S_4210,15,49,0.0348
S_4211,11,12,0.0204
S_4212,12,47,0.0513
S_4213,15,88,0.0167
S_4214,18,110,0.0153
S_4215,14,30,0.0801
S_4216,14,42,0.0883
S_4217,13,18,0.0434
S_4218,13,82,0.0352
S_4219,15,115,0.0167
S_4220,10,76,0.0982
S_4221,18,74,0.0068
S_4222,13,66,0.034
S_4223,17,10,0.061
S_4224,11,87,0.0358
S_4225,17,72,0.0221
S_4226,17,79,0.0818
S_4227,16,107,0.1288
S_4228,12,94,0.0522
S_4229,15,93,0.0457
S_4230,11,111,0.038
S_4231,14,118,0.0938
S_4232,18,69,0.0447
S_4233,17,13,0.1432
S_4234,15,55,0.0049
S_4235,12,94,0.0424
S_4236,16,3,0.0055
S_4237,15,6,0.0231
S_4238,8,8,0.048
S_4239,17,87,0.0503
S_4240,14,60,0.0204
S_4241,18,44,0.0929
S_4242,11,12,0.0206
S_4243,5,87,0.0245
S_4244,15,38,0.0342
S_4245,15,31,0.0685
S_4246,9,78,0.0168
S_4247,12,67,0.1446
S_4248,21,43,0.0383
S_4249,14,76,0.052
S_4250,17,32,0.0429
S_4251,13,95,0.0415
S_4252,8,27,0.1314
S_4253,14,19,0.0669
S_4254,14,93,0.0232
S_4255,13,84,0.0447
S_4256,14,21,0.0506
S_4257,15,13,0.0039
S_4258,14,100,0.0392
S_4259,11,93,0.023
S_4260,16,39,0.0681
S_4261,9,78,0.0091
S_4262,8,14,0.0216
S_4263,17,60,0.0398
S_4264,16,2,0.0244
S_4265,14,46,0.0093
S_4266,10,8,0.0461
S_4267,12,57,0.0792
S_4268,14,50,0.0274
S_4269,10,53,0.0344
S_4270,12,5,0.0524
S_4271,16,43,0.0069
S_4272,19,90,0.0618
S_4273,13,44,0.0914
S_4274,17,85,0.0194
S_4275,9,44,0.057
S_4276,16,50,0.0075
S_4277,12,67,0.188
S_4278,15,114,0.0304
S_4279,14,13,0.024
S_4280,18,3,0.0465
S_4281,12,72,0.1508
S_4282,16,113,0.0947
S_4283,14,118,0.0411
S_4284,14,58,0.0243
S_4285,14,56,0.0127
S_4286,12,77,0.0934
S_4287,14,66,0.0941
S_4288,14,76,0.0428
S_4289,15,104,0.0597
S_4290,15,89,0.0305
S_4291,17,59,0.0183
S_4292,17,55,0.0864
S_4293,11,76,0.0182
S_4294,17,54,0.0318
S_4295,11,54,0.0242
S_4296,16,1,0.0663
S_4297,16,20,0.041
S_4298,9,58,0.0119
S_4299,15,98,0.1028
S_4300,13,33,0.0743
S_4301,12,62,0.0415
S_4302,19,41,0.0163
S_4303,13,12,0.0405
S_4304,12,114,0.0644
S_4305,15,102,0.035
S_4306,17,9,0.0101
S_4307,14,86,0.0901
S_4308,18,41,0.0705
S_4309,16,119,0.0249
S_4310,8,36,0.0515
S_4311,13,28,0.0117
S_4312,13,68,0.0455
S_4313,16,100,0.052
S_4314,7,23,0.0116
S_4315,21,85,0.0391
S_4316,16,7,0.0853
S_4317,15,110,0.0398
S_4318,18,9,0.0254
S_4319,21,109,0.0566
S_4320,17,58,0.0161
S_4321,17,53,0.0601
S_4322,15,116,0.0667
S_4323,14,118,0.0478
S_4324,13,78,0.0515
S_4325,12,15,0.0358
S_4326,12,60,0.028
S_4327,10,63,0.0125
S_4328,14,61,0.0288
S_4329,9,68,0.0432
S_4330,15,2,0.0605
S_4331,14,85,0.022
S_4332,15,85,0.0863
S_4333,13,13,0.0431
S_4334,21,68,0.0565
S_4335,19,68,0.1098
S_4336,11,81,0.0921
S_4337,15,10,0.048
S_4338,13,75,0.0045
S_4339,11,33,0.0347
S_4340,10,60,0.0188
S_4341,16,92,0.0429
S_4342,12,84,0.0515
S_4343,17,14,0.0138
S_4344,17,70,0.0301
S_4345,19,116,0.023
S_4346,12,18,0.0358
S_4347,16,102,0.03
S_4348,16,84,0.0221
S_4349,13,92,0.0624
S_4350,12,33,0.129
S_4351,19,34,0.0616
S_4352,15,108,0.0444
S_4353,16,43,0.0383
S_4354,12,7,0.0059
S_4355,11,72,0.0513
S_4356,13,14,0.0297
S_4357,14,95,0.0386
S_4358,11,77,0.0732
S_4359,14,104,0.0974
S_4360,9,94,0.0408
S_4361,11,13,0.0417
S_4362,17,45,0.0124
S_4363,16,92,0.03
S_4364,13,50,0.0153
S_4365,11,116,0.0661
S_4366,11,88,0.0837
S_4367,13,1,0.1313
S_4368,16,105,0.0725
S_4369,17,12,0.0126
S_4370,13,16,0.0299
S_4371,11,88,0.0683
S_4372,15,103,0.082
S_4373,12,64,0.072
S_4374,13,34,0.0386
S_4375,18,42,0.0067
S_4376,17,41,0.0537
S_4377,15,39,0.0457
S_4378,11,29,0.0379
S_4379,15,73,0.0206
S_4380,18,108,0.0364
S_4381,13,36,0.007
S_4382,19,22,0.039
S_4383,18,100,0.0139
S_4384,19,89,0.0238
S_4385,15,111,0.0251
S_4386,16,19,0.0161
S_4387,19,17,0.0344
S_4388,16,64,0.0495
S_4389,13,73,0.0523
S_4390,13,57,0.0431
S_4391,15,71,0.0589
S_4392,11,21,0.0505
S_4393,14,57,0.0591
S_4394,18,78,0.0459
S_4395,8,51,0.0225
S_4396,19,81,0.0666
S_4397,18,54,0.0354
S_4398,13,40,0.0869
S_4399,16,36,0.0203
S_4400,15,49,0.1038
S_4401,18,2,0.0342
S_4402,17,80,0.0188
S_4403,10,101,0.0396
S_4404,16,42,0.0346
S_4405,14,5,0.0954
S_4406,15,118,0.022
S_4407,12,31,0.0532
S_4408,20,15,0.0848
S_4409,18,44,0.0229
S_4410,12,88,0.0145
S_4411,10,35,0.0103
S_4412,13,68,0.0296
S_4413,16,49,0.0507
S_4414,15,14,0.1244
S_4415,18,39,0.035
S_4416,17,86,0.0074
S_4417,17,73,0.0098
S_4418,15,14,0.0395
S_4419,10,19,0.0896
S_4420,14,76,0.0424
S_4421,18,97,0.0216
S_4422,14,41,0.0439
S_4423,16,71,0.0679
S_4424,14,20,0.0831
S_4425,11,37,0.0379
S_4426,14,2,0.008
S_4427,15,92,0.047
S_4428,13,48,0.0548
S_4429,14,97,0.0372
S_4430,12,85,0.087
S_4431,18,99,0.0425
S_4432,14,34,0.0237
S_4433,19,22,0.0673
S_4434,19,116,0.0313
S_4435,14,86,0.0602
S_4436,11,100,0.0391
S_4437,8,1,0.0341
S_4438,10,42,0.0631
S_4439,10,89,0.0745
S_4440,19,9,0.0407
S_4441,15,68,0.0263
S_4442,16,51,0.037
S_4443,8,2,0.0216
S_4444,11,28,0.0127
S_4445,17,34,0.0309
S_4446,15,13,0.1172
S_4447,14,75,0.0775
S_4448,16,29,0.044
S_4449,19,33,0.0267
S_4450,14,107,0.0306
S_4451,15,56,0.0427
S_4452,15,47,0.0242
S_4453,21,86,0.0417
S_4454,8,109,0.0045
S_4455,17,3,0.0697
S_4456,14,53,0.0229
S_4457,16,73,0.0366
S_4458,13,38,0.0515
S_4459,14,92,0.0951
S_4460,17,116,0.0118
S_4461,21,113,0.0292
S_4462,17,31,0.0027
S_4463,12,27,0.005
S_4464,13,114,0.0451
S_4465,13,55,0.0273
S_4466,9,24,0.0643
S_4467,14,84,0.0341
S_4468,17,34,0.012
S_4469,11,32,0.0623
S_4470,18,105,0.0204
S_4471,16,19,0.0566
S_4472,12,7,0.0747
S_4473,14,32,0.024
S_4474,19,72,0.0321
S_4475,17,14,0.0526
S_4476,15,56,0.0274
S_4477,14,75,0.0704
S_4478,15,101,0.1211
S_4479,13,27,0.0149
S_4480,8,98,0.0175
S_4481,21,28,0.047
S_4482,15,81,0.0628
S_4483,16,51,0.0545
S_4484,14,13,0.0397
S_4485,12,85,0.0449
S_4486,14,26,0.0515
S_4487,10,21,0.0081
S_4488,21,42,0.1226
S_4489,11,78,0.0456
S_4490,11,28,0.0233
S_4491,13,22,0.0042
S_4492,18,1,0.0429
S_4493,15,56,0.0688
S_4494,11,51,0.0504
S_4495,18,28,0.0487
S_4496,17,6,0.0183
S_4497,16,51,0.0222
S_4498,17,94,0.0309
S_4499,21,85,0.0183
S_4500,21,103,0.0375
S_4501,12,1,0.0963
S_4502,19,115,0.0205
S_4503,16,40,0.0184
S_4504,16,118,0.0336
S_4505,9,30,0.0145
S_4506,14,56,0.0467
S_4507,12,42,0.0262
S_4508,17,42,0.1264
S_4509,18,101,0.123
S_4510,8,89,0.0608
S_4511,14,119,0.06
S_4512,18,73,0.0788
S_4513,14,55,0.1022
S_4514,17,10,0.0068
S_4515,16,119,0.0408
S_4516,16,66,0.0673
S_4517,14,84,0.02
S_4518,11,48,0.0437
S_4519,11,65,0.0522
S_4520,17,113,0.1358
S_4521,15,19,0.0269
S_4522,14,35,0.0215
S_4523,13,18,0.0481
S_4524,14,95,0.0139
S_4525,18,7,0.0101
S_4526,13,9,0.019
S_4527,10,35,0.0724
S_4528,17,61,0.008
S_4529,14,48,0.0085
S_4530,15,5,0.0473
S_4531,19,114,0.0749
S_4532,14,114,0.0088
S_4533,15,33,0.0037
S_4534,11,87,0.046
S_4535,14,69,0.0156
S_4536,16,28,0.0192
S_4537,10,31,0.0197
S_4538,15,58,0.1544
S_4539,15,50,0.0093
S_4540,15,34,0.0749
S_4541,18,96,0.0317
S_4542,16,57,0.0378
S_4543,19,78,0.0624
S_4544,12,22,0.0343
S_4545,15,64,0.0457
S_4546,15,38,0.0491
S_4547,11,63,0.0679
S_4548,17,93,0.0978
S_4549,21,92,0.0416
S_4550,14,42,0.0227
S_4551,16,83,0.0738
S_4552,15,112,0.0245
S_4553,12,75,0.0597
S_4554,9,17,0.0846
S_4555,12,81,0.0333
S_4556,10,12,0.067
S_4557,20,104,0.0435
S_4558,14,61,0.0345
S_4559,13,46,0.0383
S_4560,17,6,0.0449
S_4561,11,45,0.0214
S_4562,12,108,0.0294
S_4563,15,2,0.0221
S_4564,18,56,0.036
S_4565,16,111,0.1982
S_4566,15,47,0.0309
S_4567,15,51,0.0812
S_4568,16,69,0.0303
S_4569,15,55,0.0325
S_4570,11,20,0.029
S_4571,15,2,0.0503
S_4572,11,73,0.0122
S_4573,15,110,0.0376
S_4574,13,12,0.015
S_4575,21,25,0.0687
S_4576,14,44,0.0114
S_4577,10,97,0.0182
S_4578,14,32,0.0161
S_4579,16,105,0.0242
S_4580,20,6,0.0179
S_4581,13,112,0.0252
S_4582,10,67,0.0497
S_4583,17,79,0.0179
S_4584,10,44,0.0306
S_4585,13,93,0.1253
S_4586,14,19,0.0525
S_4587,14,5,0.0532
S_4588,17,47,0.0417
S_4589,12,102,0.0234
S_4590,14,90,0.0234
S_4591,14,62,0.0726
S_4592,15,68,0.0897
S_4593,15,15,0.0132
S_4594,16,100,0.0469
S_4595,17,94,0.1129
S_4596,16,78,0.1209
S_4597,16,55,0.0607
S_4598,10,115,0.0378
S_4599,15,105,0.0824
S_4600,16,77,0.11
S_4601,17,44,0.0038
S_4602,12,74,0.0294
S_4603,13,69,0.014
S_4604,13,47,0.0712
S_4605,16,36,0.0185
S_4606,18,48,0.0895
S_4607,13,68,0.0214
S_4608,17,51,0.065
S_4609,15,31,0.0814
S_4610,14,91,0.0763
S_4611,14,63,0.1095
S_4612,17,8,0.0119
S_4613,15,44,0.0847
S_4614,21,106,0.0336
S_4615,12,90,0.0535
S_4616,16,38,0.0493
S_4617,13,112,0.0424
S_4618,12,9,0.0393
S_4619,14,115,0.029
S_4620,15,29,0.0154
S_4621,21,1,0.0127
S_4622,14,52,0.0449
S_4623,11,43,0.092
S_4624,15,64,0.0176
S_4625,8,95,0.0077
S_4626,14,101,0.0373
S_4627,15,48,0.0456
S_4628,17,51,0.0144
S_4629,17,17,0.0537
S_4630,13,5,0.0431
S_4631,14,76,0.0171
S_4632,12,7,0.0045
S_4633,11,88,0.0543
S_4634,15,64,0.0614
S_4635,11,23,0.0382
S_4636,13,64,0.0936
S_4637,12,21,0.0788
S_4638,16,52,0.0276
S_4639,20,95,0.0143
S_4640,11,55,0.0762
S_4641,9,17,0.0339
S_4642,14,86,0.0501
S_4643,15,22,0.1399
S_4644,15,88,0.0652
S_4645,13,57,0.0154
S_4646,14,54,0.0129
S_4647,16,102,0.0573
S_4648,18,85,0.0806
S_4649,9,3,0.0204
S_4650,13,35,0.0611
S_4651,15,104,0.0551
S_4652,12,2,0.0832
S_4653,20,65,0.117
S_4654,13,87,0.0486
S_4655,14,74,0.0079
S_4656,16,91,0.0218
S_4657,13,87,0.0437
S_4658,9,83,0.0239
S_4659,13,98,0.0417
S_4660,18,77,0.0092
S_4661,13,48,0.0248
S_4662,12,56,0.0159
S_4663,17,86,0.0764
S_4664,14,105,0.0307
S_4665,13,32,0.0688
S_4666,15,41,0.0855
S_4667,17,111,0.0473
S_4668,21,69,0.0516
S_4669,17,21,0.0167
S_4670,18,79,0.0332
S_4671,13,118,0.079
S_4672,11,98,0.0688
S_4673,15,89,0.0215
S_4674,15,24,0.0216
S_4675,11,105,0.0846
S_4676,14,63,0.0224
S_4677,16,106,0.0677
S_4678,16,39,0.0454
S_4679,16,7,0.0137
S_4680,15,57,0.034
S_4681,13,32,0.0518
S_4682,13,85,0.0615
S_4683,11,114,0.0154
S_4684,20,82,0.0175
S_4685,15,106,0.0559
S_4686,14,54,0.0952
S_4687,12,92,0.0623
S_4688,21,101,0.007
S_4689,11,85,0.0568
S_4690,13,60,0.0353
S_4691,16,75,0.0077
S_4692,16,84,0.039
S_4693,17,30,0.0796
S_4694,20,97,0.0969
S_4695,16,114,0.0607
S_4696,11,55,0.0475
S_4697,14,84,0.0413
S_4698,15,88,0.0996
S_4699,21,79,0.121
S_4700,10,65,0.0538
S_4701,18,105,0.0036
S_4702,15,53,0.076
S_4703,17,7,0.0096
S_4704,14,101,0.0292
S_4705,12,80,0.0383
S_4706,17,101,0.0077
S_4707,16,16,0.029
S_4708,17,3,0.0203
S_4709,14,112,0.0266
S_4710,13,17,0.0671
S_4711,10,97,0.0582
S_4712,17,98,0.0189
S_4713,16,85,0.0813
S_4714,12,15,0.0865
S_4715,13,80,0.0581
S_4716,13,106,0.0333
S_4717,10,51,0.0272
S_4718,12,49,0.011
S_4719,11,53,0.068
S_4720,13,9,0.037
S_4721,12,107,0.1207
S_4722,10,104,0.0331
S_4723,21,119,0.119
S_4724,18,70,0.0541
S_4725,12,90,0.0272
S_4726,15,24,0.0623
S_4727,16,80,0.0502
S_4728,18,77,0.0235
S_4729,12,108,0.0151
S_4730,18,99,0.0066
S_4731,13,112,0.0978
S_4732,10,104,0.0652
S_4733,17,104,0.03
S_4734,18,7,0.0341
S_4735,21,101,0.0995
S_4736,11,72,0.0844
S_4737,17,45,0.0126
S_4738,13,6,0.0566
S_4739,17,81,0.084
S_4740,10,39,0.065
S_4741,11,56,0.0165
S_4742,12,81,0.009
S_4743,15,109,0.035
S_4744,13,99,0.053
S_4745,16,54,0.0186
S_4746,18,46,0.0791
S_4747,16,28,0.0737
S_4748,19,44,0.0154
S_4749,16,13,0.0135
S_4750,11,116,0.0366
S_4751,19,68,0.0692
S_4752,13,15,0.0543
S_4753,17,42,0.1024
S_4754,19,65,0.0452
S_4755,16,63,0.0686
S_4756,10,4,0.0739
S_4757,12,114,0.0384
S_4758,18,33,0.0689
S_4759,14,1,0.0108
S_4760,15,9,0.227
S_4761,17,69,0.0602
S_4762,17,16,0.0212
S_4763,15,5,0.0551
S_4764,14,45,0.0275
S_4765,14,74,0.1379
S_4766,17,13,0.0349
S_4767,16,37,0.0264
S_4768,14,50,0.0248
S_4769,18,19,0.0511
S_4770,14,60,0.0305
S_4771,12,10,0.0419
S_4772,12,5,0.011
S_4773,12,62,0.0599
S_4774,14,29,0.0607
S_4775,18,11,0.0622
S_4776,12,50,0.0265
S_4777,15,109,0.0815
S_4778,13,86,0.0748
S_4779,14,97,0.021
S_4780,10,104,0.0891
S_4781,14,116,0.0422
S_4782,14,91,0.0592
S_4783,16,73,0.0424
S_4784,15,43,0.0462
S_4785,11,21,0.0931
S_4786,18,82,0.0196
S_4787,15,119,0.0161
S_4788,15,56,0.0899
S_4789,14,86,0.0419
S_4790,13,59,0.0089
S_4791,15,51,0.009
S_4792,16,49,0.0844
S_4793,9,60,0.0575
S_4794,13,44,0.0181
S_4795,14,89,0.0302
S_4796,15,104,0.0329
S_4797,18,105,0.0126
S_4798,12,27,0.039
S_4799,13,107,0.015
S_4800,13,40,0.0846
S_4801,12,37,0.0771
S_4802,13,87,0.0447
S_4803,17,36,0.0211
S_4804,11,6,0.0394
S_4805,16,44,0.021
S_4806,9,86,0.0135
S_4807,13,39,0.0264
S_4808,14,75,0.086
S_4809,20,79,0.0546
S_4810,14,88,0.0198
S_4811,8,107,0.0605
S_4812,9,51,0.0993
S_4813,15,19,0.0886
S_4814,16,38,0.0297
S_4815,16,51,0.0336
S_4816,15,85,0.0684
S_4817,18,1,0.082
S_4818,13,37,0.0419
S_4819,17,93,0.0093
S_4820,10,80,0.0557
S_4821,12,87,0.0498
S_4822,9,97,0.0208
S_4823,14,93,0.0705
S_4824,14,81,0.0227
S_4825,15,52,0.0437
S_4826,15,118,0.0428
S_4827,12,68,0.0353
S_4828,14,24,0.0781
S_4829,10,35,0.0801
S_4830,19,83,0.0177
S_4831,14,110,0.0268
S_4832,13,21,0.0288
S_4833,19,9,0.025
S_4834,11,105,0.0975
S_4835,11,109,0.0419
S_4836,11,33,0.0514
S_4837,14,45,0.0757
S_4838,16,79,0.0197
S_4839,17,39,0.078
S_4840,21,105,0.022
S_4841,8,12,0.1057
S_4842,16,4,0.0389
S_4843,13,25,0.0363
S_4844,13,34,0.0611
S_4845,13,13,0.0226
S_4846,12,7,0.0251
S_4847,20,90,0.0313
S_4848,17,19,0.0207
S_4849,15,109,0.1298
S_4850,19,44,0.0648
S_4851,10,80,0.1754
S_4852,11,27,0.0301
S_4853,8,28,0.0618
S_4854,12,68,0.045
S_4855,15,67,0.024
S_4856,15,92,0.0493
S_4857,15,90,0.0317
S_4858,10,80,0.1571
S_4859,17,53,0.0308
S_4860,15,106,0.0956
S_4861,17,74,0.063
S_4862,9,118,0.011
S_4863,15,98,0.0711
S_4864,11,5,0.0557
S_4865,13,38,0.1537
S_4866,16,68,0.0898
S_4867,15,86,0.0465
S_4868,12,66,0.0371
S_4869,15,94,0.0367
S_4870,10,33,0.0519
S_4871,18,22,0.0181
S_4872,14,6,0.1099
S_4873,18,68,0.1516
S_4874,13,82,0.0192
S_4875,13,39,0.0247
S_4876,12,73,0.0116
S_4877,17,6,0.0336
S_4878,12,11,0.0615
S_4879,16,84,0.0437
S_4880,13,44,0.0471
S_4881,9,80,0.0057
S_4882,13,99,0.032
S_4883,11,102,0.0128
S_4884,15,20,0.0104
S_4885,11,58,0.0864
S_4886,17,88,0.0542
S_4887,14,92,0.0788
S_4888,14,94,0.0454
S_4889,16,27,0.0553
S_4890,17,23,0.0273
S_4891,14,70,0.0625
S_4892,12,88,0.0297
S_4893,9,38,0.0739
S_4894,12,12,0.097
S_4895,13,86,0.0221
S_4896,15,35,0.0864
S_4897,13,19,0.0788
S_4898,17,17,0.0169
S_4899,13,37,0.018
S_4900,14,71,0.0146
S_4901,18,43,0.0395
S_4902,16,2,0.0225
S_4903,14,11,0.0183
S_4904,13,34,0.0607
S_4905,13,79,0.0792
S_4906,12,11,0.0222
S_4907,13,67,0.0425
S_4908,17,14,0.0583
S_4909,14,25,0.0733
S_4910,10,20,0.0908
S_4911,20,8,0.0097
S_4912,15,80,0.0331
S_4913,10,55,0.0332
S_4914,13,99,0.0023
S_4915,15,11,0.1379
S_4916,20,17,0.0227
S_4917,11,36,0.0372
S_4918,17,91,0.027
S_4919,19,36,0.0257
S_4920,13,49,0.0828
S_4921,14,36,0.0171
S_4922,11,9,0.0765
S_4923,14,112,0.0545
S_4924,14,65,0.0155
S_4925,16,94,0.1252
S_4926,18,79,0.2078
S_4927,12,61,0.0574
S_4928,9,10,0.1188
S_4929,14,77,0.0151
S_4930,15,18,0.0258
S_4931,15,49,0.0356
S_4932,14,75,0.0059
S_4933,15,93,0.0178
S_4934,19,82,0.118
S_4935,16,80,0.0664
S_4936,13,17,0.0617
S_4937,13,41,0.069
S_4938,14,5,0.0475
S_4939,19,86,0.0112
S_4940,14,114,0.0077
S_4941,14,31,0.0396
S_4942,13,10,0.017
S_4943,18,57,0.0419
S_4944,20,102,0.0066
S_4945,16,66,0.0415
S_4946,15,5,0.0448
S_4947,15,116,0.0243
S_4948,7,99,0.0108
S_4949,17,15,0.024
S_4950,15,110,0.0352
S_4951,16,54,0.0396
S_4952,12,44,0.0278
S_4953,13,55,0.0315
S_4954,13,100,0.0627
S_4955,18,79,0.1493
S_4956,13,7,0.0525
S_4957,21,114,0.0476
S_4958,16,17,0.0393
S_4959,11,89,0.0839
S_4960,14,76,0.0248
S_4961,13,22,0.0375
S_4962,8,20,0.0411
S_4963,19,104,0.114
S_4964,17,50,0.1065
S_4965,16,78,0.0526
S_4966,15,60,0.0247
S_4967,10,87,0.0355
S_4968,13,57,0.0121
S_4969,17,34,0.0809
S_4970,11,43,0.0381
S_4971,7,103,0.0475
S_4972,14,56,0.0786
S_4973,14,25,0.0623
S_4974,15,112,0.0188
S_4975,17,95,0.0262
S_4976,16,6,0.0076
S_4977,15,119,0.0103
S_4978,18,83,0.0384
S_4979,10,19,0.0355
S_4980,16,28,0.1011
S_4981,16,83,0.0811
S_4982,11,93,0.063
S_4983,10,28,0.012
S_4984,12,30,0.0902
S_4985,13,36,0.039
S_4986,17,71,0.031
S_4987,13,20,0.0641
S_4988,12,12,0.0255
S_4989,13,81,0.027
S_4990,18,93,0.031
S_4991,15,60,0.0271
S_4992,14,43,0.0188
S_4993,14,51,0.0661
S_4994,18,46,0.0172
S_4995,12,115,0.0315
S_4996,18,92,0.0643
S_4997,15,24,0.0095
S_4998,14,46,0.0739
S_4999,21,65,0.0488
S_5000,11,73,0.0332
S_5001,13,56,0.0545
S_5002,11,97,0.048
S_5003,17,92,0.0152
S_5004,20,60,0.0433
S_5005,20,102,0.0437
S_5006,18,90,0.0414
S_5007,14,93,0.0288
S_5008,13,114,0.0596
S_5009,9,31,0.0041
S_5010,21,32,0.0283
S_5011,16,106,0.0124
S_5012,13,92,0.0513
S_5013,18,111,0.0174
S_5014,12,7,0.0151
S_5015,16,75,0.0637
S_5016,14,17,0.0541
S_5017,16,60,0.0335
S_5018,14,18,0.114
S_5019,10,15,0.031
S_5020,15,1,0.0082
S_5021,18,75,0.0098
S_5022,14,43,0.0087
S_5023,17,12,0.0256
S_5024,11,38,0.0297
S_5025,14,20,0.0597
S_5026,13,113,0.0446
S_5027,17,38,0.0959
S_5028,15,40,0.0099
S_5029,17,100,0.0276
S_5030,18,77,0.005
S_5031,17,85,0.0166
S_5032,15,76,0.0175
S_5033,12,113,0.0622
S_5034,14,24,0.0507
S_5035,13,118,0.0222
S_5036,13,99,0.0424
S_5037,13,70,0.0385
S_5038,12,79,0.0453
S_5039,9,77,0.0779
S_5040,12,7,0.0453
S_5041,15,26,0.05
S_5042,10,115,0.0158
S_5043,15,64,0.0182
S_5044,20,45,0.0441
S_5045,18,91,0.0498
S_5046,19,62,0.0718
S_5047,16,1,0.0239
S_5048,18,88,0.0651
S_5049,12,87,0.0609
S_5050,13,19,0.0543
S_5051,6,114,0.1266
S_5052,18,26,0.0125
S_5053,19,54,0.0268
S_5054,13,13,0.0201
S_5055,14,72,0.0423
S_5056,12,45,0.0263
S_5057,16,42,0.0441
S_5058,18,99,0.0119
S_5059,9,1,0.1806
S_5060,16,95,0.112
S_5061,14,68,0.0209
S_5062,15,118,0.0532
S_5063,16,70,0.0457
S_5064,14,6,0.0307
S_5065,14,6,0.0421
S_5066,14,105,0.0064
S_5067,17,100,0.0089
S_5068,16,41,0.0502
S_5069,15,74,0.0056
S_5070,11,58,0.0317
S_5071,13,116,0.0157
S_5072,17,113,0.0449
S_5073,15,118,0.0292
S_5074,16,103,0.1115
S_5075,20,109,0.0503
S_5076,18,26,0.0583
S_5077,15,99,0.0136
S_5078,13,85,0.0554
S_5079,7,115,0.0421
S_5080,14,68,0.0223
S_5081,14,10,0.0613
S_5082,16,71,0.073
S_5083,14,82,0.0469
S_5084,14,26,0.0378
S_5085,9,47,0.0396
S_5086,12,71,0.0582
S_5087,16,44,0.0613
S_5088,20,44,0.0634
S_5089,14,15,0.0448
S_5090,15,112,0.0551
S_5091,17,90,0.0316
S_5092,12,0,0.0615
S_5093,16,91,0.0274
S_5094,12,88,0.0193
S_5095,17,1,0.1348
S_5096,15,44,0.0937
S_5097,15,72,0.0836
S_5098,12,54,0.0482
S_5099,17,93,0.0368
S_5100,21,51,0.1009
S_5101,11,18,0.0232
S_5102,13,117,0.101
S_5103,15,29,0.0164
S_5104,17,86,0.04
S_5105,13,17,0.0336
S_5106,6,39,0.1103
S_5107,19,53,0.0475
S_5108,17,23,0.0179
S_5109,9,53,0.0108
S_5110,13,18,0.0092
S_5111,19,67,0.0874
S_5112,19,79,0.0997
S_5113,17,7,0.0648
S_5114,14,104,0.0167
S_5115,15,22,0.0572
S_5116,14,27,0.0445
S_5117,18,79,0.0272
S_5118,12,56,0.0565
S_5119,12,59,0.0133
S_5120,18,15,0.0756
S_5121,14,96,0.0642
S_5122,19,74,0.052
S_5123,12,16,0.0293
S_5124,14,44,0.0115
S_5125,12,97,0.0569
S_5126,15,68,0.0255
S_5127,10,13,0.0706
S_5128,13,44,0.0128
S_5129,10,29,0.1209
S_5130,17,62,0.0065
S_5131,17,101,0.0412
S_5132,9,52,0.0222
S_5133,19,52,0.014
S_5134,21,108,0.0447
S_5135,15,69,0.0348
S_5136,13,67,0.1493
S_5137,21,31,0.0329
S_5138,11,72,0.0657
S_5139,15,69,0.0337
S_5140,15,47,0.0474
S_5141,19,118,0.0426
S_5142,16,105,0.0103
S_5143,13,89,0.0648
S_5144,12,64,0.0695
S_5145,13,55,0.0536
S_5146,11,22,0.1533
S_5147,15,36,0.0449
S_5148,13,92,0.0297
S_5149,10,54,0.0366
S_5150,18,105,0.0267
S_5151,13,17,0.0482
S_5152,11,61,0.0655
S_5153,14,77,0.0541
S_5154,15,62,0.0082
S_5155,9,106,0.1024
S_5156,15,118,0.02
S_5157,11,13,0.0593
S_5158,20,15,0.0392
S_5159,16,15,0.0074
S_5160,13,81,0.0108
S_5161,12,44,0.15
S_5162,14,87,0.0373
S_5163,16,48,0.0548
S_5164,14,75,0.0588
S_5165,14,92,0.0358
S_5166,15,65,0.0167
S_5167,13,64,0.195
S_5168,13,10,0.0519
S_5169,8,49,0.0713
S_5170,17,65,0.027
S_5171,15,55,0.0562
S_5172,12,108,0.0051
S_5173,20,108,0.0087
S_5174,15,98,0.0394
S_5175,11,45,0.0211
S_5176,17,86,0.0299
S_5177,16,47,0.0318
S_5178,16,27,0.0271
S_5179,13,41,0.0137
S_5180,16,8,0.1295
S_5181,14,39,0.0478
S_5182,16,55,0.0254
S_5183,9,114,0.0206
S_5184,13,37,0.0616
S_5185,20,108,0.1405
S_5186,12,27,0.06
S_5187,13,22,0.0999
S_5188,13,62,0.0633
S_5189,11,80,0.0312
S_5190,8,5,0.0037
S_5191,14,26,0.0382
S_5192,15,54,0.0413
S_5193,14,39,0.0156
S_5194,14,85,0.0488
S_5195,15,61,0.0197
S_5196,18,19,0.0361
S_5197,14,107,0.0307
S_5198,13,35,0.0371
S_5199,14,87,0.0205
S_5200,16,93,0.1078
S_5201,19,115,0.0394
S_5202,13,59,0.0119
S_5203,15,73,0.0281
S_5204,16,40,0.0242
S_5205,12,81,0.0552
S_5206,15,55,0.0661
S_5207,10,52,0.0228
S_5208,9,102,0.1185
S_5209,16,6,0.0547
S_5210,13,105,0.0359
S_5211,15,102,0.038
S_5212,14,60,0.0271
S_5213,12,58,0.0298
S_5214,14,43,0.0202
S_5215,11,119,0.0297
S_5216,19,13,0.0236
S_5217,10,70,0.0319
S_5218,14,81,0.0377
S_5219,11,112,0.0204
S_5220,16,93,0.1022
S_5221,14,77,0.0574
S_5222,13,14,0.0456
S_5223,17,44,0.0621
S_5224,15,16,0.0799
S_5225,16,105,0.0492
S_5226,12,89,0.0778
S_5227,10,90,0.0104
S_5228,15,78,0.0322
S_5229,14,60,0.065
S_5230,16,17,0.0729
S_5231,14,39,0.0549
S_5232,15,16,0.0312
S_5233,10,86,0.0134
S_5234,20,19,0.0557
S_5235,14,84,0.0209
S_5236,17,83,0.053
S_5237,12,55,0.0184
S_5238,15,16,0.0137
S_5239,11,37,0.0727
S_5240,16,38,0.0474
S_5241,13,84,0.0364
S_5242,15,13,0.0231
S_5243,17,99,0.0962
S_5244,11,91,0.0469
S_5245,12,22,0.0385
S_5246,16,86,0.0696
S_5247,21,80,0.032
S_5248,14,89,0.1684
S_5249,16,22,0.0415
S_5250,14,18,0.0768
S_5251,20,28,0.1041
S_5252,9,43,0.0515
S_5253,15,95,0.008
S_5254,10,88,0.0165
S_5255,7,111,0.0409
S_5256,15,7,0.0473
S_5257,15,1,0.0217
S_5258,14,83,0.0732
S_5259,14,33,0.0413
S_5260,21,40,0.0264
S_5261,14,65,0.1385
S_5262,16,12,0.0293
S_5263,13,77,0.0488
S_5264,15,39,0.0197
S_5265,14,75,0.0283
S_5266,13,100,0.0323
S_5267,20,20,0.0531
S_5268,18,111,0.0279
S_5269,15,63,0.0255
S_5270,8,110,0.0706
S_5271,13,24,0.0174
S_5272,21,72,0.0327
S_5273,14,48,0.0653
S_5274,18,92,0.1392
S_5275,19,72,0.0657
S_5276,15,59,0.0371
S_5277,12,109,0.0722
S_5278,7,45,0.0654
S_5279,17,26,0.0808
S_5280,12,72,0.0469
S_5281,15,74,0.0147
S_5282,11,52,0.0506
S_5283,14,58,0.1166
S_5284,15,115,0.0513
S_5285,15,87,0.0474
S_5286,11,13,0.0752
S_5287,18,25,0.0101
S_5288,13,117,0.0278
S_5289,9,87,0.0511
S_5290,14,109,0.0705
S_5291,15,36,0.0225
S_5292,15,89,0.0164
S_5293,19,85,0.0676
S_5294,14,35,0.028
S_5295,14,66,0.0573
S_5296,11,75,0.0324
S_5297,17,57,0.0486
S_5298,15,99,0.0413
S_5299,13,99,0.0672
S_5300,9,102,0.0124
S_5301,19,96,0.0281
S_5302,11,58,0.0483
S_5303,13,45,0.0139
S_5304,16,99,0.0979
S_5305,11,58,0.0631
S_5306,10,29,0.072
S_5307,8,60,0.0192
S_5308,17,17,0.114
S_5309,13,82,0.0281
S_5310,21,40,0.008
S_5311,12,31,0.0306
S_5312,12,114,0.1029
S_5313,13,93,0.0531
S_5314,15,94,0.0519
S_5315,13,74,0.045
S_5316,16,100,0.0503
S_5317,12,91,0.0663
S_5318,10,71,0.045
S_5319,9,115,0.0907
S_5320,8,22,0.0459
S_5321,13,113,0.0409
S_5322,14,48,0.0584
S_5323,13,63,0.0156
S_5324,18,14,0.0277
S_5325,18,64,0.036
S_5326,13,73,0.045
S_5327,9,119,0.0622
S_5328,13,117,0.0723
S_5329,13,115,0.0268
S_5330,13,41,0.0766
S_5331,12,118,0.0627
S_5332,13,54,0.0992
S_5333,13,102,0.0166
S_5334,13,25,0.0952
S_5335,15,60,0.033
S_5336,16,115,0.0195
S_5337,12,113,0.0699
S_5338,18,82,0.0595
S_5339,12,95,0.0581
S_5340,10,21,0.0247
S_5341,16,86,0.019
S_5342,12,74,0.0351
S_5343,15,10,0.0145
S_5344,7,13,0.0271
S_5345,19,13,0.0487
S_5346,17,86,0.0432
S_5347,10,17,0.0437
S_5348,10,56,0.0258
S_5349,20,42,0.0252
S_5350,12,66,0.0372
S_5351,12,84,0.0275
S_5352,8,82,0.0489
S_5353,13,61,0.0852
S_5354,14,55,0.0095
S_5355,17,47,0.1031
S_5356,10,103,0.0277
S_5357,10,39,0.0087
S_5358,16,31,0.04
S_5359,18,89,0.0471
S_5360,10,43,0.0145
S_5361,18,101,0.005
S_5362,15,39,0.0168
S_5363,18,84,0.0167
S_5364,14,5,0.022
S_5365,7,46,0.1104
S_5366,14,41,0.0922
S_5367,18,98,0.0525
S_5368,12,116,0.0347
S_5369,13,55,0.0416
S_5370,14,98,0.0704
S_5371,6,83,0.1144
S_5372,20,116,0.0375
S_5373,12,97,0.0307
S_5374,16,9,0.0474
S_5375,14,85,0.072
S_5376,18,64,0.0177
S_5377,16,1,0.0328
S_5378,14,30,0.0347
S_5379,12,110,0.0707
S_5380,17,111,0.0634
S_5381,9,95,0.0805
S_5382,16,117,0.0572
S_5383,11,96,0.0139
S_5384,18,1,0.0461
S_5385,15,34,0.109
S_5386,16,3,0.0185
S_5387,15,11,0.0292
S_5388,9,26,0.1204
S_5389,12,60,0.029
S_5390,17,101,0.0871
S_5391,15,103,0.0363
S_5392,18,73,0.0646
S_5393,16,111,0.0401
S_5394,12,60,0.0467
S_5395,12,106,0.0211
S_5396,15,54,0.0292
S_5397,8,33,0.0278
S_5398,20,109,0.0307
S_5399,16,46,0.0354
S_5400,18,60,0.0329
S_5401,10,39,0.0507
S_5402,18,79,0.0062
S_5403,21,119,0.0758
S_5404,11,3,0.0992
S_5405,17,107,0.0458
S_5406,15,0,0.0581
S_5407,10,43,0.0986
S_5408,16,20,0.1083
S_5409,17,90,0.0737
S_5410,13,6,0.0555
S_5411,18,66,0.0323
S_5412,9,35,0.1069
S_5413,10,16,0.0118
S_5414,15,92,0.0371
S_5415,15,26,0.0269
S_5416,12,26,0.0401
S_5417,17,33,0.0309
S_5418,16,70,0.1238
S_5419,17,79,0.0613
S_5420,14,2,0.1267
S_5421,16,29,0.0293
S_5422,13,51,0.0249
S_5423,21,39,0.017
S_5424,12,106,0.0269
S_5425,21,94,0.0525
S_5426,15,75,0.0234
S_5427,10,40,0.0049
S_5428,19,84,0.0136
S_5429,15,101,0.082
S_5430,17,71,0.0576
S_5431,18,94,0.0344
S_5432,16,89,0.0432
S_5433,13,68,0.0237
S_5434,17,37,0.0133
S_5435,15,89,0.1397
S_5436,17,24,0.0429
S_5437,8,93,0.0496
S_5438,16,96,0.2016
S_5439,13,98,0.085
S_5440,19,56,0.0064
S_5441,16,23,0.0281
S_5442,15,11,0.0496
S_5443,16,89,0.0265
S_5444,12,106,0.0285
S_5445,19,78,0.0088
S_5446,20,17,0.0318
S_5447,16,112,0.0138
S_5448,19,118,0.0046
S_5449,13,52,0.0057
S_5450,12,71,0.0198
S_5451,15,93,0.0348
S_5452,16,88,0.0439
S_5453,13,116,0.0087
S_5454,16,13,0.0783
S_5455,15,69,0.042
S_5456,12,83,0.0153
S_5457,16,106,0.0931
S_5458,17,104,0.0617
S_5459,15,117,0.0305
S_5460,18,61,0.0304
S_5461,11,99,0.0315
S_5462,16,51,0.0819
S_5463,11,50,0.0374
S_5464,11,30,0.054
S_5465,13,98,0.0519
S_5466,12,118,0.056
S_5467,13,30,0.0836
S_5468,14,6,0.0164
S_5469,17,97,0.0186
S_5470,14,74,0.0319
S_5471,10,115,0.0182
S_5472,18,30,0.0331
S_5473,12,8,0.1574
S_5474,14,59,0.1061
S_5475,16,10,0.0732
S_5476,15,31,0.0305
S_5477,18,15,0.0231
S_5478,16,26,0.0415
S_5479,12,12,0.0657
S_5480,21,114,0.0594
S_5481,15,33,0.0282
S_5482,14,53,0.02
S_5483,17,107,0.0523
S_5484,15,81,0.0398
S_5485,16,74,0.0639
S_5486,21,84,0.0866
S_5487,14,99,0.0175
S_5488,14,105,0.0335
S_5489,15,77,0.0372
S_5490,18,106,0.0817
S_5491,10,64,0.0319
S_5492,9,33,0.0256
S_5493,13,105,0.058
S_5494,10,64,0.0408
S_5495,13,108,0.0922
S_5496,16,4,0.0761
S_5497,12,47,0.0381
S_5498,10,113,0.0249
S_5499,15,29,0.0716
S_5500,17,112,0.0212
S_5501,9,114,0.0998
S_5502,17,105,0.0456
S_5503,17,67,0.0948
S_5504,17,77,0.0403
S_5505,18,104,0.0294
S_5506,21,93,0.0594
S_5507,13,75,0.0802
S_5508,15,117,0.0805
S_5509,13,82,0.05
S_5510,15,117,0.0331
S_5511,19,6,0.0313
S_5512,10,16,0.0625
S_5513,12,54,0.0868
S_5514,19,46,0.0996
S_5515,18,93,0.0391
S_5516,13,19,0.0592
S_5517,17,117,0.0108
S_5518,16,37,0.0584
S_5519,19,51,0.0432
S_5520,15,32,0.0443
S_5521,18,69,0.0527
S_5522,21,7,0.1058
S_5523,16,17,0.0304
S_5524,15,89,0.0478
S_5525,17,22,0.018
S_5526,13,28,0.0125
S_5527,21,95,0.0178
S_5528,15,11,0.0089
S_5529,14,52,0.0189
S_5530,12,2,0.0171
S_5531,18,41,0.019
S_5532,17,83,0.0217
S_5533,13,10,0.0954
S_5534,16,106,0.0092
S_5535,10,109,0.0125
S_5536,15,12,0.0785
S_5537,16,118,0.0322
S_5538,20,35,0.0192
S_5539,12,10,0.0663
S_5540,11,0,0.1141
S_5541,12,49,0.0179
S_5542,10,75,0.0399
S_5543,19,39,0.0142
S_5544,19,100,0.0131
S_5545,15,85,0.035
S_5546,18,42,0.0799
S_5547,15,88,0.2068
S_5548,14,112,0.0135
S_5549,14,11,0.0104
S_5550,14,36,0.0105
S_5551,10,55,0.1281
S_5552,15,59,0.0497
S_5553,14,65,0.0283
S_5554,17,36,0.0663
S_5555,15,80,0.0175
S_5556,14,77,0.0801
S_5557,12,69,0.0976
S_5558,15,13,0.0176
S_5559,17,57,0.1074
S_5560,11,42,0.0065
S_5561,15,58,0.0922
S_5562,15,110,0.078
S_5563,12,57,0.1082
S_5564,13,1,0.0346
S_5565,15,52,0.0697
S_5566,11,98,0.12
S_5567,16,93,0.083
S_5568,12,61,0.0517
S_5569,18,29,0.0048
S_5570,21,55,0.0223
S_5571,12,67,0.0561
S_5572,16,119,0.1282
S_5573,12,77,0.0447
S_5574,18,83,0.0844
S_5575,11,58,0.025
S_5576,16,42,0.019
S_5577,12,97,0.0184
S_5578,14,59,0.0554
S_5579,11,119,0.0732
S_5580,17,54,0.0511
S_5581,12,8,0.0444
S_5582,16,81,0.0921
S_5583,13,5,0.0729
S_5584,14,30,0.1152
S_5585,15,42,0.0313
S_5586,12,88,0.0672
S_5587,15,59,0.0398
S_5588,19,3,0.0494
S_5589,12,74,0.07
S_5590,18,49,0.0575
S_5591,19,110,0.0924
S_5592,12,59,0.0283
S_5593,10,85,0.082
S_5594,15,26,0.1238
S_5595,13,91,0.0173
S_5596,20,86,0.0344
S_5597,15,108,0.0548
S_5598,12,4,0.023
S_5599,11,53,0.1226
S_5600,18,81,0.0254
S_5601,13,11,0.0253
S_5602,15,49,0.0626
S_5603,17,113,0.0085
S_5604,13,52,0.038
S_5605,14,118,0.0586
S_5606,14,6,0.0563
S_5607,17,86,0.0157
S_5608,16,69,0.0175
S_5609,14,60,0.0798
S_5610,15,116,0.0289
S_5611,13,15,0.048
S_5612,10,107,0.0288
S_5613,15,82,0.0683
S_5614,20,31,0.0464
S_5615,12,108,0.0841
S_5616,12,51,0.1176
S_5617,12,97,0.0674
S_5618,17,46,0.1153
S_5619,16,102,0.0718
S_5620,14,76,0.0149
S_5621,12,16,0.0097
S_5622,15,77,0.0306
S_5623,10,22,0.0513
S_5624,15,49,0.0553
S_5625,17,20,0.0424
S_5626,11,2,0.0292
S_5627,10,25,0.035
S_5628,19,64,0.0592
S_5629,13,57,0.0413
S_5630,18,60,0.0538
S_5631,14,29,0.0344
S_5632,14,82,0.0774
S_5633,16,84,0.0064
S_5634,12,42,0.0308
S_5635,15,105,0.0542
S_5636,13,77,0.0883
S_5637,11,85,0.0098
S_5638,16,33,0.0496
S_5639,14,0,0.0742
S_5640,14,103,0.05
S_5641,11,98,0.1229
S_5642,19,14,0.0298
S_5643,17,44,0.0203
S_5644,17,79,0.0125
S_5645,14,78,0.0071
S_5646,9,103,0.0279
S_5647,20,16,0.0143
S_5648,14,51,0.022
S_5649,12,11,0.0338
S_5650,16,46,0.0542
S_5651,18,1,0.0126
S_5652,14,107,0.0244
S_5653,18,63,0.0626
S_5654,18,101,0.022
S_5655,11,7,0.0667
S_5656,12,27,0.074
S_5657,17,31,0.0485
S_5658,6,46,0.1149
S_5659,14,96,0.0484
S_5660,10,46,0.1192
S_5661,13,24,0.0328
S_5662,14,7,0.0841
S_5663,13,9,0.0097
S_5664,13,91,0.0326
S_5665,11,53,0.0179
S_5666,21,87,0.039
S_5667,20,81,0.008
S_5668,11,16,0.0452
S_5669,19,17,0.06
S_5670,13,90,0.0381
S_5671,15,86,0.0162
S_5672,14,45,0.045
S_5673,13,9,0.0482
S_5674,17,1,0.0315
S_5675,15,34,0.1622
S_5676,13,1,0.0767
S_5677,11,27,0.0124
S_5678,12,50,0.0059
S_5679,10,14,0.0537
S_5680,15,12,0.0108
S_5681,11,107,0.0955
S_5682,14,70,0.1053
S_5683,19,112,0.0683
S_5684,18,41,0.1022
S_5685,14,81,0.0128
S_5686,14,24,0.0406
S_5687,20,74,0.0417
S_5688,16,15,0.015
S_5689,14,0,0.1169
S_5690,10,111,0.0342
S_5691,16,66,0.0164
S_5692,17,111,0.0504
S_5693,13,40,0.0574
S_5694,15,39,0.038
S_5695,13,48,0.0208
S_5696,14,84,0.0274
S_5697,7,67,0.0481
S_5698,14,111,0.0534
S_5699,17,3,0.009
S_5700,13,84,0.0459
S_5701,15,39,0.0417
S_5702,12,21,0.027
S_5703,16,61,0.0189
S_5704,14,60,0.0288
S_5705,12,16,0.0591
S_5706,18,24,0.0395
S_5707,17,48,0.0374
S_5708,13,49,0.0189
S_5709,16,38,0.0153
S_5710,16,17,0.0729
S_5711,16,0,0.0861
S_5712,9,116,0.0407
S_5713,18,113,0.0312
S_5714,13,58,0.0294
S_5715,13,119,0.0248
S_5716,21,80,0.1152
S_5717,15,8,0.031
S_5718,13,14,0.0322
S_5719,8,109,0.0218
S_5720,19,75,0.0458
S_5721,10,101,0.0594
S_5722,11,107,0.0307
S_5723,14,53,0.0537
S_5724,19,5,0.0244
S_5725,17,22,0.116
S_5726,14,7,0.0804
S_5727,15,22,0.0801
S_5728,13,49,0.1249
S_5729,15,14,0.048
S_5730,15,20,0.0102
S_5731,17,53,0.0866
S_5732,17,40,0.0842
S_5733,16,56,0.0907
S_5734,13,51,0.0248
S_5735,17,77,0.0172
S_5736,14,112,0.0546
S_5737,11,12,0.0533
S_5738,13,11,0.0724
S_5739,15,102,0.1082
S_5740,17,60,0.0182
S_5741,14,91,0.0466
S_5742,11,25,0.0275
S_5743,15,99,0.0679
S_5744,15,110,0.0423
S_5745,15,76,0.0213
S_5746,17,12,0.0708
S_5747,18,107,0.0313
S_5748,13,95,0.0245
S_5749,13,90,0.0318
S_5750,11,4,0.0171
S_5751,17,95,0.0301
S_5752,19,16,0.0801
S_5753,14,26,0.0309
S_5754,14,69,0.0651
S_5755,19,31,0.035
S_5756,16,79,0.0057
S_5757,16,72,0.0432
S_5758,11,12,0.022
S_5759,17,78,0.0562
S_5760,12,110,0.0227
S_5761,11,19,0.0864
S_5762,13,71,0.03
S_5763,13,41,0.0565
S_5764,14,55,0.0647
S_5765,10,34,0.0197
S_5766,17,42,0.0148
S_5767,18,3,0.0052
S_5768,9,117,0.0544
S_5769,17,74,0.0319
S_5770,12,60,0.0133
S_5771,17,46,0.056
S_5772,14,64,0.0436
S_5773,15,45,0.0064
S_5774,14,43,0.024
S_5775,18,55,0.1802
S_5776,11,33,0.0911
S_5777,16,21,0.1234
S_5778,18,66,0.0389
S_5779,17,101,0.0463
S_5780,21,18,0.0396
S_5781,13,3,0.0648
S_5782,17,29,0.038
S_5783,14,117,0.0755
S_5784,18,99,0.0603
S_5785,14,71,0.0048
S_5786,13,111,0.0469
S_5787,18,53,0.0758
S_5788,13,117,0.0521
S_5789,10,35,0.0154
S_5790,13,28,0.002
S_5791,16,76,0.071
S_5792,19,45,0.0276
S_5793,15,75,0.0328
S_5794,18,36,0.0927
S_5795,10,74,0.059
S_5796,13,33,0.0384
S_5797,14,6,0.0944
S_5798,14,109,0.0151
S_5799,15,105,0.0297
S_5800,17,116,0.13
S_5801,13,85,0.0632
S_5802,15,81,0.0988
S_5803,14,67,0.0326
S_5804,12,15,0.0055
S_5805,14,22,0.0788
S_5806,14,34,0.048
S_5807,14,106,0.0377
S_5808,15,20,0.0272
S_5809,15,110,0.1035
S_5810,13,62,0.0137
S_5811,18,85,0.0671
S_5812,11,13,0.047
S_5813,12,32,0.0342
S_5814,21,115,0.0297
S_5815,11,31,0.0275
S_5816,10,35,0.0865
S_5817,17,23,0.0303
S_5818,8,15,0.0763
S_5819,14,27,0.1354
S_5820,21,77,0.0162
S_5821,10,54,0.0512
S_5822,9,66,0.0411
S_5823,10,14,0.0378
S_5824,17,96,0.0267
S_5825,18,94,0.0662
S_5826,13,2,0.0565
S_5827,17,46,0.0475
S_5828,19,8,0.0194
S_5829,20,95,0.0512
S_5830,14,88,0.0128
S_5831,8,108,0.0063
S_5832,12,28,0.0191
S_5833,13,54,0.0083
S_5834,14,22,0.1043
S_5835,14,44,0.0426
S_5836,18,62,0.0269
S_5837,18,6,0.0323
S_5838,14,85,0.0248
S_5839,18,65,0.0072
S_5840,16,99,0.0353
S_5841,15,32,0.0431
S_5842,17,108,0.0368
S_5843,15,119,0.0673
S_5844,21,110,0.0788
S_5845,10,93,0.0787
S_5846,13,97,0.0728
S_5847,14,68,0.0216
S_5848,16,22,0.0816
S_5849,18,81,0.1084
S_5850,14,85,0.0295
S_5851,10,118,0.0622
S_5852,17,64,0.0725
S_5853,17,32,0.0476
S_5854,9,82,0.0328
S_5855,14,117,0.0664
S_5856,10,21,0.0243
S_5857,13,39,0.034
S_5858,12,65,0.027
S_5859,17,20,0.0842
S_5860,15,2,0.043
S_5861,11,40,0.0898
S_5862,17,103,0.0219
S_5863,10,5,0.0455
S_5864,15,51,0.088
S_5865,12,91,0.0875
S_5866,13,114,0.0356
S_5867,16,118,0.0824
S_5868,16,50,0.0516
S_5869,19,114,0.037
S_5870,14,4,0.1404
S_5871,15,89,0.0511
S_5872,13,77,0.0345
S_5873,15,29,0.013
S_5874,16,60,0.0399
S_5875,14,15,0.0171
S_5876,9,104,0.0733
S_5877,15,42,0.0363
S_5878,16,75,0.0321
S_5879,12,19,0.0149
S_5880,11,24,0.0107
S_5881,19,119,0.085
S_5882,16,90,0.0429
S_5883,14,115,0.0535
S_5884,11,35,0.0292
S_5885,12,19,0.0391
S_5886,18,60,0.073
S_5887,15,59,0.004
S_5888,13,20,0.1106
S_5889,16,87,0.0706
S_5890,12,43,0.0219
S_5891,19,22,0.0474
S_5892,19,39,0.0533
S_5893,13,67,0.0422
S_5894,13,87,0.0487
S_5895,7,57,0.0099
S_5896,10,63,0.1063
S_5897,10,16,0.1049
S_5898,15,109,0.1585
S_5899,14,111,0.0501
S_5900,10,82,0.0607
S_5901,14,2,0.1299
S_5902,16,64,0.0256
S_5903,16,75,0.0651
S_5904,9,119,0.0392
S_5905,14,119,0.0547
S_5906,10,102,0.059
S_5907,17,7,0.0612
S_5908,17,114,0.0898
S_5909,12,73,0.0324
S_5910,12,96,0.0652
S_5911,13,48,0.0961
S_5912,8,38,0.0409
S_5913,16,55,0.1706
S_5914,14,17,0.1248
S_5915,17,42,0.0383
S_5916,11,102,0.05
S_5917,13,4,0.0929
S_5918,10,18,0.0588
S_5919,11,15,0.0234
S_5920,11,48,0.059
S_5921,17,119,0.0352
S_5922,12,20,0.0612
S_5923,15,17,0.0632
S_5924,13,109,0.0668
S_5925,11,105,0.131
S_5926,14,3,0.0682
S_5927,16,90,0.0285
S_5928,11,78,0.0818
S_5929,17,92,0.0393
S_5930,12,59,0.0477
S_5931,13,118,0.0662
S_5932,16,5,0.0387
S_5933,13,28,0.0598
S_5934,15,47,0.0365
S_5935,14,53,0.0377
S_5936,15,110,0.0549
S_5937,7,67,0.0411
S_5938,9,5,0.0563
S_5939,16,48,0.0131
S_5940,18,49,0.0817
S_5941,12,115,0.0418
S_5942,14,71,0.0275
S_5943,15,76,0.0078
S_5944,17,85,0.0521
S_5945,8,92,0.0866
S_5946,12,76,0.0679
S_5947,14,28,0.0312
S_5948,17,104,0.0526
S_5949,21,87,0.0602
S_5950,14,89,0.1353
S_5951,10,119,0.0084
S_5952,16,96,0.0235
S_5953,18,99,0.0225
S_5954,15,114,0.0176
S_5955,12,18,0.0255
S_5956,17,59,0.0256
S_5957,16,69,0.1093
S_5958,11,39,0.0671
S_5959,16,100,0.0165
S_5960,17,91,0.0246
S_5961,18,86,0.0393
S_5962,14,119,0.0632
S_5963,13,31,0.0402
S_5964,18,88,0.054
S_5965,11,66,0.0057
S_5966,16,37,0.0658
S_5967,10,19,0.0804
S_5968,18,107,0.0965
S_5969,14,71,0.1132
S_5970,18,98,0.087
S_5971,16,65,0.0485
S_5972,11,26,0.0022
S_5973,19,40,0.015
S_5974,19,45,0.0909
S_5975,17,116,0.0517
S_5976,12,0,0.0831
S_5977,14,118,0.0227
S_5978,15,117,0.0338
S_5979,12,119,0.0553
S_5980,20,57,0.0352
S_5981,15,115,0.0043
S_5982,6,47,0.0231
S_5983,16,3,0.0416
S_5984,13,26,0.0877
S_5985,14,113,0.0356
S_5986,13,1,0.0603
S_5987,17,65,0.0605
S_5988,18,9,0.0114
S_5989,15,34,0.0794
S_5990,13,10,0.0514
S_5991,14,103,0.124
S_5992,15,70,0.1009
S_5993,12,108,0.1084
S_5994,16,82,0.0822
S_5995,16,116,0.0441
S_5996,19,61,0.0222
S_5997,18,76,0.021
S_5998,12,69,0.0296
S_5999,17,58,0.0309
S_6000,12,101,0.0173
S_6001,17,77,0.0344
S_6002,13,96,0.0753
S_6003,11,94,0.0893
S_6004,15,22,0.0606
S_6005,6,78,0.077
S_6006,9,23,0.0184
S_6007,14,69,0.0606
S_6008,15,81,0.0093
S_6009,13,119,0.0196
S_6010,10,3,0.063
S_6011,12,10,0.0435
S_6012,16,9,0.0141
S_6013,16,47,0.0463
S_6014,14,98,0.0307
S_6015,18,101,0.0096
S_6016,16,88,0.0176
S_6017,12,107,0.0074
S_6018,14,38,0.0074
S_6019,10,10,0.0609
S_6020,14,6,0.0379
S_6021,18,102,0.0643
S_6022,17,87,0.0331
S_6023,19,83,0.0283
S_6024,14,40,0.1073
S_6025,19,45,0.0106
S_6026,14,114,0.0492
S_6027,19,7,0.0736
S_6028,14,92,0.0254
S_6029,17,37,0.0262
S_6030,19,4,0.0129
S_6031,14,89,0.0588
S_6032,15,39,0.0314
S_6033,18,86,0.0599
S_6034,14,84,0.0491
S_6035,11,64,0.0163
S_6036,21,93,0.0146
S_6037,13,69,0.0959
S_6038,15,34,0.0411
S_6039,18,88,0.0791
S_6040,13,70,0.0413
S_6041,11,1,0.034
S_6042,15,108,0.0225
S_6043,9,65,0.1416
S_6044,14,104,0.094
S_6045,15,105,0.1037
S_6046,14,53,0.0238
S_6047,10,60,0.0231
S_6048,19,49,0.0427
S_6049,15,53,0.0097
S_6050,19,107,0.0288
S_6051,14,94,0.0455
S_6052,12,15,0.069
S_6053,15,73,0.0598
S_6054,14,119,0.0674
S_6055,11,71,0.0851
S_6056,19,94,0.0274
S_6057,13,92,0.0343
S_6058,9,42,0.1288
S_6059,18,44,0.0687
S_6060,13,86,0.0817
S_6061,13,59,0.0528
S_6062,9,68,0.0511
S_6063,20,85,0.0589
S_6064,11,93,0.0184
S_6065,15,32,0.0126
S_6066,17,17,0.0807
S_6067,16,35,0.0605
S_6068,14,60,0.036
S_6069,9,41,0.0538
S_6070,12,68,0.0294
S_6071,15,6,0.0164
S_6072,12,61,0.0036
S_6073,15,44,0.0246
S_6074,17,64,0.1049
S_6075,17,50,0.0194
S_6076,11,34,0.0534
S_6077,21,108,0.0331
S_6078,17,22,0.0168
S_6079,14,81,0.0681
S_6080,18,110,0.0482
S_6081,21,64,0.0253
S_6082,10,105,0.004
S_6083,14,14,0.0464
S_6084,7,59,0.0158
S_6085,15,54,0.0175
S_6086,16,0,0.0148
S_6087,14,53,0.0231
S_6088,13,44,0.0706
S_6089,8,80,0.0496
S_6090,16,112,0.0513
S_6091,19,10,0.1182
S_6092,13,39,0.0873
S_6093,16,53,0.0358
S_6094,10,54,0.0789
S_6095,16,92,0.0671
S_6096,13,53,0.0783
S_6097,12,3,0.04
S_6098,12,85,0.0794
S_6099,13,106,0.0286
S_6100,16,61,0.0475
S_6101,11,69,0.023
S_6102,13,19,0.0243
S_6103,14,26,0.0471
S_6104,11,28,0.0663
S_6105,20,51,0.1323
S_6106,12,111,0.0313
S_6107,12,62,0.0057
S_6108,12,23,0.0758
S_6109,20,31,0.042
S_6110,16,46,0.0512
S_6111,12,74,0.0142
S_6112,18,52,0.0027
S_6113,15,47,0.0379
S_6114,15,67,0.033
S_6115,13,29,0.0939
S_6116,12,9,0.0129
S_6117,16,2,0.068
S_6118,13,30,0.0174
S_6119,20,10,0.0457
S_6120,11,40,0.1542
S_6121,19,92,0.0561
S_6122,14,85,0.0144
S_6123,15,73,0.0212
S_6124,17,102,0.0513
S_6125,13,33,0.0218
S_6126,17,106,0.0789
S_6127,6,47,0.0598
S_6128,12,48,0.1064
S_6129,12,48,0.0425
S_6130,11,11,0.0442
S_6131,14,117,0.0417
S_6132,16,16,0.0411
S_6133,17,40,0.0087
S_6134,15,38,0.031
S_6135,13,8,0.0833
S_6136,16,18,0.0505
S_6137,15,5,0.1008
S_6138,17,35,0.0612
S_6139,17,103,0.0994
S_6140,15,40,0.0816
S_6141,12,14,0.0601
S_6142,13,77,0.0384
S_6143,13,119,0.0419
S_6144,14,27,0.0547
S_6145,15,33,0.068
S_6146,17,116,0.0503
S_6147,14,21,0.0544
S_6148,15,61,0.0718
S_6149,15,28,0.08
S_6150,13,111,0.0293
S_6151,12,117,0.0154
S_6152,9,97,0.092
S_6153,12,37,0.0196
S_6154,16,48,0.0099
S_6155,12,29,0.0351
S_6156,14,106,0.0305
S_6157,16,109,0.1056
S_6158,16,50,0.0904
S_6159,11,78,0.0892
S_6160,17,19,0.0419
S_6161,18,52,0.0516
S_6162,11,75,0.0526
S_6163,12,46,0.0295
S_6164,18,42,0.0936
S_6165,14,0,0.0256
S_6166,8,96,0.0836
S_6167,10,106,0.0626
S_6168,14,116,0.0383
S_6169,11,86,0.0039
S_6170,13,65,0.0448
S_6171,15,32,0.0146
S_6172,19,119,0.0471
S_6173,14,70,0.0357
S_6174,18,81,0.0468
S_6175,19,81,0.0505
S_6176,19,101,0.088
S_6177,15,1,0.0361
S_6178,9,26,0.0415
S_6179,16,79,0.1159
S_6180,18,107,0.0842
S_6181,14,82,0.1178
S_6182,20,49,0.0103
S_6183,17,43,0.082
S_6184,16,88,0.0631
S_6185,18,88,0.0423
S_6186,16,72,0.0452
S_6187,7,34,0.0117
S_6188,13,111,0.0015
S_6189,18,66,0.0646
S_6190,12,94,0.0435
S_6191,14,25,0.0752
S_6192,11,41,0.0237
S_6193,20,104,0.1267
S_6194,20,6,0.0265
S_6195,12,61,0.0619
S_6196,15,57,0.0095
S_6197,12,90,0.0595
S_6198,16,33,0.0145
S_6199,16,26,0.0348
S_6200,17,111,0.0351
S_6201,15,68,0.0334
S_6202,21,12,0.0867
S_6203,11,23,0.0466
S_6204,9,119,0.0164
S_6205,13,23,0.0855
S_6206,10,73,0.0797
S_6207,10,50,0.0539
S_6208,11,106,0.034
S_6209,12,90,0.0694
S_6210,12,71,0.0256
S_6211,16,1,0.0674
S_6212,13,105,0.0249
S_6213,14,53,0.0366
S_6214,17,111,0.0307
S_6215,12,59,0.0182
S_6216,14,83,0.1221
S_6217,16,8,0.0015
S_6218,9,89,0.0082
S_6219,7,40,0.0496
S_6220,16,42,0.0833
S_6221,16,14,0.0779
S_6222,21,17,0.0159
S_6223,15,22,0.0416
S_6224,17,39,0.0157
S_6225,14,107,0.0728
S_6226,15,44,0.115
S_6227,20,86,0.0411
S_6228,8,9,0.0356
S_6229,16,70,0.0812
S_6230,21,57,0.0781
S_6231,15,117,0.1188
S_6232,19,101,0.061
S_6233,13,54,0.0774
S_6234,14,93,0.0396
S_6235,15,23,0.0288
S_6236,8,67,0.0775
S_6237,11,8,0.1493
S_6238,11,41,0.0206
S_6239,17,27,0.0856
S_6240,17,86,0.0087
S_6241,15,58,0.0967
S_6242,17,90,0.0307
S_6243,14,61,0.0476
S_6244,18,10,0.0373
S_6245,15,88,0.0088
S_6246,15,99,0.031
S_6247,14,108,0.0466
S_6248,17,68,0.1168
S_6249,13,90,0.0906
S_6250,17,90,0.0915
S_6251,11,18,0.0796
S_6252,11,19,0.0303
S_6253,17,8,0.111
S_6254,14,38,0.0186
S_6255,13,56,0.0109
S_6256,17,119,0.088
S_6257,13,51,0.053
S_6258,14,87,0.08
S_6259,19,83,0.0558
S_6260,19,24,0.02
S_6261,19,7,0.0417
S_6262,14,65,0.0581
S_6263,18,84,0.1034
S_6264,12,119,0.0843
S_6265,12,43,0.0376
S_6266,7,107,0.1025
S_6267,20,45,0.0533
S_6268,12,82,0.0448
S_6269,14,71,0.042
S_6270,12,6,0.0279
S_6271,17,9,0.0217
S_6272,13,2,0.0493
S_6273,11,44,0.0404
S_6274,16,89,0.0503
S_6275,10,20,0.0113
S_6276,12,72,0.0206
S_6277,8,34,0.0542
S_6278,10,95,0.1181
S_6279,15,95,0.0372
S_6280,9,93,0.0583
S_6281,10,62,0.0295
S_6282,14,34,0.0579
S_6283,13,97,0.0688
S_6284,20,22,0.0886
S_6285,20,34,0.0322
S_6286,12,22,0.0264
S_6287,16,80,0.0149
S_6288,17,82,0.0213
S_6289,13,78,0.0258
S_6290,10,49,0.0529
S_6291,14,12,0.0364
S_6292,14,109,0.0451
S_6293,13,60,0.0304
S_6294,16,48,0.1193
S_6295,12,70,0.0892
S_6296,11,23,0.1092
S_6297,15,15,0.0109
S_6298,16,48,0.0163
S_6299,11,27,0.0218
S_6300,17,29,0.042
S_6301,9,107,0.1295
S_6302,13,63,0.0605
S_6303,14,58,0.0491
S_6304,13,82,0.0053
S_6305,13,114,0.0927
S_6306,20,13,0.0461
S_6307,12,100,0.0102
S_6308,21,70,0.0091
S_6309,16,17,0.0824
S_6310,15,35,0.0558
S_6311,16,57,0.0495
S_6312,21,82,0.0421
S_6313,12,29,0.0218
S_6314,11,64,0.0548
S_6315,12,82,0.0187
S_6316,15,53,0.0703
S_6317,9,103,0.0368
S_6318,15,104,0.0305
S_6319,20,56,0.059
S_6320,15,116,0.0357
S_6321,14,9,0.0218
S_6322,13,0,0.0188
S_6323,17,45,0.0204
S_6324,12,72,0.063
S_6325,20,75,0.0097
S_6326,20,57,0.033
S_6327,15,14,0.0351
S_6328,14,20,0.0576
S_6329,18,102,0.0108
S_6330,18,104,0.0086
S_6331,12,80,0.0143
S_6332,13,79,0.0147
S_6333,11,71,0.0161
S_6334,16,24,0.0526
S_6335,16,51,0.066
S_6336,10,83,0.0745
S_6337,13,64,0.0142
S_6338,10,2,0.1039
S_6339,12,114,0.022
S_6340,16,101,0.0277
S_6341,12,31,0.0588
S_6342,14,73,0.0223
S_6343,10,110,0.0778
S_6344,15,11,0.088
S_6345,14,60,0.0573
S_6346,12,54,0.1257
S_6347,14,49,0.0578
S_6348,15,100,0.0714
S_6349,12,45,0.0218
S_6350,10,7,0.055
S_6351,20,7,0.0238
S_6352,13,5,0.1291
S_6353,14,49,0.1047
S_6354,18,86,0.0273
S_6355,21,24,0.0987
S_6356,11,77,0.0075
S_6357,16,82,0.0504
S_6358,12,30,0.1601
S_6359,13,72,0.0149
S_6360,12,82,0.0276
S_6361,11,55,0.0771
S_6362,14,40,0.0845
S_6363,10,74,0.0758
S_6364,17,117,0.0213
S_6365,15,51,0.135
S_6366,16,47,0.0602
S_6367,13,55,0.0292
S_6368,13,9,0.0177
S_6369,15,66,0.0464
S_6370,11,39,0.0434
S_6371,13,14,0.0279
S_6372,12,55,0.02
S_6373,12,0,0.0177
S_6374,8,48,0.0193
S_6375,19,12,0.0357
S_6376,12,2,0.0435
S_6377,18,98,0.0709
S_6378,18,109,0.0457
S_6379,11,24,0.0207
S_6380,11,64,0.0318
S_6381,21,33,0.0105
S_6382,20,59,0.0578
S_6383,14,52,0.0126
S_6384,15,32,0.0183
S_6385,13,84,0.0646
S_6386,16,15,0.0542
S_6387,12,6,0.0608
S_6388,8,92,0.0457
S_6389,11,79,0.1475
S_6390,15,59,0.0395
S_6391,11,56,0.006
S_6392,14,59,0.0491
S_6393,11,52,0.0079
S_6394,12,47,0.06
S_6395,17,59,0.0345
S_6396,15,63,0.0282
S_6397,14,83,0.0197
S_6398,17,85,0.0928
S_6399,16,45,0.0389
S_6400,19,49,0.0098
S_6401,13,44,0.1208
S_6402,13,64,0.0465
S_6403,11,54,0.0399
S_6404,13,106,0.0742
S_6405,17,83,0.0526
S_6406,18,107,0.0201
S_6407,17,85,0.0525
S_6408,9,116,0.026
S_6409,18,76,0.0413
S_6410,9,115,0.0381
S_6411,17,18,0.0238
S_6412,13,6,0.0156
S_6413,17,69,0.1277
S_6414,11,118,0.0391
S_6415,18,50,0.0314
S_6416,10,25,0.0296
S_6417,12,62,0.004
S_6418,12,77,0.0618
S_6419,9,37,0.1209
S_6420,15,85,0.0733
S_6421,20,117,0.0169
S_6422,21,107,0.0218
S_6423,15,34,0.0224
S_6424,18,39,0.0357
S_6425,15,44,0.0439
S_6426,16,47,0.0661
S_6427,13,12,0.025
S_6428,15,91,0.0374
S_6429,16,43,0.0536
S_6430,13,105,0.0317
S_6431,14,111,0.0093
S_6432,14,2,0.0752
S_6433,17,118,0.0711
S_6434,11,85,0.0318
S_6435,14,62,0.0271
S_6436,20,46,0.0243
S_6437,18,62,0.0775
S_6438,19,38,0.055
S_6439,15,74,0.0831
S_6440,15,11,0.0138
S_6441,18,74,0.0081
S_6442,19,33,0.0321
S_6443,9,2,0.0754
S_6444,11,66,0.1146
S_6445,18,69,0.0899
S_6446,14,51,0.0739
S_6447,12,8,0.0576
S_6448,11,107,0.034
S_6449,13,73,0.0434
S_6450,10,13,0.0273
S_6451,21,61,0.0246
S_6452,14,59,0.0814
S_6453,14,7,0.0459
S_6454,16,72,0.0109
S_6455,17,96,0.0144
S_6456,17,89,0.0481
S_6457,18,24,0.0156
S_6458,13,103,0.034
S_6459,14,41,0.0407
S_6460,17,113,0.0235
S_6461,13,8,0.0102
S_6462,14,58,0.0621
S_6463,16,71,0.0565
S_6464,17,29,0.0436
S_6465,9,92,0.0475
S_6466,17,75,0.0396
S_6467,14,2,0.0921
S_6468,17,73,0.0387
S_6469,17,58,0.0871
S_6470,19,23,0.0636
S_6471,19,119,0.0193
S_6472,19,107,0.0322
S_6473,19,35,0.036
S_6474,15,64,0.0808
S_6475,15,37,0.0897
S_6476,17,93,0.0414
S_6477,17,111,0.0466
S_6478,14,43,0.0446
S_6479,16,96,0.0839
S_6480,14,59,0.0492
S_6481,12,47,0.0553
S_6482,18,112,0.0396
S_6483,15,61,0.0661
S_6484,21,56,0.0497
S_6485,10,80,0.062
S_6486,13,31,0.0351
S_6487,15,38,0.051
S_6488,18,111,0.0796
S_6489,16,81,0.043
S_6490,15,99,0.0157
S_6491,11,32,0.0127
S_6492,11,65,0.0365
S_6493,15,116,0.0818
S_6494,10,38,0.0347
S_6495,13,19,0.0045
S_6496,16,61,0.0749
S_6497,12,46,0.0735
S_6498,19,19,0.0276
S_6499,18,106,0.0459
S_6500,10,118,0.0685
S_6501,12,68,0.0195
S_6502,8,92,0.028
S_6503,12,103,0.0816
S_6504,17,84,0.0493
S_6505,13,5,0.0584
S_6506,16,18,0.0519
S_6507,10,8,0.0856
S_6508,17,1,0.1708
S_6509,13,36,0.1405
S_6510,15,47,0.032
S_6511,14,28,0.0579
S_6512,11,7,0.0575
S_6513,11,63,0.075
S_6514,17,32,0.0381
S_6515,16,95,0.0168
S_6516,18,0,0.0565
S_6517,15,101,0.021
S_6518,15,114,0.0116
S_6519,9,85,0.0938
S_6520,14,88,0.0393
S_6521,14,112,0.0517
S_6522,20,25,0.0477
S_6523,17,119,0.0401
S_6524,19,92,0.0035
S_6525,16,87,0.0138
S_6526,12,43,0.0442
S_6527,15,65,0.1098
S_6528,15,78,0.0388
S_6529,12,74,0.0209
S_6530,13,84,0.0172
S_6531,14,9,0.1437
S_6532,19,42,0.0464
S_6533,8,52,0.0628
S_6534,18,31,0.0198
S_6535,12,20,0.0096
S_6536,10,16,0.0381
S_6537,18,43,0.0387
S_6538,17,59,0.1117
S_6539,18,7,0.0511
S_6540,17,113,0.0805
S_6541,21,91,0.0255
S_6542,16,87,0.0813
S_6543,14,20,0.0273
S_6544,16,72,0.0496
S_6545,18,63,0.0221
S_6546,12,117,0.0607
S_6547,13,89,0.0435
S_6548,14,69,0.0181
S_6549,8,102,0.047
S_6550,15,18,0.0437
S_6551,9,1,0.0443
S_6552,15,82,0.1113
S_6553,17,11,0.0182
S_6554,13,13,0.0289
S_6555,20,89,0.0697
S_6556,10,32,0.052
S_6557,18,75,0.1104
S_6558,17,110,0.0031
S_6559,9,37,0.1053
S_6560,21,26,0.0561
S_6561,14,12,0.0974
S_6562,12,15,0.0225
S_6563,10,7,0.0587
S_6564,14,10,0.046
S_6565,14,51,0.0543
S_6566,15,38,0.1039
S_6567,14,84,0.0385
S_6568,16,104,0.0309
S_6569,13,94,0.0929
S_6570,9,63,0.129
S_6571,14,12,0.0049
S_6572,7,85,0.0997
S_6573,16,43,0.0355
S_6574,12,10,0.069
S_6575,15,101,0.107
S_6576,18,40,0.0896
S_6577,12,26,0.0515
S_6578,18,104,0.0436
S_6579,13,108,0.051
S_6580,20,40,0.1487
S_6581,13,42,0.0284
S_6582,12,69,0.1163
S_6583,17,88,0.0705
S_6584,13,7,0.0356
S_6585,12,71,0.01
S_6586,13,114,0.0551
S_6587,14,31,0.0253
S_6588,19,109,0.0497
S_6589,9,114,0.0258
S_6590,15,32,0.0734
S_6591,16,90,0.0273
S_6592,15,28,0.1057
S_6593,18,88,0.1256
S_6594,14,95,0.0455
S_6595,14,29,0.0275
S_6596,16,85,0.038
S_6597,15,97,0.0095
S_6598,13,43,0.0336
S_6599,16,20,0.0991
S_6600,13,11,0.109
S_6601,13,69,0.0283
S_6602,13,117,0.0462
S_6603,19,98,0.0369
S_6604,5,52,0.0416
S_6605,16,64,0.0698
S_6606,15,33,0.0681
S_6607,9,19,0.0224
S_6608,15,57,0.0467
S_6609,16,55,0.0622
S_6610,16,62,0.0707
S_6611,7,114,0.0453
S_6612,19,72,0.1154
S_6613,12,72,0.1124
S_6614,17,15,0.0209
S_6615,17,119,0.0752
S_6616,12,92,0.0451
S_6617,16,105,0.0418
S_6618,13,49,0.172
S_6619,8,60,0.0241
S_6620,18,62,0.0622
S_6621,12,23,0.0084
S_6622,12,82,0.033
S_6623,13,108,0.0401
S_6624,15,19,0.0111
S_6625,14,10,0.0129
S_6626,16,88,0.0757
S_6627,10,32,0.072
S_6628,12,74,0.0092
S_6629,14,83,0.0381
S_6630,20,38,0.0229
S_6631,14,97,0.0246
S_6632,18,65,0.0516
S_6633,15,104,0.0428
S_6634,13,91,0.0278
S_6635,14,104,0.021
S_6636,14,2,0.0106
S_6637,16,29,0.0809
S_6638,19,10,0.1079
S_6639,16,53,0.0099
S_6640,18,106,0.0075
S_6641,12,56,0.0408
S_6642,13,101,0.1571
S_6643,12,39,0.0389
S_6644,15,40,0.0175
S_6645,13,107,0.068
S_6646,17,51,0.1761
S_6647,12,94,0.0483
S_6648,15,28,0.0352
S_6649,17,113,0.0548
S_6650,8,68,0.0178
S_6651,21,91,0.0545
S_6652,14,10,0.0315
S_6653,8,59,0.086
S_6654,15,108,0.0695
S_6655,15,105,0.0776
S_6656,14,5,0.0446
S_6657,17,36,0.0591
S_6658,17,53,0.0904
S_6659,15,20,0.0244
S_6660,16,87,0.0198
S_6661,14,22,0.0723
S_6662,20,41,0.0389
S_6663,10,79,0.098
S_6664,15,57,0.07
S_6665,15,88,0.0608
S_6666,17,115,0.0702
S_6667,12,13,0.0918
S_6668,9,85,0.0035
S_6669,15,27,0.0073
S_6670,15,49,0.0588
S_6671,19,3,0.0057
S_6672,11,16,0.0502
S_6673,18,38,0.027
S_6674,21,41,0.0259
S_6675,13,107,0.0268
S_6676,11,89,0.0682
S_6677,13,116,0.018
S_6678,15,71,0.048
S_6679,16,29,0.0227
S_6680,13,39,0.0455
S_6681,19,38,0.0483
S_6682,11,39,0.0279
S_6683,9,80,0.0353
S_6684,18,63,0.109
S_6685,8,46,0.0644
S_6686,14,17,0.0707
S_6687,21,2,0.0156
S_6688,14,26,0.055
S_6689,11,12,0.0327
S_6690,14,94,0.0655
S_6691,14,13,0.0336
S_6692,15,86,0.0069
S_6693,16,46,0.0594
S_6694,11,8,0.0564
S_6695,20,97,0.0193
S_6696,15,69,0.056
S_6697,17,28,0.0379
S_6698,13,107,0.0193
S_6699,18,5,0.0831
S_6700,14,24,0.0161
S_6701,15,90,0.0241
S_6702,12,85,0.0153
S_6703,12,34,0.0384
S_6704,17,7,0.0533
S_6705,13,102,0.0514
S_6706,12,37,0.0585
S_6707,13,23,0.1057
S_6708,17,61,0.0631
S_6709,13,109,0.0356
S_6710,14,5,0.0691
S_6711,15,91,0.0278
S_6712,9,68,0.0988
S_6713,10,51,0.0283
S_6714,16,89,0.0551
S_6715,12,115,0.0199
S_6716,18,27,0.0812
S_6717,17,17,0.022
S_6718,17,109,0.0659
S_6719,20,80,0.0045
S_6720,14,52,0.0249
S_6721,16,68,0.1459
S_6722,13,89,0.0676
S_6723,21,92,0.0271
S_6724,20,110,0.032
S_6725,15,51,0.0735
S_6726,16,35,0.0367
S_6727,19,76,0.0908
S_6728,14,49,0.0205
S_6729,13,71,0.0668
S_6730,17,50,0.0442
S_6731,15,18,0.085
S_6732,15,56,0.0461
S_6733,12,82,0.0292
S_6734,9,95,0.0457
S_6735,15,59,0.1252
S_6736,17,19,0.0346
S_6737,14,49,0.0767
S_6738,19,94,0.0887
S_6739,12,49,0.1006
S_6740,11,83,0.0326
S_6741,14,60,0.0223
S_6742,14,28,0.082
S_6743,17,95,0.1106
S_6744,12,10,0.055
S_6745,19,62,0.0676
S_6746,20,25,0.0125
S_6747,14,8,0.0221
S_6748,18,60,0.0126
S_6749,11,59,0.0317
S_6750,18,84,0.0529
S_6751,18,89,0.0296
S_6752,17,87,0.0894
S_6753,14,49,0.0688
S_6754,6,75,0.0837
S_6755,13,69,0.1148
S_6756,13,50,0.0201
S_6757,12,71,0.0395
S_6758,15,113,0.0267
S_6759,13,23,0.0056
S_6760,12,108,0.0451
S_6761,11,6,0.1893
S_6762,12,37,0.1151
S_6763,18,34,0.0318
S_6764,13,75,0.0463
S_6765,13,15,0.03
S_6766,13,105,0.0386
S_6767,16,99,0.0443
S_6768,16,78,0.0748
S_6769,5,55,0.0717
S_6770,18,111,0.0053
S_6771,19,99,0.013
S_6772,11,59,0.0279
S_6773,12,84,0.0147
S_6774,13,68,0.0259
S_6775,12,70,0.0327
S_6776,15,39,0.0195
S_6777,9,55,0.0048
S_6778,11,9,0.0545
S_6779,19,42,0.0073
S_6780,12,83,0.0051
S_6781,18,114,0.0364
S_6782,16,115,0.0237
S_6783,9,66,0.0673
S_6784,16,72,0.0593
S_6785,14,22,0.0556
S_6786,13,83,0.0349
S_6787,15,8,0.0314
S_6788,16,34,0.0501
S_6789,17,80,0.013
S_6790,18,37,0.0027
S_6791,16,5,0.0187
S_6792,10,99,0.0784
S_6793,13,37,0.0342
S_6794,21,7,0.0491
S_6795,17,8,0.009
S_6796,21,30,0.0201
S_6797,19,21,0.0608
S_6798,15,92,0.0348
S_6799,15,38,0.0259
S_6800,14,96,0.0582
S_6801,9,20,0.0346
S_6802,15,59,0.0258
S_6803,18,82,0.0326
S_6804,13,78,0.03
S_6805,16,72,0.1596
S_6806,17,110,0.0391
S_6807,12,27,0.0498
S_6808,13,59,0.0356
S_6809,11,106,0.0039
S_6810,12,9,0.0381
S_6811,11,6,0.037
S_6812,12,27,0.0046
S_6813,19,75,0.0082
S_6814,12,31,0.0602
S_6815,15,22,0.0333
S_6816,13,55,0.0594
S_6817,18,73,0.1201
S_6818,18,29,0.0369
S_6819,17,36,0.0115
S_6820,15,73,0.0805
S_6821,14,113,0.1012
S_6822,11,80,0.041
S_6823,20,93,0.0646
S_6824,12,44,0.0586
S_6825,16,32,0.0242
S_6826,18,54,0.109
S_6827,13,96,0.0506
S_6828,18,54,0.0215
S_6829,17,101,0.1051
S_6830,20,118,0.0376
S_6831,13,8,0.0479
S_6832,11,5,0.0921
S_6833,13,17,0.0743
S_6834,15,46,0.03
S_6835,15,15,0.0123
S_6836,13,104,0.0913
S_6837,9,2,0.0422
S_6838,16,37,0.0188
S_6839,20,22,0.0548
S_6840,16,111,0.0471
S_6841,16,80,0.0161
S_6842,16,109,0.0265
S_6843,16,116,0.0328
S_6844,17,59,0.0974
S_6845,16,28,0.0351
S_6846,14,23,0.0791
S_6847,12,26,0.0481
S_6848,14,85,0.0274
S_6849,15,4,0.0817
S_6850,14,6,0.1786
S_6851,15,72,0.0132
S_6852,16,77,0.0161
S_6853,17,79,0.0406
S_6854,18,44,0.0564
S_6855,15,96,0.0592
S_6856,11,64,0.0467
S_6857,13,12,0.0791
S_6858,15,95,0.0344
S_6859,9,114,0.0408
S_6860,19,7,0.02
S_6861,15,46,0.0431
S_6862,16,58,0.0833
S_6863,19,17,0.0471
S_6864,13,104,0.0883
S_6865,16,34,0.0785
S_6866,14,93,0.0247
S_6867,14,80,0.0401
S_6868,12,71,0.055
S_6869,19,23,0.0764
S_6870,13,26,0.04
S_6871,17,5,0.0078
S_6872,9,28,0.0402
S_6873,18,41,0.0303
S_6874,18,99,0.0488
S_6875,15,43,0.0501
S_6876,14,90,0.0156
S_6877,16,52,0.0117
S_6878,21,94,0.0216
S_6879,9,117,0.0072
S_6880,17,28,0.0304
S_6881,12,103,0.0429
S_6882,14,74,0.0668
S_6883,14,98,0.0606
S_6884,13,78,0.0446
S_6885,14,50,0.0827
S_6886,11,27,0.0603
S_6887,18,8,0.0094
S_6888,9,64,0.0491
S_6889,16,118,0.0658
S_6890,14,88,0.0246
S_6891,11,39,0.0262
S_6892,15,99,0.0716
S_6893,10,92,0.0419
S_6894,15,33,0.0259
S_6895,10,1,0.0639
S_6896,16,14,0.0572
S_6897,12,105,0.0461
S_6898,13,100,0.1339
S_6899,15,35,0.032
S_6900,12,34,0.0284
S_6901,14,95,0.0463
S_6902,10,112,0.0433
S_6903,16,93,0.0285
S_6904,20,72,0.0658
S_6905,21,29,0.0423
S_6906,15,63,0.0534
S_6907,17,28,0.0692
S_6908,9,96,0.0486
S_6909,19,46,0.0847
S_6910,17,100,0.1061
S_6911,13,45,0.0243
S_6912,18,98,0.1274
S_6913,14,39,0.05
S_6914,13,52,0.0738
S_6915,16,73,0.0019
S_6916,11,8,0.0243
S_6917,18,113,0.0508
S_6918,11,68,0.1042
S_6919,11,60,0.013
S_6920,12,100,0.0483
S_6921,17,103,0.0448
S_6922,13,62,0.0647
S_6923,10,111,0.1128
S_6924,13,7,0.0472
S_6925,14,13,0.0533
S_6926,11,71,0.0727
S_6927,11,42,0.011
S_6928,21,55,0.1115
S_6929,12,39,0.0312
S_6930,14,48,0.0562
S_6931,13,98,0.0205
S_6932,13,71,0.0261
S_6933,16,119,0.0137
S_6934,17,94,0.1258
S_6935,14,32,0.0302
S_6936,11,31,0.0993
S_6937,18,40,0.0496
S_6938,14,101,0.0387
S_6939,20,3,0.085
S_6940,8,27,0.0242
S_6941,15,108,0.0654
S_6942,20,76,0.0024
S_6943,13,27,0.0471
S_6944,14,26,0.0194
S_6945,15,103,0.0087
S_6946,13,107,0.0304
S_6947,14,30,0.1373
S_6948,13,50,0.0122
S_6949,13,100,0.0365
S_6950,18,92,0.0312
S_6951,16,97,0.0121
S_6952,15,62,0.0238
S_6953,17,109,0.033
S_6954,14,39,0.0204
S_6955,12,18,0.0815
S_6956,13,85,0.1152
S_6957,15,64,0.0284
S_6958,11,102,0.0139
S_6959,13,9,0.0448
S_6960,13,101,0.0823
S_6961,21,35,0.152
S_6962,6,78,0.0081
S_6963,14,4,0.0141
S_6964,20,73,0.172
S_6965,15,86,0.0252
S_6966,17,44,0.0076
S_6967,15,25,0.0433
S_6968,12,64,0.0469
S_6969,8,99,0.0444
S_6970,15,38,0.0375
S_6971,12,30,0.0604
S_6972,12,33,0.1592
S_6973,13,113,0.04
S_6974,20,43,0.0136
S_6975,21,0,0.0552
S_6976,15,93,0.0079
S_6977,13,83,0.0277
S_6978,11,15,0.0847
S_6979,16,118,0.0666
S_6980,20,72,0.0118
S_6981,14,60,0.015
S_6982,7,45,0.0364
S_6983,17,107,0.0837
S_6984,17,29,0.1141
S_6985,10,34,0.0249
S_6986,15,14,0.0822
S_6987,16,91,0.0536
S_6988,14,71,0.0885
S_6989,12,73,0.0111
S_6990,18,26,0.0374
S_6991,13,78,0.0299
S_6992,10,91,0.0983
S_6993,8,42,0.0444
S_6994,18,96,0.1059
S_6995,16,41,0.1346
S_6996,15,90,0.0321
S_6997,13,4,0.1144
S_6998,13,66,0.0441
S_6999,11,116,0.0422
S_7000,13,117,0.0026
S_7001,8,33,0.0503
S_7002,12,52,0.0418
S_7003,14,7,0.0705
S_7004,16,104,0.12
S_7005,14,68,0.045
S_7006,17,46,0.09
S_7007,19,13,0.0136
S_7008,18,113,0.0151
S_7009,16,63,0.0204
S_7010,15,33,0.0101
S_7011,12,42,0.0504
S_7012,17,32,0.0388
S_7013,20,72,0.0446
S_7014,16,111,0.0461
S_7015,20,102,0.0201
S_7016,10,55,0.0507
S_7017,11,99,0.0242
S_7018,17,50,0.0731
S_7019,15,30,0.0239
S_7020,18,118,0.0027
S_7021,14,36,0.0283
S_7022,12,38,0.0241
S_7023,14,118,0.0273
S_7024,10,16,0.0188
S_7025,11,91,0.0108
S_7026,17,112,0.0523
S_7027,17,61,0.1086
S_7028,16,0,0.0382
S_7029,9,45,0.0358
S_7030,13,13,0.0216
S_7031,11,49,0.0128
S_7032,18,94,0.0554
S_7033,13,52,0.0766
S_7034,11,51,0.0498
S_7035,15,66,0.0083
S_7036,13,69,0.0259
S_7037,19,102,0.0978
S_7038,12,37,0.0243
S_7039,10,98,0.0123
S_7040,8,67,0.056
S_7041,14,36,0.0375
S_7042,13,35,0.0802
S_7043,10,43,0.0675
S_7044,18,74,0.0258
S_7045,17,27,0.0418
S_7046,14,110,0.0578
S_7047,19,68,0.0394
S_7048,16,110,0.0648
S_7049,12,5,0.0434
S_7050,11,41,0.1268
S_7051,17,2,0.0639
S_7052,16,32,0.0535
S_7053,15,103,0.0257
S_7054,12,4,0.0353
S_7055,16,52,0.0636
S_7056,12,14,0.0652
S_7057,14,50,0.1636
S_7058,19,100,0.0355
S_7059,13,74,0.0227
S_7060,10,88,0.2131
S_7061,11,41,0.0707
S_7062,17,113,0.1189
S_7063,15,85,0.0291
S_7064,14,50,0.0604
S_7065,13,51,0.0213
S_7066,16,110,0.1045
S_7067,12,69,0.0139
S_7068,15,84,0.046
S_7069,12,50,0.1065
S_7070,12,26,0.099
S_7071,13,86,0.0065
S_7072,13,72,0.0262
S_7073,14,60,0.0965
S_7074,15,74,0.0953
S_7075,3,24,0.0128
S_7076,12,95,0.0164
S_7077,13,113,0.0257
S_7078,19,106,0.0197
S_7079,11,38,0.095
S_7080,15,48,0.04
S_7081,19,97,0.0524
S_7082,11,71,0.0352
S_7083,16,65,0.0257
S_7084,12,111,0.0199
S_7085,13,64,0.0787
S_7086,12,61,0.0196
S_7087,12,5,0.0384
S_7088,21,8,0.036
S_7089,17,0,0.0317
S_7090,18,109,0.113
S_7091,16,49,0.0381
S_7092,10,56,0.0174
S_7093,16,101,0.0405
S_7094,18,73,0.0392
S_7095,12,73,0.0412
S_7096,17,35,0.0031
S_7097,17,100,0.0085
S_7098,20,19,0.0313
S_7099,13,6,0.0393
S_7100,11,22,0.0582
S_7101,13,32,0.0454
S_7102,19,33,0.0218
S_7103,9,80,0.0529
S_7104,8,26,0.0757
S_7105,15,81,0.0423
S_7106,13,10,0.1437
S_7107,15,17,0.0549
S_7108,17,61,0.0687
S_7109,13,110,0.0518
S_7110,9,103,0.01
S_7111,21,116,0.0307
S_7112,12,78,0.0488
S_7113,11,81,0.0147
S_7114,18,75,0.0292
S_7115,13,74,0.0364
S_7116,14,17,0.0334
S_7117,16,65,0.0323
S_7118,18,46,0.1428
S_7119,13,53,0.0303
S_7120,19,62,0.0749
S_7121,8,15,0.0937
S_7122,17,43,0.0437
S_7123,12,7,0.1021
S_7124,19,117,0.0299
S_7125,15,14,0.1047
S_7126,12,31,0.0662
S_7127,16,106,0.046
S_7128,17,57,0.0047
S_7129,16,16,0.0942
S_7130,11,46,0.0238
S_7131,13,13,0.054
S_7132,14,24,0.0454
S_7133,14,6,0.0401
S_7134,17,52,0.0589
S_7135,8,96,0.041
S_7136,16,70,0.0381
S_7137,14,72,0.0049
S_7138,12,24,0.0625
S_7139,12,41,0.0612
S_7140,14,101,0.1153
S_7141,4,10,0.0108
S_7142,12,102,0.0241
S_7143,12,58,0.0425
S_7144,16,100,0.0281
S_7145,12,38,0.0187
S_7146,14,40,0.0184
S_7147,19,90,0.0539
S_7148,17,94,0.0756
S_7149,17,27,0.0198
S_7150,13,116,0.0855
S_7151,16,10,0.0573
S_7152,14,8,0.025
S_7153,14,71,0.0417
S_7154,16,86,0.0313
S_7155,13,115,0.068
S_7156,19,48,0.0878
S_7157,14,3,0.0209
S_7158,16,72,0.019
S_7159,19,34,0.0434
S_7160,18,51,0.0117
S_7161,10,58,0.0183
S_7162,16,7,0.0506
S_7163,17,58,0.0502
S_7164,17,51,0.0202
S_7165,11,85,0.03
S_7166,13,77,0.0216
S_7167,17,22,0.0569
S_7168,12,24,0.0259
S_7169,14,30,0.0085
S_7170,19,21,0.0034
S_7171,14,78,0.0508
S_7172,12,119,0.015
S_7173,12,78,0.047
S_7174,15,72,0.0394
S_7175,11,49,0.0238
S_7176,14,37,0.0778
S_7177,15,109,0.0838
S_7178,18,116,0.1062
S_7179,17,59,0.1109
S_7180,12,34,0.0268
S_7181,18,92,0.0308
S_7182,14,15,0.0259
S_7183,11,91,0.1019
S_7184,14,98,0.0462
S_7185,19,14,0.0261
S_7186,15,117,0.0403
S_7187,15,118,0.0928
S_7188,19,112,0.0072
S_7189,10,59,0.099
S_7190,11,29,0.0368
S_7191,10,69,0.0707
S_7192,16,50,0.1005
S_7193,15,24,0.0324
S_7194,19,50,0.0488
S_7195,15,79,0.0923
S_7196,13,8,0.1778
S_7197,15,40,0.0205
S_7198,15,2,0.0229
S_7199,9,89,0.0844
S_7200,21,76,0.0187
S_7201,16,7,0.0271
S_7202,15,115,0.1439
S_7203,16,2,0.0561
S_7204,17,70,0.0623
S_7205,14,93,0.0212
S_7206,13,94,0.1121
S_7207,16,4,0.0355
S_7208,16,108,0.079
S_7209,12,110,0.0624
S_7210,19,67,0.034
S_7211,15,57,0.0448
S_7212,17,5,0.1169
S_7213,19,67,0.0064
S_7214,15,49,0.0254
S_7215,15,92,0.0518
S_7216,17,48,0.0479
S_7217,12,82,0.0807
S_7218,15,12,0.0367
S_7219,15,15,0.0298
S_7220,12,16,0.052
S_7221,21,5,0.0784
S_7222,10,64,0.0418
S_7223,11,95,0.0706
S_7224,18,73,0.1252
S_7225,17,68,0.0074
S_7226,11,81,0.0534
S_7227,16,40,0.0706
S_7228,19,43,0.0971
S_7229,14,37,0.0812
S_7230,21,85,0.0154
S_7231,9,19,0.1451
S_7232,17,1,0.0491
S_7233,18,71,0.0286
S_7234,17,113,0.0693
S_7235,14,73,0.0099
S_7236,14,93,0.0504
S_7237,16,80,0.0219
S_7238,17,59,0.0263
S_7239,16,86,0.0938
S_7240,18,98,0.0575
S_7241,11,26,0.0395
S_7242,14,40,0.0766
S_7243,12,26,0.0029
S_7244,13,54,0.0105
S_7245,18,106,0.0778
S_7246,15,41,0.0257
S_7247,21,44,0.0603
S_7248,15,103,0.0463
S_7249,15,61,0.0875
S_7250,15,64,0.0936
S_7251,13,103,0.0739
S_7252,14,58,0.0521
S_7253,18,81,0.0357
S_7254,15,10,0.0302
S_7255,12,21,0.0489
S_7256,12,48,0.0333
S_7257,13,59,0.023
S_7258,15,115,0.0186
S_7259,18,116,0.0634
S_7260,10,102,0.0572
S_7261,14,37,0.0814
S_7262,15,115,0.0985
S_7263,9,82,0.014
S_7264,12,47,0.0282
S_7265,12,84,0.0172
S_7266,12,1,0.1217
S_7267,15,17,0.0416
S_7268,14,99,0.0184
S_7269,13,77,0.057
S_7270,16,43,0.0259
S_7271,20,60,0.0757
S_7272,19,108,0.0189
S_7273,9,75,0.0823
S_7274,16,47,0.0983
S_7275,14,14,0.0497
S_7276,15,35,0.035
S_7277,13,117,0.132
S_7278,15,52,0.1184
S_7279,15,56,0.0373
S_7280,13,59,0.0706
S_7281,12,106,0.0405
S_7282,13,72,0.0866
S_7283,15,83,0.0409
S_7284,16,46,0.0835
S_7285,17,3,0.0322
S_7286,13,111,0.0597
S_7287,15,113,0.1017
S_7288,17,113,0.013
S_7289,18,113,0.0388
S_7290,14,97,0.0302
S_7291,14,82,0.0835
S_7292,15,101,0.0374
S_7293,11,72,0.0349
S_7294,14,16,0.0302
S_7295,17,46,0.0401
S_7296,16,116,0.0826
S_7297,14,42,0.0909
S_7298,15,104,0.0543
S_7299,12,11,0.0104
S_7300,17,40,0.0391
S_7301,14,42,0.0216
S_7302,14,6,0.0663
S_7303,13,14,0.0572
S_7304,14,23,0.0883
S_7305,13,100,0.0601
S_7306,16,7,0.0911
S_7307,13,35,0.1022
S_7308,19,1,0.1086
S_7309,19,83,0.0107
S_7310,12,74,0.0449
S_7311,15,77,0.1296
S_7312,13,44,0.0556
S_7313,14,24,0.0258
S_7314,21,86,0.0661
S_7315,14,97,0.0299
S_7316,16,16,0.0721
S_7317,16,58,0.0276
S_7318,11,29,0.0354
S_7319,12,20,0.0557
S_7320,11,88,0.0821
S_7321,12,64,0.042
S_7322,6,25,0.0897
S_7323,16,37,0.0282
S_7324,21,115,0.058
S_7325,15,101,0.0147
S_7326,10,105,0.0499
S_7327,13,55,0.0098
S_7328,13,74,0.1134
S_7329,11,45,0.0284
S_7330,17,9,0.0969
S_7331,17,48,0.0793
S_7332,11,71,0.0747
S_7333,17,34,0.0157
S_7334,19,101,0.0096
S_7335,20,18,0.0413
S_7336,21,44,0.032
S_7337,12,14,0.0658
S_7338,21,48,0.0756
S_7339,13,4,0.0051
S_7340,13,32,0.0127
S_7341,15,48,0.0904
S_7342,13,57,0.0215
S_7343,16,65,0.0116
S_7344,11,32,0.0296
S_7345,14,62,0.0216
S_7346,18,61,0.1447
S_7347,14,37,0.0194
S_7348,15,99,0.1311
S_7349,16,65,0.0263
S_7350,18,39,0.0041
S_7351,10,113,0.0315
S_7352,16,101,0.0328
S_7353,14,117,0.0879
S_7354,15,83,0.0909
S_7355,18,45,0.0047
S_7356,11,33,0.0322
S_7357,11,79,0.0727
S_7358,9,117,0.0234
S_7359,13,75,0.0721
S_7360,18,105,0.0351
S_7361,14,39,0.0014
S_7362,10,48,0.0366
S_7363,13,108,0.0785
S_7364,10,90,0.0142
S_7365,11,117,0.0861
S_7366,16,92,0.072
S_7367,11,53,0.0401
S_7368,18,63,0.1442
S_7369,14,108,0.0857
S_7370,15,66,0.0585
S_7371,14,30,0.0736
S_7372,17,52,0.0192
S_7373,17,61,0.0477
S_7374,16,11,0.0149
S_7375,16,89,0.0471
S_7376,14,13,0.0575
S_7377,16,48,0.014
S_7378,13,96,0.1493
S_7379,15,56,0.0639
S_7380,14,101,0.0302
S_7381,13,41,0.0266
S_7382,12,114,0.015
S_7383,16,25,0.0567
S_7384,18,4,0.019
S_7385,18,104,0.0135
S_7386,11,90,0.0129
S_7387,18,27,0.0697
S_7388,14,118,0.0201
S_7389,16,60,0.0081
S_7390,12,114,0.0502
S_7391,15,60,0.0459
S_7392,15,56,0.117
S_7393,10,53,0.1072
S_7394,16,40,0.0159
S_7395,19,64,0.0659
S_7396,14,54,0.0412
S_7397,19,4,0.0458
S_7398,14,31,0.0289
S_7399,17,25,0.0515
S_7400,8,104,0.0166
S_7401,21,71,0.0654
S_7402,19,91,0.0681
S_7403,14,114,0.0253
S_7404,9,77,0.026
S_7405,15,117,0.0215
S_7406,10,37,0.0294
S_7407,16,22,0.0636
S_7408,16,48,0.0338
S_7409,12,56,0.0581
S_7410,18,107,0.0179
S_7411,17,67,0.0419
S_7412,17,35,0.0451
S_7413,15,89,0.0581
S_7414,10,60,0.0851
S_7415,17,19,0.0179
S_7416,14,69,0.0472
S_7417,10,109,0.0155
S_7418,19,101,0.0462
S_7419,21,70,0.0423
S_7420,14,45,0.0238
S_7421,21,10,0.13
S_7422,15,56,0.0373
S_7423,13,90,0.0081
S_7424,13,43,0.0319
S_7425,19,28,0.0112
S_7426,12,111,0.0999
S_7427,17,98,0.1332
S_7428,13,76,0.0367
S_7429,13,16,0.0646
S_7430,18,17,0.0302
S_7431,13,12,0.082
S_7432,13,73,0.0281
S_7433,18,13,0.0401
S_7434,19,101,0.0604
S_7435,16,119,0.0337
S_7436,13,43,0.0485
S_7437,13,54,0.081
S_7438,15,85,0.0764
S_7439,15,112,0.0157
S_7440,12,107,0.0792
S_7441,17,6,0.0071
S_7442,15,20,0.0541
S_7443,9,90,0.0112
S_7444,12,82,0.0378
S_7445,13,15,0.0523
S_7446,14,60,0.0475
S_7447,20,93,0.0956
S_7448,15,26,0.0508
S_7449,12,104,0.0452
S_7450,15,6,0.1578
S_7451,13,93,0.0757
S_7452,15,73,0.0324
S_7453,16,37,0.0585
S_7454,18,86,0.0429
S_7455,14,93,0.0197
S_7456,19,112,0.0689
S_7457,17,44,0.0268
S_7458,12,82,0.0587
S_7459,21,72,0.0861
S_7460,15,63,0.0342
S_7461,12,106,0.0204
S_7462,19,0,0.0639
S_7463,21,33,0.0221
S_7464,14,64,0.0867
S_7465,13,21,0.0347
S_7466,14,108,0.0028
S_7467,17,77,0.1166
S_7468,18,57,0.0399
S_7469,16,97,0.0513
S_7470,15,54,0.0973
S_7471,19,67,0.0951
S_7472,14,0,0.0313
S_7473,18,43,0.0747
S_7474,14,16,0.0436
S_7475,16,82,0.057
S_7476,14,57,0.0225
S_7477,14,36,0.0225
S_7478,13,56,0.0232
S_7479,19,25,0.0577
S_7480,12,111,0.0704
S_7481,12,6,0.0253
S_7482,21,103,0.0427
S_7483,17,61,0.016
S_7484,7,74,0.0416
S_7485,13,36,0.0855
S_7486,9,116,0.1731
S_7487,12,33,0.0442
S_7488,5,70,0.0466
S_7489,14,119,0.0299
S_7490,11,105,0.1528
S_7491,15,64,0.0473
S_7492,10,118,0.0135
S_7493,15,84,0.0082
S_7494,13,25,0.0415
S_7495,19,48,0.0428
S_7496,19,40,0.0277
S_7497,17,41,0.0193
S_7498,14,91,0.0164
S_7499,20,70,0.0369
S_7500,10,4,0.0249
S_7501,10,105,0.0994
S_7502,14,35,0.0306
S_7503,21,119,0.0288
S_7504,14,114,0.0519
S_7505,14,112,0.0303
S_7506,10,97,0.0336
S_7507,17,26,0.0422
S_7508,17,63,0.0666
S_7509,17,26,0.0539
S_7510,13,31,0.0619
S_7511,12,73,0.0334
S_7512,11,4,0.0661
S_7513,15,116,0.0237
S_7514,11,110,0.0715
S_7515,11,45,0.0636
S_7516,13,61,0.0975
S_7517,13,55,0.0069
S_7518,13,105,0.0602
S_7519,16,82,0.042
S_7520,15,33,0.0874
S_7521,14,53,0.0478
S_7522,15,51,0.0077
S_7523,12,115,0.0061
S_7524,15,21,0.0546
S_7525,15,10,0.0641
S_7526,10,105,0.0378
S_7527,17,107,0.077
S_7528,12,104,0.0234
S_7529,15,61,0.0452
S_7530,18,79,0.028
S_7531,17,67,0.0262
S_7532,15,8,0.052
S_7533,13,71,0.0649
S_7534,17,1,0.0458
S_7535,17,38,0.0236
S_7536,13,111,0.0867
S_7537,12,36,0.0344
S_7538,8,112,0.0779
S_7539,15,30,0.0638
S_7540,14,37,0.0303
S_7541,18,75,0.0249
S_7542,16,91,0.0224
S_7543,19,60,0.0366
S_7544,12,105,0.0197
S_7545,18,4,0.1756
S_7546,13,110,0.0272
S_7547,17,23,0.001
S_7548,10,106,0.0319
S_7549,15,48,0.0465
S_7550,9,99,0.0949
S_7551,14,80,0.0673
S_7552,16,21,0.1048
S_7553,13,110,0.0287
S_7554,11,29,0.0202
S_7555,17,29,0.0489
S_7556,14,97,0.0432
S_7557,13,12,0.015
S_7558,15,26,0.0471
S_7559,21,60,0.0076
S_7560,18,99,0.013
S_7561,18,17,0.1621
S_7562,16,65,0.0438
S_7563,15,85,0.0171
S_7564,7,103,0.0673
S_7565,12,112,0.0692
S_7566,13,94,0.0824
S_7567,9,78,0.0568
S_7568,11,52,0.0223
S_7569,9,13,0.0846
S_7570,14,85,0.025
S_7571,17,119,0.1029
S_7572,18,88,0.0089
S_7573,16,2,0.1249
S_7574,12,59,0.102
S_7575,9,73,0.0369
S_7576,9,82,0.0534
S_7577,11,86,0.1224
S_7578,12,66,0.0821
S_7579,14,26,0.0656
S_7580,11,113,0.0538
S_7581,16,83,0.0254
S_7582,14,28,0.0516
S_7583,15,38,0.023
S_7584,18,110,0.0802
S_7585,11,106,0.1458
S_7586,16,48,0.0482
S_7587,14,4,0.039
S_7588,13,5,0.058
S_7589,17,34,0.0288
S_7590,17,75,0.0531
S_7591,12,70,0.047
S_7592,14,76,0.018
S_7593,15,86,0.0537
S_7594,14,2,0.125
S_7595,16,12,0.0595
S_7596,15,43,0.0182
S_7597,20,18,0.0254
S_7598,10,9,0.104
S_7599,14,76,0.1189
S_7600,12,97,0.0959
S_7601,16,90,0.0466
S_7602,10,98,0.004
S_7603,16,79,0.0338
S_7604,13,88,0.075
S_7605,12,32,0.0129
S_7606,10,119,0.0412
S_7607,13,21,0.0339
S_7608,18,25,0.0438
S_7609,14,34,0.05
S_7610,16,117,0.0288
S_7611,19,118,0.0428
S_7612,15,95,0.0079
S_7613,13,75,0.0518
S_7614,16,62,0.0763
S_7615,13,116,0.1055
S_7616,13,83,0.0164
S_7617,10,113,0.0184
S_7618,17,37,0.0934
S_7619,13,40,0.0176
S_7620,15,102,0.0919
S_7621,11,17,0.0239
S_7622,16,113,0.0358
S_7623,12,60,0.0194
S_7624,14,111,0.11
S_7625,17,40,0.0625
S_7626,17,85,0.0775
S_7627,14,57,0.0578
S_7628,9,75,0.0059
S_7629,21,60,0.0356
S_7630,20,116,0.0318
S_7631,17,83,0.019
S_7632,12,30,0.0563
S_7633,14,109,0.057
S_7634,13,35,0.0338
S_7635,18,44,0.0275
S_7636,15,12,0.0872
S_7637,12,107,0.0635
S_7638,13,34,0.063
S_7639,18,31,0.0833
S_7640,19,110,0.0213
S_7641,19,96,0.1306
S_7642,17,16,0.0495
S_7643,14,92,0.0485
S_7644,5,109,0.0611
S_7645,15,9,0.0062
S_7646,14,99,0.0519
S_7647,15,65,0.0789
S_7648,15,80,0.053
S_7649,11,59,0.0099
S_7650,16,83,0.0621
S_7651,16,4,0.0213
S_7652,17,91,0.0343
S_7653,17,4,0.0188
S_7654,16,54,0.1593
S_7655,13,18,0.039
S_7656,14,98,0.0825
S_7657,15,37,0.0471
S_7658,15,54,0.0254
S_7659,17,51,0.1372
S_7660,16,92,0.0234
S_7661,21,57,0.0248
S_7662,21,94,0.0025
S_7663,15,8,0.1328
S_7664,3,22,0.0014
S_7665,18,66,0.0252
S_7666,13,113,0.0955
S_7667,12,8,0.0333
S_7668,13,5,0.0343
S_7669,13,18,0.021
S_7670,16,76,0.0424
S_7671,10,47,0.0654
S_7672,11,99,0.0136
S_7673,16,8,0.0434
S_7674,16,23,0.0239
S_7675,16,36,0.0799
S_7676,12,75,0.1259
S_7677,12,82,0.0462
S_7678,13,14,0.0673
S_7679,15,113,0.0197
S_7680,19,40,0.1014
S_7681,8,85,0.0099
S_7682,14,62,0.0568
S_7683,11,26,0.0178
S_7684,10,101,0.056
S_7685,17,98,0.0309
S_7686,16,47,0.0785
S_7687,16,70,0.0598
S_7688,17,30,0.0272
S_7689,13,82,0.0247
S_7690,13,37,0.053
S_7691,21,101,0.0153
S_7692,14,26,0.0411
S_7693,17,1,0.0181
S_7694,15,32,0.0915
S_7695,9,22,0.0765
S_7696,8,60,0.0434
S_7697,13,24,0.101
S_7698,18,91,0.0692
S_7699,17,28,0.0434
S_7700,17,84,0.029
S_7701,12,69,0.0685
S_7702,19,118,0.0334
S_7703,12,119,0.1139
S_7704,15,104,0.0282
S_7705,14,91,0.0275
S_7706,14,46,0.0089
S_7707,19,90,0.0936
S_7708,12,114,0.0582
S_7709,10,2,0.0076
S_7710,15,64,0.0135
S_7711,13,26,0.0196
S_7712,21,66,0.0573
S_7713,17,55,0.087
S_7714,13,69,0.0746
S_7715,11,66,0.0155
S_7716,9,115,0.0558
S_7717,11,66,0.1107
S_7718,15,101,0.0723
S_7719,19,38,0.0561
S_7720,18,52,0.0919
S_7721,15,56,0.0361
S_7722,14,33,0.019
S_7723,15,45,0.0234
S_7724,13,71,0.0287
S_7725,20,69,0.0241
S_7726,14,76,0.0742
S_7727,14,42,0.0934
S_7728,8,37,0.0115
S_7729,14,73,0.0234
S_7730,17,15,0.035
S_7731,11,30,0.0109
S_7732,12,5,0.059
S_7733,17,8,0.0806
S_7734,10,29,0.0391
S_7735,18,2,0.0538
S_7736,13,29,0.0453
S_7737,13,78,0.0389
S_7738,11,7,0.0582
S_7739,16,52,0.1313
S_7740,21,109,0.0616
S_7741,17,94,0.1349
S_7742,12,36,0.1268
S_7743,18,110,0.0702
S_7744,14,39,0.0483
S_7745,19,8,0.025
S_7746,17,119,0.023
S_7747,6,104,0.062
S_7748,11,55,0.0065
S_7749,17,79,0.0908
S_7750,15,80,0.1354
S_7751,11,23,0.0586
S_7752,13,24,0.1051
S_7753,9,56,0.013
S_7754,14,109,0.0093
S_7755,21,1,0.0829
S_7756,17,93,0.0219
S_7757,21,6,0.0819
S_7758,17,57,0.0928
S_7759,18,76,0.0727
S_7760,20,82,0.0612
S_7761,16,7,0.033
S_7762,14,50,0.0429
S_7763,18,70,0.0184
S_7764,19,7,0.0226
S_7765,13,16,0.0121
S_7766,12,79,0.0317
S_7767,15,62,0.0478
S_7768,17,19,0.0824
S_7769,17,64,0.053
S_7770,10,109,0.0385
S_7771,20,1,0.1234
S_7772,13,77,0.0417
S_7773,14,8,0.056
S_7774,12,0,0.0563
S_7775,21,18,0.0224
S_7776,15,50,0.0414
S_7777,12,96,0.021
S_7778,17,33,0.0128
S_7779,17,75,0.0464
S_7780,14,49,0.0504
S_7781,17,28,0.084
S_7782,12,61,0.0233
S_7783,13,95,0.035
S_7784,8,99,0.0955
S_7785,11,101,0.0552
S_7786,20,40,0.0349
S_7787,19,95,0.0122
S_7788,15,25,0.0352
S_7789,19,88,0.0516
S_7790,14,113,0.0225
S_7791,14,1,0.133
S_7792,15,52,0.0513
S_7793,14,77,0.1434
S_7794,14,84,0.0429
S_7795,18,21,0.0207
S_7796,15,116,0.0436
S_7797,17,73,0.0334
S_7798,18,19,0.0049
S_7799,16,2,0.1006
S_7800,12,93,0.1584
S_7801,10,9,0.0399
S_7802,15,16,0.0106
S_7803,14,68,0.0689
S_7804,15,72,0.0585
S_7805,14,82,0.0916
S_7806,21,47,0.212
S_7807,11,92,0.0283
S_7808,9,116,0.0058
S_7809,15,32,0.0384
S_7810,13,84,0.0207
S_7811,15,111,0.0321
S_7812,16,82,0.0347
S_7813,18,81,0.0299
S_7814,10,26,0.0118
S_7815,13,64,0.0656
S_7816,16,67,0.0489
S_7817,17,84,0.0354
S_7818,21,119,0.0091
S_7819,17,4,0.0432
S_7820,14,7,0.0435
S_7821,12,9,0.0836
S_7822,13,89,0.0578
S_7823,13,16,0.0237
S_7824,16,74,0.0104
S_7825,15,38,0.0205
S_7826,11,54,0.0447
S_7827,13,25,0.0505
S_7828,17,103,0.028
S_7829,16,70,0.0178
S_7830,16,113,0.0305
S_7831,16,68,0.0724
S_7832,19,14,0.1014
S_7833,15,20,0.0763
S_7834,13,118,0.0246
S_7835,12,87,0.0147
S_7836,15,5,0.0238
S_7837,7,84,0.0266
S_7838,14,49,0.0132
S_7839,14,36,0.123
S_7840,10,18,0.0418
S_7841,12,100,0.0242
S_7842,17,7,0.0442
S_7843,15,34,0.0977
S_7844,15,36,0.0904
S_7845,15,19,0.0382
S_7846,15,60,0.0493
S_7847,18,1,0.0372
S_7848,15,36,0.0108
S_7849,10,112,0.0338
S_7850,19,37,0.0449
S_7851,16,43,0.0146
S_7852,13,56,0.0299
S_7853,11,67,0.1181
S_7854,16,97,0.1198
S_7855,14,22,0.0812
S_7856,19,104,0.0811
S_7857,13,90,0.0395
S_7858,12,86,0.0495
S_7859,17,10,0.0033
S_7860,17,2,0.0276
S_7861,15,71,0.0831
S_7862,17,103,0.0775
S_7863,14,70,0.0489
S_7864,15,25,0.1437
S_7865,18,10,0.0252
S_7866,16,83,0.0861
S_7867,14,86,0.0133
S_7868,19,20,0.0146
S_7869,7,3,0.0294
S_7870,21,48,0.1722
S_7871,9,69,0.0645
S_7872,13,84,0.0525
S_7873,14,97,0.0971
S_7874,14,73,0.0247
S_7875,18,13,0.0331
S_7876,11,81,0.0312
S_7877,15,118,0.077
S_7878,13,108,0.014
S_7879,15,104,0.1166
S_7880,14,36,0.0288
S_7881,15,90,0.0272
S_7882,13,102,0.0532
S_7883,13,81,0.0283
S_7884,15,30,0.1459
S_7885,17,114,0.0381
S_7886,13,54,0.0262
S_7887,12,15,0.0301
S_7888,16,13,0.0263
S_7889,14,77,0.0445
S_7890,17,52,0.0349
S_7891,12,11,0.0232
S_7892,9,88,0.0449
S_7893,13,95,0.076
S_7894,12,87,0.0831
S_7895,14,24,0.0386
S_7896,13,82,0.1012
S_7897,17,1,0.0432
S_7898,14,36,0.0752
S_7899,15,47,0.0394
S_7900,15,100,0.0721
S_7901,15,46,0.0273
S_7902,14,1,0.0599
S_7903,16,42,0.1718
S_7904,12,59,0.0684
S_7905,19,113,0.0628
S_7906,14,112,0.0099
S_7907,11,21,0.0641
S_7908,15,22,0.0073
S_7909,12,19,0.0848
S_7910,16,94,0.0839
S_7911,21,0,0.0418
S_7912,12,15,0.1382
S_7913,15,64,0.0397
S_7914,9,29,0.0044
S_7915,16,11,0.0229
S_7916,12,43,0.0789
S_7917,13,32,0.0302
S_7918,11,61,0.0179
S_7919,17,117,0.0391
S_7920,18,14,0.0078
S_7921,15,44,0.0183
S_7922,12,111,0.0592
S_7923,19,105,0.0071
S_7924,12,47,0.025
S_7925,8,83,0.0706
S_7926,16,10,0.032
S_7927,11,85,0.0327
S_7928,17,116,0.0622
S_7929,13,64,0.0129
S_7930,16,59,0.0187
S_7931,19,22,0.013
S_7932,11,76,0.0364
S_7933,13,70,0.0391
S_7934,14,78,0.0346
S_7935,19,3,0.0235
S_7936,13,65,0.0294
S_7937,13,71,0.0307
S_7938,16,24,0.0616
S_7939,13,24,0.0233
S_7940,15,33,0.0783
S_7941,10,85,0.0744
S_7942,21,72,0.0105
S_7943,10,101,0.0987
S_7944,14,35,0.1244
S_7945,14,109,0.023
S_7946,20,89,0.0177
S_7947,11,47,0.0437
S_7948,20,11,0.0665
S_7949,17,30,0.0959
S_7950,16,114,0.0538
S_7951,12,37,0.0239
S_7952,16,39,0.0134
S_7953,12,22,0.0236
S_7954,18,96,0.0345
S_7955,12,33,0.0195
S_7956,14,39,0.0421
S_7957,13,49,0.0431
S_7958,12,52,0.0412
S_7959,17,49,0.0568
S_7960,16,60,0.0265
S_7961,18,97,0.0274
S_7962,9,98,0.046
S_7963,18,95,0.033
S_7964,21,12,0.0652
S_7965,13,95,0.0354
S_7966,20,14,0.0522
S_7967,14,14,0.0457
S_7968,10,113,0.0382
S_7969,14,98,0.0077
S_7970,18,66,0.0385
S_7971,12,104,0.0888
S_7972,13,118,0.0319
S_7973,16,73,0.073
S_7974,15,73,0.0345
S_7975,16,90,0.0223
S_7976,15,27,0.0755
S_7977,16,20,0.0221
S_7978,13,91,0.0456
S_7979,15,41,0.0202
S_7980,12,16,0.0098
S_7981,18,37,0.0641
S_7982,13,43,0.0616
S_7983,18,115,0.0945
S_7984,14,83,0.0062
S_7985,15,63,0.0196
S_7986,13,116,0.0139
S_7987,11,108,0.0547
S_7988,9,61,0.0269
S_7989,11,108,0.0558
S_7990,14,48,0.026
S_7991,15,27,0.0809
S_7992,18,27,0.081
S_7993,13,79,0.0305
S_7994,12,60,0.0225
S_7995,10,79,0.0153
S_7996,16,82,0.0225
S_7997,19,2,0.0424
S_7998,18,6,0.0558
S_7999,17,63,0.019
S_8000,16,22,0.0427
S_8001,20,75,0.0144
S_8002,15,66,0.0247
S_8003,16,70,0.0359
S_8004,14,36,0.0088
S_8005,10,76,0.0108
S_8006,12,99,0.0343
S_8007,14,119,0.0565
S_8008,15,100,0.0447
S_8009,20,66,0.0308
S_8010,15,23,0.0207
S_8011,18,81,0.0186
S_8012,13,112,0.0956
S_8013,14,25,0.1046
S_8014,11,30,0.0142
S_8015,12,17,0.026
S_8016,16,88,0.0213
S_8017,15,48,0.0173
S_8018,17,7,0.0265
S_8019,15,104,0.0275
S_8020,13,66,0.1307
S_8021,21,39,0.0532
S_8022,14,41,0.0071
S_8023,18,34,0.0273
S_8024,13,54,0.0706
S_8025,17,40,0.0402
S_8026,17,65,0.0245
S_8027,15,92,0.0379
S_8028,7,80,0.0273
S_8029,15,35,0.0618
S_8030,18,63,0.0357
S_8031,16,100,0.0113
S_8032,16,8,0.0252
S_8033,9,9,0.0249
S_8034,12,66,0.029
S_8035,16,76,0.0962
S_8036,16,25,0.0289
S_8037,18,89,0.0783
S_8038,14,77,0.1009
S_8039,16,110,0.0067
S_8040,15,20,0.0559
S_8041,12,90,0.021
S_8042,8,10,0.0349
S_8043,16,67,0.0686
S_8044,15,66,0.0119
S_8045,13,46,0.157
S_8046,10,101,0.0372
S_8047,16,0,0.0022
S_8048,14,62,0.02
S_8049,16,26,0.0769
S_8050,20,89,0.0982
S_8051,8,5,0.011
S_8052,12,99,0.0826
S_8053,14,100,0.0605
S_8054,19,99,0.0275
S_8055,10,18,0.0656
S_8056,20,75,0.0149
S_8057,15,1,0.0283
S_8058,14,101,0.0349
S_8059,14,86,0.1094
S_8060,13,63,0.0379
S_8061,18,87,0.0368
S_8062,11,11,0.0105
S_8063,16,63,0.0525
S_8064,13,34,0.0048
S_8065,12,116,0.0077
S_8066,21,102,0.1008
S_8067,16,87,0.0656
S_8068,16,112,0.0838
S_8069,18,41,0.069
S_8070,10,108,0.0729
S_8071,20,39,0.0894
S_8072,7,87,0.0834
S_8073,12,88,0.018
S_8074,13,2,0.0994
S_8075,16,43,0.0252
S_8076,15,2,0.0206
S_8077,14,119,0.0643
S_8078,14,14,0.0183
S_8079,12,65,0.0065
S_8080,10,94,0.0239
S_8081,17,24,0.0514
S_8082,17,58,0.0126
S_8083,19,72,0.0104
S_8084,12,19,0.0215
S_8085,17,93,0.0245
S_8086,14,35,0.0351
S_8087,18,25,0.1042
S_8088,18,66,0.0763
S_8089,15,49,0.0275
S_8090,13,110,0.0613
S_8091,17,105,0.0464
S_8092,16,58,0.0515
S_8093,12,43,0.0434
S_8094,11,39,0.0258
S_8095,14,32,0.0959
S_8096,19,65,0.0587
S_8097,18,96,0.0061
S_8098,11,37,0.0505
S_8099,11,22,0.058
S_8100,18,57,0.0683
S_8101,11,8,0.0105
S_8102,16,84,0.0695
S_8103,13,62,0.066
S_8104,19,59,0.0274
S_8105,12,36,0.0338
S_8106,18,108,0.0524
S_8107,15,10,0.038
S_8108,15,104,0.0014
S_8109,9,45,0.091
S_8110,8,105,0.0561
S_8111,14,87,0.014
S_8112,15,12,0.1528
S_8113,11,99,0.0944
S_8114,11,81,0.0478
S_8115,16,3,0.0902
S_8116,16,16,0.0554
S_8117,14,76,0.0229
S_8118,17,79,0.0433
S_8119,11,89,0.0963
S_8120,13,86,0.074
S_8121,19,79,0.0367
S_8122,15,91,0.0807
S_8123,15,69,0.0204
S_8124,21,31,0.037
S_8125,10,109,0.0174
S_8126,17,2,0.0221
S_8127,19,43,0.0302
S_8128,14,87,0.0066
S_8129,17,51,0.0082
S_8130,12,2,0.0737
S_8131,12,7,0.0611
S_8132,16,77,0.0198
S_8133,17,115,0.053
S_8134,18,66,0.0328
S_8135,19,60,0.0157
S_8136,14,38,0.0456
S_8137,18,30,0.0814
S_8138,13,2,0.0027
S_8139,17,32,0.056
S_8140,15,53,0.0224
S_8141,16,23,0.019
S_8142,16,10,0.0306
S_8143,10,86,0.0678
S_8144,11,107,0.0819
S_8145,15,112,0.1495
S_8146,9,74,0.0444
S_8147,17,6,0.0887
S_8148,17,88,0.0047
S_8149,15,13,0.0247
S_8150,11,80,0.0067
S_8151,19,93,0.0552
S_8152,21,87,0.1408
S_8153,15,114,0.0567
S_8154,16,88,0.0333
S_8155,15,83,0.0486
S_8156,16,31,0.0307
S_8157,14,110,0.1124
S_8158,14,21,0.0259
S_8159,17,108,0.0402
S_8160,21,37,0.0768
S_8161,10,15,0.0615
S_8162,14,99,0.0117
S_8163,11,0,0.0224
S_8164,19,99,0.0735
S_8165,13,31,0.0635
S_8166,10,106,0.0282
S_8167,16,82,0.0715
S_8168,20,79,0.0265
S_8169,16,43,0.0272
S_8170,15,7,0.0137
S_8171,16,99,0.0303
S_8172,19,20,0.0576
S_8173,12,44,0.0606
S_8174,14,72,0.0381
S_8175,13,57,0.0625
S_8176,11,23,0.0848
S_8177,14,16,0.0294
S_8178,18,14,0.1753
S_8179,16,103,0.0165
S_8180,16,3,0.0251
S_8181,15,117,0.035
S_8182,16,23,0.0706
S_8183,12,13,0.0229
S_8184,14,69,0.0437
S_8185,15,9,0.0247
S_8186,15,72,0.0771
S_8187,15,102,0.0673
S_8188,14,5,0.0155
S_8189,13,95,0.056
S_8190,21,47,0.0873
S_8191,17,19,0.0401
S_8192,16,21,0.0297
S_8193,14,110,0.0643
S_8194,13,13,0.0026
S_8195,14,104,0.066
S_8196,15,65,0.0236
S_8197,9,4,0.0615
S_8198,10,55,0.0377
S_8199,13,98,0.0511
S_8200,15,87,0.0414
S_8201,14,58,0.0464
S_8202,19,103,0.023
S_8203,10,14,0.0204
S_8204,12,109,0.0281
S_8205,19,101,0.061
S_8206,15,84,0.0062
S_8207,17,98,0.1026
S_8208,21,65,0.0307
S_8209,12,81,0.035
S_8210,14,67,0.0612
S_8211,14,42,0.0376
S_8212,9,68,0.0083
S_8213,14,30,0.0322
S_8214,17,52,0.0446
S_8215,16,33,0.0095
S_8216,16,14,0.0825
S_8217,13,38,0.0172
S_8218,13,102,0.0137
S_8219,18,45,0.0312
S_8220,13,89,0.093
S_8221,15,21,0.0933
S_8222,15,50,0.0132
S_8223,19,13,0.1386
S_8224,17,16,0.0236
S_8225,11,74,0.078
S_8226,11,72,0.0386
S_8227,16,25,0.0525
S_8228,14,56,0.0259
S_8229,13,103,0.0866
S_8230,18,20,0.0428
S_8231,15,2,0.0901
S_8232,15,78,0.0595
S_8233,17,6,0.0091
S_8234,13,117,0.0649
S_8235,19,73,0.0675
S_8236,12,56,0.0409
S_8237,16,51,0.017
S_8238,19,68,0.0455
S_8239,10,10,0.0374
S_8240,13,111,0.0427
S_8241,18,75,0.0241
S_8242,18,22,0.0048
S_8243,14,67,0.0532
S_8244,12,15,0.0684
S_8245,17,2,0.0465
S_8246,18,75,0.0441
S_8247,11,77,0.0185
S_8248,11,70,0.0467
S_8249,15,22,0.0127
S_8250,16,72,0.0424
S_8251,14,6,0.0554
S_8252,17,73,0.0226
S_8253,12,66,0.0403
S_8254,8,78,0.0072
S_8255,13,107,0.0463
S_8256,15,102,0.0202
S_8257,14,117,0.0502
S_8258,11,117,0.0151
S_8259,9,92,0.0173
S_8260,13,114,0.028
S_8261,17,104,0.0566
S_8262,18,87,0.0439
S_8263,18,9,0.0469
S_8264,12,5,0.0681
S_8265,11,100,0.0768
S_8266,16,58,0.0758
S_8267,16,97,0.0089
S_8268,16,37,0.0733
S_8269,8,47,0.019
S_8270,12,84,0.0827
S_8271,14,109,0.0239
S_8272,16,10,0.0322
S_8273,17,103,0.0185
S_8274,15,95,0.0171
S_8275,15,37,0.0125
S_8276,15,42,0.0033
S_8277,17,5,0.0366
S_8278,15,1,0.0225
S_8279,15,57,0.0783
S_8280,14,11,0.0739
S_8281,15,23,0.1031
S_8282,16,101,0.0564
S_8283,15,68,0.0324
S_8284,16,76,0.078
S_8285,19,22,0.0638
S_8286,15,99,0.0809
S_8287,13,104,0.0205
S_8288,17,62,0.0491
S_8289,10,109,0.0528
S_8290,11,101,0.0432
S_8291,16,87,0.0175
S_8292,16,88,0.0037
S_8293,11,12,0.0117
S_8294,13,32,0.0125
S_8295,13,8,0.0147
S_8296,13,1,0.0046
S_8297,17,18,0.1177
S_8298,17,105,0.0591
S_8299,14,28,0.0634
S_8300,13,116,0.0314
S_8301,10,71,0.0444
S_8302,19,28,0.0172
S_8303,16,59,0.0827
S_8304,12,26,0.0332
S_8305,17,118,0.0368
S_8306,14,101,0.0154
S_8307,14,3,0.0466
S_8308,16,113,0.0572
S_8309,12,86,0.0172
S_8310,13,9,0.0375
S_8311,15,80,0.0159
S_8312,13,77,0.0173
S_8313,17,26,0.0556
S_8314,20,91,0.0673
S_8315,12,10,0.0777
S_8316,10,58,0.0158
S_8317,8,1,0.0513
S_8318,14,116,0.0466
S_8319,13,90,0.0285
S_8320,15,19,0.0264
S_8321,15,41,0.0387
S_8322,10,19,0.0437
S_8323,9,91,0.0608
S_8324,15,7,0.0177
S_8325,15,100,0.0346
S_8326,13,113,0.025
S_8327,10,81,0.0987
S_8328,16,25,0.0214
S_8329,18,43,0.1213
S_8330,15,57,0.0194
S_8331,12,72,0.0445
S_8332,15,80,0.011
S_8333,10,66,0.0199
S_8334,18,42,0.012
S_8335,15,106,0.0858
S_8336,9,9,0.009
S_8337,14,55,0.0164
S_8338,16,93,0.0318
S_8339,14,7,0.0484
S_8340,14,84,0.0496
S_8341,11,98,0.0795
S_8342,16,79,0.0418
S_8343,13,1,0.0094
S_8344,8,21,0.0487
S_8345,13,41,0.0369
S_8346,17,28,0.0222
S_8347,13,115,0.0691
S_8348,20,78,0.0473
S_8349,16,35,0.0463
S_8350,16,111,0.0286
S_8351,14,88,0.1065
S_8352,14,34,0.0132
S_8353,14,45,0.0466
S_8354,14,23,0.039
S_8355,16,116,0.031
S_8356,12,62,0.0204
S_8357,11,107,0.0286
S_8358,11,41,0.0513
S_8359,21,103,0.0204
S_8360,16,6,0.1088
S_8361,15,117,0.0798
S_8362,11,109,0.0541
S_8363,16,43,0.0423
S_8364,14,92,0.0294
S_8365,15,90,0.0484
S_8366,12,108,0.0468
S_8367,15,36,0.0096
S_8368,13,55,0.0651
S_8369,12,103,0.0033
S_8370,17,93,0.0166
S_8371,10,47,0.0293
S_8372,16,101,0.0528
S_8373,17,5,0.0103
S_8374,12,93,0.0356
S_8375,12,24,0.0217
S_8376,14,34,0.0661
S_8377,15,59,0.0203
S_8378,14,53,0.0338
S_8379,16,62,0.0255
S_8380,20,65,0.1288
S_8381,13,39,0.0526
S_8382,9,21,0.0574
S_8383,17,92,0.0417
S_8384,20,47,0.0301
S_8385,16,60,0.0221
S_8386,11,77,0.0583
S_8387,14,109,0.091
S_8388,11,84,0.0498
S_8389,16,5,0.0058
S_8390,10,100,0.0606
S_8391,14,118,0.0087
S_8392,11,56,0.04
S_8393,15,116,0.0327
S_8394,13,65,0.059
S_8395,15,55,0.0265
S_8396,15,39,0.0282
S_8397,12,78,0.0068
S_8398,16,27,0.0233
S_8399,14,12,0.1137
S_8400,12,3,0.062
S_8401,21,35,0.0466
S_8402,16,47,0.0494
S_8403,14,66,0.0485
S_8404,19,35,0.0869
S_8405,20,118,0.1194
S_8406,14,35,0.0089
S_8407,16,52,0.0382
S_8408,12,12,0.0506
S_8409,14,31,0.1538
S_8410,14,5,0.0344
S_8411,15,67,0.0157
S_8412,15,90,0.0717
S_8413,16,23,0.0438
S_8414,15,44,0.0596
S_8415,11,1,0.0172
S_8416,12,100,0.0727
S_8417,13,93,0.0423
S_8418,14,7,0.029
S_8419,18,43,0.1405
S_8420,11,114,0.0266
S_8421,13,47,0.1228
S_8422,17,63,0.1148
S_8423,14,42,0.0187
S_8424,16,71,0.0144
S_8425,14,117,0.0196
S_8426,15,119,0.0725
S_8427,14,92,0.0467
S_8428,17,48,0.0263
S_8429,10,59,0.0635
S_8430,13,42,0.1097
S_8431,15,118,0.1069
S_8432,16,84,0.0258
S_8433,19,53,0.0621
S_8434,13,1,0.0461
S_8435,19,62,0.0483
S_8436,13,118,0.0477
S_8437,18,62,0.036
S_8438,17,21,0.0557
S_8439,12,2,0.0076
S_8440,15,42,0.0611
S_8441,14,110,0.0114
S_8442,16,119,0.1258
S_8443,14,113,0.0402
S_8444,14,87,0.0613
S_8445,19,66,0.0307
S_8446,14,70,0.0348
S_8447,17,64,0.0447
S_8448,14,84,0.0846
S_8449,19,50,0.0368
S_8450,12,80,0.027
S_8451,13,14,0.0408
S_8452,19,31,0.008
S_8453,13,100,0.0483
S_8454,19,108,0.0371
S_8455,17,64,0.0535
S_8456,14,3,0.0636
S_8457,9,111,0.1088
S_8458,14,84,0.0124
S_8459,15,49,0.1534
S_8460,18,71,0.1355
S_8461,19,51,0.058
S_8462,12,55,0.0195
S_8463,17,106,0.0478
S_8464,17,19,0.0329
S_8465,18,12,0.0529
S_8466,16,0,0.0387
S_8467,9,37,0.0235
S_8468,14,17,0.0575
S_8469,11,26,0.069
S_8470,14,1,0.0211
S_8471,17,27,0.0508
S_8472,15,39,0.0669
S_8473,18,3,0.0979
S_8474,16,72,0.0492
S_8475,11,68,0.0176
S_8476,7,11,0.0288
S_8477,15,71,0.0552
S_8478,14,119,0.0915
S_8479,12,113,0.0796
S_8480,9,0,0.0328
S_8481,12,95,0.0839
S_8482,14,42,0.036
S_8483,16,7,0.0748
S_8484,15,35,0.0083
S_8485,19,38,0.0853
S_8486,11,62,0.0173
S_8487,17,79,0.0322
S_8488,15,89,0.041
S_8489,17,29,0.017
S_8490,13,38,0.0343
S_8491,18,37,0.0032
S_8492,15,43,0.0291
S_8493,12,119,0.0332
S_8494,14,93,0.0242
S_8495,14,116,0.0289
S_8496,16,83,0.0403
S_8497,11,48,0.0471
S_8498,14,46,0.0592
S_8499,16,58,0.0453
S_8500,15,50,0.0509
S_8501,19,99,0.0238
S_8502,17,55,0.1098
S_8503,14,35,0.0614
S_8504,15,92,0.0389
S_8505,15,102,0.0571
S_8506,16,50,0.0793
S_8507,9,80,0.0573
S_8508,14,7,0.0539
S_8509,10,63,0.1063
S_8510,18,5,0.1766
S_8511,14,3,0.0118
S_8512,14,73,0.0679
S_8513,17,36,0.0235
S_8514,16,89,0.0373
S_8515,11,107,0.0338
S_8516,14,16,0.0171
S_8517,13,86,0.0564
S_8518,9,61,0.0432
S_8519,12,13,0.0097
S_8520,14,78,0.0517
S_8521,14,73,0.0233
S_8522,10,61,0.0221
S_8523,18,111,0.0905
S_8524,14,62,0.0137
S_8525,15,118,0.0557
S_8526,16,61,0.0733
S_8527,12,13,0.0634
S_8528,16,56,0.1047
S_8529,13,21,0.026
S_8530,12,71,0.0053
S_8531,16,83,0.0437
S_8532,19,56,0.0725
S_8533,17,11,0.0407
S_8534,17,56,0.047
S_8535,13,9,0.0165
S_8536,10,81,0.0261
S_8537,19,94,0.0102
S_8538,21,115,0.1281
S_8539,19,17,0.0048
S_8540,13,63,0.1383
S_8541,11,68,0.0238
S_8542,11,110,0.0355
S_8543,9,75,0.1364
S_8544,14,17,0.0288
S_8545,19,52,0.0174
S_8546,14,78,0.0081
S_8547,15,84,0.1759
S_8548,19,103,0.089
S_8549,13,21,0.0712
S_8550,21,114,0.0513
S_8551,20,7,0.033
S_8552,14,118,0.1079
S_8553,13,102,0.0562
S_8554,17,79,0.0594
S_8555,13,88,0.0224
S_8556,11,8,0.0518
S_8557,18,4,0.0566
S_8558,18,12,0.0373
S_8559,15,10,0.0476
S_8560,11,65,0.0746
S_8561,11,25,0.0919
S_8562,15,103,0.0231
S_8563,13,53,0.0377
S_8564,13,83,0.028
S_8565,18,78,0.109
S_8566,17,38,0.035
S_8567,19,29,0.0334
S_8568,12,41,0.0202
S_8569,13,95,0.0552
S_8570,17,70,0.1041
S_8571,16,30,0.0556
S_8572,19,98,0.0494
S_8573,16,6,0.0464
S_8574,20,83,0.0466
S_8575,16,52,0.0658
S_8576,18,87,0.0965
S_8577,14,111,0.0665
S_8578,15,90,0.0469
S_8579,17,53,0.0628
S_8580,19,18,0.0618
S_8581,17,96,0.0248
S_8582,14,55,0.0752
S_8583,19,9,0.0183
S_8584,8,86,0.0849
S_8585,10,35,0.0436
S_8586,17,5,0.0076
S_8587,15,108,0.026
S_8588,16,57,0.0315
S_8589,15,33,0.0213
S_8590,16,85,0.0624
S_8591,12,106,0.0734
S_8592,16,0,0.0736
S_8593,17,82,0.0193
S_8594,18,92,0.0236
S_8595,21,25,0.0478
S_8596,15,58,0.0691
S_8597,15,10,0.0741
S_8598,10,89,0.0617
S_8599,13,101,0.1395
S_8600,14,12,0.0316
S_8601,18,97,0.0145
S_8602,13,92,0.0528
S_8603,17,41,0.0682
S_8604,14,82,0.0079
S_8605,14,0,0.0245
S_8606,15,111,0.0631
S_8607,13,66,0.1563
S_8608,13,74,0.0158
S_8609,9,79,0.1426
S_8610,14,67,0.0279
S_8611,13,102,0.0367
S_8612,13,73,0.0094
S_8613,16,108,0.1185
S_8614,16,69,0.1314
S_8615,15,20,0.0141
S_8616,17,109,0.0718
S_8617,16,81,0.0294
S_8618,14,83,0.0473
S_8619,13,118,0.0479
S_8620,15,9,0.0464
S_8621,16,51,0.0878
S_8622,19,28,0.0361
S_8623,18,75,0.0595
S_8624,13,96,0.0879
S_8625,14,115,0.0394
S_8626,17,54,0.0099
S_8627,18,94,0.0245
S_8628,17,110,0.0624
S_8629,14,81,0.1095
S_8630,11,29,0.0121
S_8631,12,72,0.0859
S_8632,15,116,0.0476
S_8633,16,118,0.1452
S_8634,11,77,0.0746
S_8635,15,106,0.0188
S_8636,16,24,0.0244
S_8637,11,29,0.0062
S_8638,18,114,0.029
S_8639,13,16,0.1037
S_8640,18,22,0.0503
S_8641,13,50,0.021
S_8642,11,70,0.0348
S_8643,13,72,0.0423
S_8644,14,35,0.0822
S_8645,13,110,0.0586
S_8646,14,109,0.0565
S_8647,16,47,0.0141
S_8648,14,52,0.0571
S_8649,14,84,0.0599
S_8650,9,79,0.0738
S_8651,16,45,0.1351
S_8652,14,49,0.04
S_8653,19,41,0.0665
S_8654,12,28,0.0111
S_8655,9,54,0.0338
S_8656,16,82,0.0279
S_8657,16,89,0.0255
S_8658,11,93,0.0258
S_8659,10,44,0.0402
S_8660,19,91,0.0394
S_8661,19,0,0.0198
S_8662,7,57,0.0171
S_8663,13,95,0.009
S_8664,19,75,0.0262
S_8665,13,56,0.1552
S_8666,13,77,0.0667
S_8667,14,108,0.0341
S_8668,11,67,0.0632
S_8669,9,95,0.0317
S_8670,18,117,0.0281
S_8671,9,84,0.0256
S_8672,15,68,0.0192
S_8673,17,4,0.0202
S_8674,10,44,0.0606
S_8675,12,67,0.0914
S_8676,18,95,0.0188
S_8677,16,52,0.0335
S_8678,13,115,0.0943
S_8679,18,32,0.0083
S_8680,18,89,0.0585
S_8681,15,50,0.0219
S_8682,12,58,0.0109
S_8683,13,96,0.0263
S_8684,15,35,0.1245
S_8685,14,11,0.0569
S_8686,17,62,0.0498
S_8687,10,63,0.018
S_8688,10,95,0.0658
S_8689,15,116,0.1195
S_8690,13,6,0.0521
S_8691,13,71,0.1234
S_8692,9,81,0.0249
S_8693,15,118,0.0374
S_8694,14,113,0.0319
S_8695,16,85,0.0695
S_8696,15,62,0.0179
S_8697,14,19,0.0082
S_8698,18,46,0.0662
S_8699,11,70,0.0488
S_8700,16,87,0.0581
S_8701,9,76,0.0315
S_8702,12,85,0.0493
S_8703,11,51,0.023
S_8704,17,87,0.0639
S_8705,14,17,0.0851
S_8706,14,19,0.0075
S_8707,11,19,0.0295
S_8708,14,106,0.0214
S_8709,12,9,0.1696
S_8710,16,96,0.0513
S_8711,12,28,0.0115
S_8712,18,56,0.0164
S_8713,9,109,0.0159
S_8714,12,70,0.0518
S_8715,20,25,0.0202
S_8716,13,34,0.0928
S_8717,11,110,0.1192
S_8718,15,51,0.0775
S_8719,13,70,0.0353
S_8720,12,55,0.0398
S_8721,11,45,0.0383
S_8722,21,26,0.009
S_8723,14,82,0.1517
S_8724,9,86,0.0324
S_8725,19,32,0.0732
S_8726,16,94,0.0443
S_8727,12,102,0.0239
S_8728,12,110,0.077
S_8729,17,19,0.0279
S_8730,14,36,0.0783
S_8731,9,103,0.1237
S_8732,20,23,0.0735
S_8733,13,0,0.0206
S_8734,19,104,0.0286
S_8735,18,39,0.0797
S_8736,11,49,0.0943
S_8737,18,53,0.0601
S_8738,13,101,0.0464
S_8739,9,40,0.0276
S_8740,13,107,0.0246
S_8741,16,74,0.0236
S_8742,13,63,0.0377
S_8743,14,39,0.0049
S_8744,18,29,0.0464
S_8745,15,74,0.053
S_8746,12,53,0.0507
S_8747,17,109,0.0084
S_8748,15,58,0.0257
S_8749,7,61,0.0592
S_8750,16,50,0.057
S_8751,16,94,0.0755
S_8752,15,50,0.036
S_8753,17,32,0.0514
S_8754,12,103,0.0405
S_8755,16,71,0.0148
S_8756,10,70,0.049
S_8757,16,73,0.025
S_8758,20,86,0.0152
S_8759,12,37,0.0296
S_8760,12,4,0.0101
S_8761,12,97,0.0371
S_8762,15,15,0.031
S_8763,11,86,0.2087
S_8764,16,9,0.1027
S_8765,17,45,0.0921
S_8766,16,7,0.0244
S_8767,9,62,0.0597
S_8768,17,78,0.0489
S_8769,17,20,0.1118
S_8770,17,44,0.014
S_8771,16,111,0.0938
S_8772,15,53,0.0819
S_8773,18,96,0.0496
S_8774,20,111,0.0358
S_8775,12,116,0.0198
S_8776,18,107,0.0965
S_8777,14,38,0.0602
S_8778,14,115,0.0408
S_8779,10,97,0.0847
S_8780,14,100,0.0318
S_8781,12,1,0.0617
S_8782,13,114,0.0423
S_8783,11,93,0.0487
S_8784,13,92,0.0605
S_8785,13,9,0.0524
S_8786,15,27,0.1183
S_8787,10,115,0.0472
S_8788,10,60,0.0907
S_8789,16,47,0.003
S_8790,12,100,0.0335
S_8791,18,10,0.0428
S_8792,15,50,0.1199
S_8793,16,45,0.0367
S_8794,19,41,0.0237
S_8795,14,36,0.0748
S_8796,13,25,0.0166
S_8797,17,20,0.0404
S_8798,16,76,0.0371
S_8799,14,110,0.0878
S_8800,19,61,0.0531
S_8801,14,35,0.0706
S_8802,15,19,0.0089
S_8803,15,99,0.0326
S_8804,12,116,0.0228
S_8805,15,41,0.002
S_8806,19,34,0.0361
S_8807,16,72,0.0517
S_8808,15,93,0.0273
S_8809,14,54,0.0262
S_8810,15,75,0.0826
S_8811,17,85,0.0423
S_8812,16,115,0.0358
S_8813,14,19,0.0216
S_8814,15,119,0.0179
S_8815,16,47,0.0417
S_8816,11,86,0.0429
S_8817,15,68,0.0288
S_8818,8,58,0.0942
S_8819,16,83,0.0313
S_8820,16,47,0.1129
S_8821,17,15,0.0528
S_8822,13,58,0.0576
S_8823,15,62,0.0508
S_8824,19,24,0.1161
S_8825,19,112,0.0489
S_8826,14,27,0.1009
S_8827,15,49,0.0737
S_8828,18,18,0.0552
S_8829,10,64,0.0463
S_8830,14,36,0.0096
S_8831,19,58,0.1319
S_8832,17,26,0.0722
S_8833,16,6,0.0667
S_8834,10,93,0.0356
S_8835,14,76,0.0299
S_8836,13,40,0.0211
S_8837,15,5,0.0429
S_8838,12,103,0.1265
S_8839,11,20,0.0493
S_8840,8,111,0.0032
S_8841,18,57,0.0367
S_8842,13,40,0.0304
S_8843,15,89,0.1064
S_8844,14,105,0.0448
S_8845,11,44,0.0525
S_8846,11,48,0.1386
S_8847,11,51,0.0292
S_8848,12,110,0.02
S_8849,16,83,0.0105
S_8850,12,29,0.0603
S_8851,20,22,0.0209
S_8852,18,27,0.0483
S_8853,17,31,0.0488
S_8854,14,27,0.0625
S_8855,19,79,0.0263
S_8856,14,13,0.0239
S_8857,14,46,0.0425
S_8858,15,75,0.0322
S_8859,17,34,0.0154
S_8860,16,7,0.0534
S_8861,13,9,0.0505
S_8862,13,15,0.0191
S_8863,16,100,0.1185
S_8864,17,78,0.0254
S_8865,13,7,0.0155
S_8866,10,46,0.1021
S_8867,14,33,0.0598
S_8868,16,69,0.0644
S_8869,20,62,0.0498
S_8870,11,57,0.0523
S_8871,13,37,0.0235
S_8872,13,16,0.0173
S_8873,19,89,0.0227
S_8874,14,105,0.0315
S_8875,12,113,0.0112
S_8876,16,7,0.0291
S_8877,13,88,0.0268
S_8878,11,87,0.0238
S_8879,12,113,0.0778
S_8880,20,30,0.0489
S_8881,16,89,0.017
S_8882,15,6,0.0382
S_8883,14,75,0.0345
S_8884,15,42,0.0281
S_8885,15,92,0.0259
S_8886,15,103,0.0241
S_8887,15,43,0.139
S_8888,17,63,0.0732
S_8889,15,14,0.0154
S_8890,12,50,0.0319
S_8891,13,43,0.0244
S_8892,9,21,0.1059
S_8893,21,107,0.0119
S_8894,17,17,0.0969
S_8895,12,76,0.0658
S_8896,14,106,0.028
S_8897,13,109,0.0252
S_8898,19,95,0.0223
S_8899,10,21,0.006
S_8900,15,98,0.0753
S_8901,14,33,0.0638
S_8902,17,110,0.1397
S_8903,14,85,0.0543
S_8904,9,94,0.0163
S_8905,14,10,0.2258
S_8906,12,69,0.0565
S_8907,15,98,0.0255
S_8908,19,103,0.0598
S_8909,9,3,0.0172
S_8910,12,112,0.0649
S_8911,13,5,0.0446
S_8912,13,73,0.0476
S_8913,17,83,0.0425
S_8914,14,12,0.0779
S_8915,16,5,0.0359
S_8916,13,94,0.0305
S_8917,15,46,0.0448
S_8918,17,12,0.0604
S_8919,12,91,0.1072
S_8920,17,101,0.0523
S_8921,15,70,0.0461
S_8922,18,19,0.0611
S_8923,14,1,0.0258
S_8924,16,84,0.0243
S_8925,14,66,0.03
S_8926,14,78,0.0646
S_8927,15,97,0.1347
S_8928,16,52,0.0574
S_8929,11,14,0.059
S_8930,19,112,0.0682
S_8931,9,65,0.0222
S_8932,12,73,0.0316
S_8933,14,112,0.0493
S_8934,16,111,0.0653
S_8935,19,68,0.0589
S_8936,9,35,0.0413
S_8937,13,119,0.0165
S_8938,8,81,0.0457
S_8939,15,49,0.0162
S_8940,15,67,0.0158
S_8941,19,49,0.0738
S_8942,15,106,0.0404
S_8943,18,57,0.1119
S_8944,16,98,0.0208
S_8945,13,100,0.034
S_8946,10,98,0.0328
S_8947,15,86,0.0333
S_8948,10,102,0.0949
S_8949,18,46,0.0527
S_8950,14,13,0.0318
S_8951,18,101,0.0176
S_8952,13,59,0.0645
S_8953,15,15,0.0582
S_8954,15,13,0.0428
S_8955,14,19,0.0185
S_8956,13,90,0.0579
S_8957,16,85,0.0577
S_8958,12,24,0.0299
S_8959,11,101,0.0544
S_8960,18,33,0.012
S_8961,17,95,0.0293
S_8962,15,58,0.0593
S_8963,19,87,0.0816
S_8964,14,45,0.0558
S_8965,18,41,0.0046
S_8966,15,100,0.0352
S_8967,11,4,0.0543
S_8968,20,116,0.0062
S_8969,17,77,0.1217
S_8970,14,51,0.0489
S_8971,17,75,0.1346
S_8972,13,14,0.0279
S_8973,17,61,0.0232
S_8974,7,118,0.0532
S_8975,11,28,0.0255
S_8976,17,86,0.0087
S_8977,14,52,0.1349
S_8978,15,78,0.0394
S_8979,10,24,0.0342
S_8980,20,56,0.0115
S_8981,18,117,0.0578
S_8982,14,23,0.0419
S_8983,13,76,0.077
S_8984,18,69,0.1026
S_8985,20,67,0.0477
S_8986,17,73,0.0276
S_8987,21,60,0.1184
S_8988,12,2,0.0548
S_8989,12,108,0.1312
S_8990,11,99,0.0995
S_8991,16,20,0.1485
S_8992,15,49,0.0474
S_8993,14,92,0.0254
S_8994,17,117,0.0215
S_8995,18,114,0.0291
S_8996,10,107,0.009
S_8997,13,19,0.0759
S_8998,17,109,0.147
S_8999,13,105,0.0382
S_9000,12,45,0.0627
S_9001,18,47,0.0101
S_9002,11,55,0.0486
S_9003,14,78,0.0847
S_9004,15,31,0.0487
S_9005,13,2,0.1505
S_9006,17,16,0.0953
S_9007,13,52,0.0858
S_9008,19,33,0.0434
S_9009,14,91,0.055
S_9010,17,12,0.0697
S_9011,17,110,0.0136
S_9012,13,107,0.0285
S_9013,8,109,0.0567
S_9014,16,88,0.0381
S_9015,15,12,0.0159
S_9016,16,52,0.0811
S_9017,14,15,0.0731
S_9018,13,118,0.0044
S_9019,21,39,0.0853
S_9020,10,70,0.0749
S_9021,17,93,0.0475
S_9022,13,110,0.0114
S_9023,13,90,0.0434
S_9024,14,80,0.0764
S_9025,12,55,0.0681
S_9026,16,72,0.0303
S_9027,19,11,0.1246
S_9028,16,106,0.0158
S_9029,15,65,0.1824
S_9030,12,4,0.0491
S_9031,16,110,0.0481
S_9032,21,58,0.058
S_9033,13,104,0.0361
S_9034,13,102,0.0143
S_9035,13,97,0.1369
S_9036,13,7,0.0565
S_9037,6,29,0.0657
S_9038,16,105,0.021
S_9039,12,107,0.0739
S_9040,10,54,0.0676
S_9041,17,52,0.1339
S_9042,11,21,0.0472
S_9043,13,116,0.0425
S_9044,19,25,0.0113
S_9045,10,22,0.0341
S_9046,10,79,0.0162
S_9047,15,29,0.0399
S_9048,18,112,0.0193
S_9049,10,1,0.0183
S_9050,16,0,0.0681
S_9051,16,60,0.0897
S_9052,8,58,0.0044
S_9053,17,19,0.0743
S_9054,17,59,0.0398
S_9055,14,49,0.0971
S_9056,18,106,0.0452
S_9057,18,1,0.036
S_9058,15,117,0.0331
S_9059,13,74,0.0818
S_9060,12,18,0.1293
S_9061,14,5,0.0916
S_9062,16,64,0.0349
S_9063,14,28,0.0182
S_9064,8,36,0.0849
S_9065,18,29,0.0507
S_9066,15,78,0.0212
S_9067,13,66,0.0179
S_9068,17,9,0.0374
S_9069,19,63,0.1089
S_9070,6,94,0.072
S_9071,16,9,0.0222
S_9072,10,106,0.0399
S_9073,16,69,0.1074
S_9074,15,114,0.0172
S_9075,16,17,0.1581
S_9076,13,119,0.0101
S_9077,9,77,0.0917
S_9078,13,68,0.0191
S_9079,16,61,0.0997
S_9080,18,2,0.0216
S_9081,11,112,0.0127
S_9082,18,77,0.0167
S_9083,13,10,0.0539
S_9084,16,2,0.0069
S_9085,13,6,0.0227
S_9086,15,73,0.0315
S_9087,17,73,0.061
S_9088,11,59,0.0441
S_9089,12,36,0.0146
S_9090,15,63,0.024
S_9091,21,61,0.0141
S_9092,12,2,0.0193
S_9093,21,33,0.0159
S_9094,21,6,0.0808
S_9095,14,108,0.1057
S_9096,14,87,0.0184
S_9097,12,119,0.0198
S_9098,14,36,0.0468
S_9099,10,105,0.0185
S_9100,14,72,0.0144
S_9101,19,54,0.0441
S_9102,13,26,0.119
S_9103,14,88,0.0133
S_9104,9,108,0.0337
S_9105,16,28,0.1115
S_9106,15,21,0.0224
S_9107,15,83,0.0164
S_9108,14,117,0.0547
S_9109,14,89,0.0141
S_9110,16,34,0.0795
S_9111,14,50,0.0104
S_9112,15,46,0.0911
S_9113,15,102,0.1054
S_9114,18,92,0.0215
S_9115,17,70,0.0298
S_9116,15,32,0.0681
S_9117,19,112,0.0268
S_9118,16,78,0.0941
S_9119,18,116,0.0287
S_9120,16,69,0.0145
S_9121,9,98,0.0206
S_9122,18,97,0.0753
S_9123,15,40,0.1133
S_9124,14,115,0.1269
S_9125,15,2,0.0657
S_9126,13,92,0.0406
S_9127,15,115,0.0517
S_9128,13,40,0.0362
S_9129,18,77,0.0412
S_9130,14,67,0.0529
S_9131,13,91,0.1318
S_9132,12,103,0.0242
S_9133,15,72,0.0435
S_9134,15,97,0.0387
S_9135,16,37,0.1768
S_9136,11,27,0.0497
S_9137,10,51,0.0451
S_9138,16,81,0.0225
S_9139,19,22,0.1099
S_9140,11,81,0.0627
S_9141,19,47,0.0441
S_9142,15,95,0.0438
S_9143,14,4,0.048
S_9144,13,80,0.0501
S_9145,10,77,0.0739
S_9146,17,112,0.0283
S_9147,12,85,0.0243
S_9148,12,95,0.0359
S_9149,17,108,0.007
S_9150,9,81,0.0343
S_9151,10,34,0.0718
S_9152,14,104,0.0518
S_9153,15,89,0.0348
S_9154,16,50,0.0691
S_9155,14,85,0.108
S_9156,21,104,0.0601
S_9157,14,117,0.0795
S_9158,14,114,0.0396
S_9159,12,39,0.0306
S_9160,15,50,0.0307
S_9161,16,13,0.0969
S_9162,18,29,0.037
S_9163,10,105,0.0076
S_9164,14,43,0.02
S_9165,16,74,0.069
S_9166,16,79,0.0426
S_9167,15,93,0.0442
S_9168,16,21,0.0421
S_9169,12,36,0.0143
S_9170,19,53,0.0269
S_9171,17,43,0.0182
S_9172,10,117,0.0224
S_9173,11,100,0.0463
S_9174,11,57,0.0612
S_9175,17,105,0.0384
S_9176,11,41,0.0147
S_9177,14,94,0.0126
S_9178,16,26,0.1307
S_9179,14,92,0.0252
S_9180,15,54,0.0927
S_9181,11,12,0.0391
S_9182,16,32,0.05
S_9183,13,48,0.0085
S_9184,14,89,0.0284
S_9185,15,8,0.0187
S_9186,15,79,0.0204
S_9187,15,85,0.0306
S_9188,12,78,0.0222
S_9189,14,91,0.0518
S_9190,15,21,0.027
S_9191,10,70,0.029
S_9192,13,112,0.0954
S_9193,16,73,0.0101
S_9194,11,73,0.0418
S_9195,18,88,0.0581
S_9196,18,39,0.0358
S_9197,11,84,0.029
S_9198,19,109,0.0914
S_9199,14,1,0.0648
S_9200,16,104,0.0247
S_9201,13,26,0.017
S_9202,17,54,0.0354
S_9203,16,102,0.0871
S_9204,12,98,0.0388
S_9205,11,107,0.0775
S_9206,10,112,0.0572
S_9207,15,53,0.0273
S_9208,16,78,0.0252
S_9209,16,46,0.1039
S_9210,14,42,0.0563
S_9211,11,51,0.0273
S_9212,12,89,0.0543
S_9213,18,60,0.0144
S_9214,13,97,0.0069
S_9215,15,89,0.0523
S_9216,11,2,0.0159
S_9217,16,75,0.0269
S_9218,13,52,0.0489
S_9219,18,54,0.0626
S_9220,17,98,0.0273
S_9221,13,65,0.0726
S_9222,14,106,0.03
S_9223,13,85,0.1502
S_9224,10,66,0.0459
S_9225,12,90,0.013
S_9226,15,4,0.0496
S_9227,15,3,0.0666
S_9228,15,10,0.0531
S_9229,14,52,0.0548
S_9230,17,28,0.0521
S_9231,15,118,0.1565
S_9232,17,65,0.0683
S_9233,9,79,0.0456
S_9234,3,33,0.0082
S_9235,15,38,0.0313
S_9236,10,40,0.0523
S_9237,14,83,0.0781
S_9238,14,56,0.0293
S_9239,19,62,0.0281
S_9240,16,71,0.0447
S_9241,15,92,0.0717
S_9242,17,10,0.1148
S_9243,16,93,0.0405
S_9244,13,67,0.1076
S_9245,18,80,0.0265
S_9246,11,39,0.0517
S_9247,15,49,0.0525
S_9248,10,27,0.061
S_9249,15,117,0.026
S_9250,15,59,0.0188
S_9251,20,119,0.0815
S_9252,10,58,0.0491
S_9253,13,26,0.1139
S_9254,17,60,0.0344
S_9255,16,4,0.0074
S_9256,15,108,0.0139
S_9257,12,98,0.036
S_9258,13,87,0.0274
S_9259,18,73,0.0779
S_9260,14,69,0.0321
S_9261,16,119,0.0823
S_9262,14,33,0.0675
S_9263,11,93,0.1249
S_9264,17,69,0.0328
S_9265,16,117,0.0288
S_9266,21,99,0.0081
S_9267,11,119,0.0186
S_9268,17,70,0.0218
S_9269,11,24,0.0815
S_9270,15,60,0.0061
S_9271,17,85,0.0255
S_9272,8,92,0.0773
S_9273,14,0,0.0357
S_9274,13,60,0.0365
S_9275,12,28,0.0536
S_9276,16,104,0.0522
S_9277,18,18,0.0389
S_9278,14,79,0.0189
S_9279,15,31,0.0249
S_9280,15,42,0.0202
S_9281,15,112,0.0927
S_9282,11,28,0.0027
S_9283,18,11,0.0995
S_9284,15,8,0.0211
S_9285,16,60,0.1052
S_9286,12,77,0.0758
S_9287,13,39,0.0264
S_9288,14,82,0.0716
S_9289,10,7,0.0334
S_9290,9,102,0.0392
S_9291,13,97,0.0947
S_9292,16,118,0.0554
S_9293,13,112,0.0356
S_9294,11,42,0.0487
S_9295,12,47,0.0255
S_9296,13,89,0.0849
S_9297,13,16,0.0916
S_9298,21,37,0.0159
S_9299,18,14,0.0658
S_9300,18,54,0.0101
S_9301,18,66,0.0554
S_9302,12,25,0.1023
S_9303,11,3,0.0229
S_9304,11,86,0.0837
S_9305,19,2,0.0327
S_9306,13,116,0.0215
S_9307,11,26,0.0055
S_9308,13,79,0.0794
S_9309,14,52,0.0639
S_9310,15,7,0.0647
S_9311,15,56,0.0518
S_9312,12,62,0.1099
S_9313,17,102,0.0286
S_9314,13,87,0.0185
S_9315,14,9,0.0355
S_9316,17,25,0.0362
S_9317,13,37,0.0174
S_9318,13,13,0.127
S_9319,16,54,0.0943
S_9320,12,118,0.0463
S_9321,13,61,0.03
S_9322,16,89,0.0789
S_9323,21,81,0.0651
S_9324,16,101,0.0285
S_9325,16,25,0.0728
S_9326,16,90,0.0513
S_9327,11,105,0.1004
S_9328,15,20,0.0677
S_9329,14,41,0.0396
S_9330,15,116,0.0053
S_9331,15,93,0.0654
S_9332,16,33,0.1068
S_9333,14,67,0.0313
S_9334,15,48,0.0483
S_9335,11,58,0.0417
S_9336,14,42,0.0128
S_9337,19,33,0.0593
S_9338,15,80,0.0239
S_9339,14,93,0.0315
S_9340,20,104,0.0307
S_9341,10,18,0.072
S_9342,11,98,0.0424
S_9343,20,30,0.0995
S_9344,15,51,0.0124
S_9345,14,108,0.1059
S_9346,11,54,0.0505
S_9347,16,23,0.1029
S_9348,16,19,0.0463
S_9349,11,56,0.0228
S_9350,14,91,0.0344
S_9351,13,119,0.0836
S_9352,15,94,0.0089
S_9353,11,105,0.0325
S_9354,18,89,0.0045
S_9355,17,107,0.0913
S_9356,13,9,0.0658
S_9357,14,111,0.0312
S_9358,14,47,0.0184
S_9359,12,110,0.0424
S_9360,13,9,0.0824
S_9361,14,85,0.0868
S_9362,19,88,0.0608
S_9363,17,119,0.0423
S_9364,17,92,0.0263
S_9365,16,45,0.0517
S_9366,11,66,0.073
S_9367,14,43,0.0571
S_9368,17,23,0.069
S_9369,11,29,0.0347
S_9370,16,26,0.1428
S_9371,21,65,0.0509
S_9372,18,108,0.0611
S_9373,19,109,0.0318
S_9374,15,6,0.0411
S_9375,17,9,0.0208
S_9376,12,29,0.0809
S_9377,17,30,0.0595
S_9378,16,11,0.0351
S_9379,15,46,0.0392
S_9380,18,70,0.0263
S_9381,13,69,0.0652
S_9382,14,65,0.0249
S_9383,15,40,0.0204
S_9384,11,84,0.0395
S_9385,15,99,0.0179
S_9386,9,41,0.0478
S_9387,18,10,0.111
S_9388,15,35,0.043
S_9389,13,16,0.1066
S_9390,12,56,0.0208
S_9391,14,18,0.0651
S_9392,17,55,0.1563
S_9393,16,26,0.041
S_9394,12,88,0.0414
S_9395,12,3,0.0194
S_9396,16,66,0.0837
S_9397,12,20,0.0224
S_9398,15,0,0.0423
S_9399,15,104,0.0371
S_9400,15,80,0.0879
S_9401,17,11,0.0569
S_9402,11,79,0.0649
S_9403,9,73,0.0663
S_9404,13,56,0.0729
S_9405,20,50,0.0266
S_9406,21,106,0.0829
S_9407,20,29,0.0501
S_9408,14,47,0.1463
S_9409,9,39,0.1198
S_9410,7,92,0.0586
S_9411,13,109,0.042
S_9412,14,101,0.0368
S_9413,18,95,0.0428
S_9414,17,118,0.0474
S_9415,15,83,0.0405
S_9416,12,90,0.019
S_9417,12,117,0.0656
S_9418,15,0,0.0195
S_9419,17,76,0.0872
S_9420,16,88,0.021
S_9421,11,110,0.065
S_9422,16,106,0.0105
S_9423,16,101,0.0298
S_9424,11,113,0.022
S_9425,12,64,0.0209
S_9426,17,0,0.1151
S_9427,14,1,0.1289
S_9428,19,65,0.0751
S_9429,16,52,0.0151
S_9430,13,54,0.1099
S_9431,14,48,0.0433
S_9432,15,110,0.0612
S_9433,12,43,0.1382
S_9434,12,102,0.0677
S_9435,17,108,0.082
S_9436,17,59,0.0082
S_9437,16,53,0.0327
S_9438,19,91,0.0209
S_9439,13,84,0.0142
S_9440,20,39,0.0342
S_9441,12,12,0.0577
S_9442,11,31,0.0542
S_9443,9,15,0.0079
S_9444,13,35,0.0565
S_9445,13,31,0.0448
S_9446,16,76,0.0185
S_9447,15,114,0.0963
S_9448,11,82,0.0296
S_9449,13,111,0.0249
S_9450,13,94,0.0852
S_9451,9,87,0.0434
S_9452,12,49,0.0135
S_9453,12,38,0.0617
S_9454,19,101,0.1039
S_9455,15,108,0.0158
S_9456,16,54,0.0421
S_9457,10,1,0.0367
S_9458,18,95,0.0856
S_9459,18,34,0.0411
S_9460,9,1,0.0183
S_9461,12,96,0.0048
S_9462,16,62,0.0929
S_9463,16,82,0.0683
S_9464,12,109,0.0547
S_9465,14,64,0.0938
S_9466,13,60,0.1163
S_9467,15,34,0.088
S_9468,18,36,0.031
S_9469,12,95,0.0436
S_9470,18,53,0.1159
S_9471,12,19,0.0072
S_9472,12,11,0.0128
S_9473,17,56,0.0365
S_9474,17,55,0.0102
S_9475,17,78,0.0237
S_9476,11,56,0.0194
S_9477,13,17,0.0617
S_9478,17,60,0.1168
S_9479,15,108,0.0573
S_9480,11,19,0.0407
S_9481,16,82,0.0482
S_9482,12,71,0.0214
S_9483,20,89,0.0733
S_9484,19,18,0.0448
S_9485,16,112,0.0563
S_9486,19,74,0.0468
S_9487,15,101,0.0273
S_9488,17,29,0.0587
S_9489,19,88,0.1236
S_9490,15,93,0.09
S_9491,14,47,0.0054
S_9492,9,46,0.0435
S_9493,14,78,0.0601
S_9494,17,11,0.0258
S_9495,17,88,0.0284
S_9496,16,5,0.025
S_9497,13,22,0.0175
S_9498,9,79,0.0317
S_9499,13,11,0.0562
S_9500,14,116,0.1521
S_9501,14,104,0.0395
S_9502,16,75,0.0977
S_9503,20,98,0.0054
S_9504,15,106,0.0267
S_9505,14,31,0.0332
S_9506,14,101,0.0667
S_9507,15,23,0.1582
S_9508,12,49,0.2205
S_9509,15,66,0.0036
S_9510,16,85,0.0658
S_9511,15,3,0.0449
S_9512,16,34,0.1232
S_9513,16,73,0.1107
S_9514,9,42,0.0487
S_9515,16,93,0.0173
S_9516,12,78,0.148
S_9517,11,28,0.0042
S_9518,11,17,0.0285
S_9519,16,75,0.0461
S_9520,14,54,0.0197
S_9521,9,20,0.0396
S_9522,16,39,0.0419
S_9523,10,36,0.0116
S_9524,15,12,0.0887
S_9525,15,65,0.1007
S_9526,17,91,0.0433
S_9527,20,69,0.099
S_9528,10,99,0.1195
S_9529,14,15,0.0051
S_9530,14,52,0.0988
S_9531,16,73,0.0617
S_9532,15,81,0.0425
S_9533,13,83,0.0227
S_9534,13,87,0.0218
S_9535,11,78,0.1224
S_9536,17,11,0.027
S_9537,16,83,0.0091
S_9538,17,86,0.0731
S_9539,14,119,0.0177
S_9540,13,83,0.0471
S_9541,11,82,0.0458
S_9542,16,61,0.0559
S_9543,11,104,0.0461
S_9544,20,119,0.008
S_9545,11,93,0.0713
S_9546,15,73,0.0262
S_9547,19,9,0.0169
S_9548,16,87,0.0314
S_9549,15,85,0.0294
S_9550,12,93,0.0695
S_9551,10,14,0.0564
S_9552,17,78,0.0264
S_9553,19,35,0.0289
S_9554,13,91,0.0779
S_9555,11,28,0.0552
S_9556,7,82,0.0236
S_9557,12,35,0.013
S_9558,14,1,0.0421
S_9559,19,76,0.0433
S_9560,17,13,0.0169
S_9561,15,79,0.0422
S_9562,13,111,0.0149
S_9563,13,116,0.0364
S_9564,19,28,0.0506
S_9565,15,97,0.0856
S_9566,8,42,0.0283
S_9567,12,108,0.0126
S_9568,12,94,0.0476
S_9569,13,8,0.0737
S_9570,16,48,0.0051
S_9571,14,40,0.0302
S_9572,14,94,0.0257
S_9573,18,49,0.0749
S_9574,12,82,0.0789
S_9575,20,72,0.0645
S_9576,12,117,0.0435
S_9577,15,112,0.2085
S_9578,14,51,0.0342
S_9579,15,86,0.0161
S_9580,16,99,0.0477
S_9581,16,107,0.1447
S_9582,12,8,0.0121
S_9583,11,36,0.0459
S_9584,21,38,0.0114
S_9585,13,52,0.0062
S_9586,17,20,0.0116
S_9587,10,59,0.0814
S_9588,14,79,0.022
S_9589,14,59,0.0491
S_9590,16,79,0.0897
S_9591,6,7,0.0187
S_9592,15,105,0.028
S_9593,11,112,0.0635
S_9594,15,74,0.165
S_9595,11,105,0.1055
S_9596,12,15,0.0065
S_9597,14,95,0.0549
S_9598,11,14,0.0533
S_9599,13,48,0.0458
S_9600,11,38,0.0361
S_9601,9,70,0.0486
S_9602,18,36,0.005
S_9603,11,76,0.0699
S_9604,14,44,0.0443
S_9605,17,103,0.0209
S_9606,13,76,0.0258
S_9607,12,25,0.04
S_9608,15,40,0.0339
S_9609,18,101,0.079
S_9610,11,46,0.1064
S_9611,14,64,0.0297
S_9612,9,77,0.0171
S_9613,13,41,0.0525
S_9614,15,35,0.0703
S_9615,12,57,0.0499
S_9616,13,25,0.0827
S_9617,10,34,0.0952
S_9618,15,7,0.0062
S_9619,18,36,0.022
S_9620,11,38,0.0126
S_9621,13,115,0.0209
S_9622,16,70,0.0395
S_9623,18,94,0.0088
S_9624,10,5,0.0176
S_9625,14,12,0.0511
S_9626,15,97,0.0164
S_9627,14,74,0.0387
S_9628,7,22,0.05
S_9629,16,48,0.0546
S_9630,19,64,0.0851
S_9631,15,101,0.0217
S_9632,11,7,0.0491
S_9633,13,71,0.0634
S_9634,20,86,0.0227
S_9635,17,117,0.0644
S_9636,16,96,0.065
S_9637,16,33,0.0563
S_9638,13,85,0.068
S_9639,14,91,0.0281
S_9640,14,87,0.0238
S_9641,16,98,0.065
S_9642,19,108,0.0479
S_9643,18,11,0.0706
S_9644,10,12,0.0242
S_9645,15,95,0.0891
S_9646,17,30,0.0171
S_9647,16,7,0.0363
S_9648,13,48,0.0961
S_9649,21,98,0.1024
S_9650,11,15,0.0073
S_9651,11,80,0.0166
S_9652,15,0,0.0863
S_9653,21,13,0.0671
S_9654,12,42,0.0465
S_9655,14,10,0.0118
S_9656,18,101,0.2128
S_9657,14,103,0.0193
S_9658,13,90,0.1413
S_9659,16,29,0.0202
S_9660,15,62,0.0459
S_9661,18,22,0.0241
S_9662,18,33,0.0572
S_9663,15,61,0.0349
S_9664,15,88,0.0261
S_9665,15,11,0.0469
S_9666,16,35,0.0703
S_9667,15,111,0.0444
S_9668,14,51,0.0133
S_9669,18,112,0.05
S_9670,19,118,0.0969
S_9671,10,63,0.0052
S_9672,15,34,0.0662
S_9673,12,94,0.0469
S_9674,14,19,0.0318
S_9675,16,30,0.0474
S_9676,17,94,0.021
S_9677,14,52,0.1166
S_9678,9,24,0.0296
S_9679,12,78,0.0321
S_9680,17,87,0.0575
S_9681,6,15,0.0076
S_9682,18,33,0.0324
S_9683,16,26,0.0273
S_9684,18,45,0.0717
S_9685,14,91,0.0569
S_9686,8,85,0.0063
S_9687,16,79,0.077
S_9688,18,0,0.0778
S_9689,17,17,0.0129
S_9690,13,26,0.0257
S_9691,15,32,0.0817
S_9692,13,17,0.0449
S_9693,12,49,0.065
S_9694,17,9,0.0372
S_9695,11,90,0.0113
S_9696,12,94,0.0543
S_9697,11,68,0.025
S_9698,10,10,0.0075
S_9699,15,106,0.1224
S_9700,18,115,0.0782
S_9701,14,24,0.0415
S_9702,10,84,0.0316
S_9703,17,101,0.0593
S_9704,20,64,0.0127
S_9705,13,38,0.0205
S_9706,13,57,0.0378
S_9707,16,61,0.0078
S_9708,19,48,0.0179
S_9709,13,111,0.0098
S_9710,11,89,0.0701
S_9711,16,28,0.0373
S_9712,17,70,0.112
S_9713,15,82,0.047
S_9714,13,16,0.1088
S_9715,17,43,0.0435
S_9716,16,108,0.0217
S_9717,12,68,0.036
S_9718,15,26,0.0434
S_9719,10,14,0.0343
S_9720,17,62,0.014
S_9721,14,65,0.0942
S_9722,13,40,0.0777
S_9723,14,75,0.0027
S_9724,15,8,0.0078
S_9725,17,17,0.0312
S_9726,16,65,0.0128
S_9727,14,7,0.057
S_9728,17,105,0.0583
S_9729,16,17,0.0346
S_9730,13,80,0.112
S_9731,14,46,0.0561
S_9732,14,47,0.0106
S_9733,16,91,0.0401
S_9734,13,59,0.0448
S_9735,13,87,0.0709
S_9736,20,60,0.0623
S_9737,17,71,0.0705
S_9738,12,91,0.028
S_9739,16,72,0.0601
S_9740,15,73,0.0763
S_9741,16,94,0.0211
S_9742,15,113,0.109
S_9743,18,45,0.0218
S_9744,16,69,0.0536
S_9745,14,10,0.119
S_9746,18,43,0.0609
S_9747,15,49,0.0374
S_9748,15,100,0.0868
S_9749,15,61,0.0232
S_9750,14,87,0.0406
S_9751,15,2,0.0126
S_9752,13,55,0.0352
S_9753,12,108,0.0827
S_9754,12,26,0.0313
S_9755,10,3,0.0242
S_9756,12,52,0.041
S_9757,14,84,0.0395
S_9758,15,54,0.0395
S_9759,14,55,0.0154
S_9760,7,80,0.0791
S_9761,19,30,0.2224
S_9762,18,90,0.0124
S_9763,16,18,0.017
S_9764,20,47,0.0326
S_9765,12,78,0.0449
S_9766,20,99,0.0639
S_9767,12,94,0.0435
S_9768,15,86,0.0838
S_9769,11,43,0.134
S_9770,15,14,0.018
S_9771,16,26,0.0431
S_9772,14,103,0.0173
S_9773,17,102,0.0501
S_9774,15,114,0.047
S_9775,13,9,0.1569
S_9776,13,64,0.0447
S_9777,17,77,0.0533
S_9778,13,85,0.001
S_9779,17,77,0.0968
S_9780,18,92,0.0165
S_9781,9,43,0.0282
S_9782,18,21,0.0728
S_9783,21,24,0.0253
S_9784,15,1,0.0944
S_9785,16,42,0.0964
S_9786,18,11,0.0463
S_9787,14,38,0.0281
S_9788,15,75,0.0136
S_9789,11,107,0.0039
S_9790,15,100,0.0312
S_9791,16,30,0.0886
S_9792,16,16,0.0726
S_9793,18,23,0.1133
S_9794,12,116,0.0644
S_9795,13,65,0.0209
S_9796,20,21,0.0391
S_9797,14,100,0.0389
S_9798,15,47,0.0817
S_9799,14,107,0.0229
S_9800,12,31,0.015
S_9801,19,47,0.0097
S_9802,13,60,0.0367
S_9803,11,107,0.0293
S_9804,13,104,0.0257
S_9805,8,68,0.0473
S_9806,13,26,0.0372
S_9807,12,48,0.0554
S_9808,16,117,0.0922
S_9809,12,72,0.0931
S_9810,17,93,0.0291
S_9811,19,53,0.061
S_9812,17,63,0.0322
S_9813,14,51,0.035
S_9814,15,84,0.0227
S_9815,10,102,0.0578
S_9816,14,60,0.0136
S_9817,12,57,0.0598
S_9818,17,40,0.0131
S_9819,21,21,0.0206
S_9820,16,112,0.1037
S_9821,9,37,0.0249
S_9822,13,96,0.0955
S_9823,15,85,0.112
S_9824,15,94,0.016
S_9825,12,112,0.0423
S_9826,15,74,0.0939
S_9827,11,107,0.0322
S_9828,12,20,0.0244
S_9829,16,75,0.0303
S_9830,11,92,0.0104
S_9831,16,32,0.0522
S_9832,10,88,0.0192
S_9833,20,93,0.0143
S_9834,12,99,0.0492
S_9835,14,37,0.0766
S_9836,15,81,0.0126
S_9837,13,36,0.0745
S_9838,15,88,0.0119
S_9839,16,55,0.039
S_9840,17,71,0.0326
S_9841,17,49,0.044
S_9842,14,19,0.0277
S_9843,14,21,0.02
S_9844,21,9,0.0236
S_9845,17,74,0.0499
S_9846,12,101,0.0289
S_9847,15,2,0.0077
S_9848,13,7,0.0526
S_9849,14,54,0.0213
S_9850,11,88,0.0921
S_9851,13,18,0.0464
S_9852,20,32,0.0355
S_9853,16,27,0.0863
S_9854,7,47,0.0634
S_9855,18,26,0.0135
S_9856,18,42,0.0125
S_9857,13,87,0.0577
S_9858,17,73,0.0734
S_9859,12,9,0.0917
S_9860,13,76,0.2098
S_9861,19,57,0.0586
S_9862,14,112,0.0285
S_9863,9,34,0.0517
S_9864,14,87,0.0397
S_9865,14,87,0.2098
S_9866,18,26,0.0513
S_9867,15,108,0.0495
S_9868,13,58,0.0628
S_9869,18,81,0.0199
S_9870,15,17,0.0319
S_9871,12,30,0.05
S_9872,18,70,0.0139
S_9873,15,38,0.0842
S_9874,15,59,0.1259
S_9875,15,44,0.0648
S_9876,11,76,0.0325
S_9877,13,58,0.0123
S_9878,15,0,0.1218
S_9879,14,77,0.0453
S_9880,18,50,0.0261
S_9881,15,41,0.0927
S_9882,17,11,0.0117
S_9883,15,26,0.1162
S_9884,18,26,0.0741
S_9885,16,112,0.0078
S_9886,15,51,0.1063
S_9887,14,5,0.062
S_9888,12,16,0.0283
S_9889,16,9,0.04
S_9890,14,70,0.0456
S_9891,13,22,0.1054
S_9892,18,59,0.0053
S_9893,11,44,0.0255
S_9894,13,96,0.0444
S_9895,18,38,0.0308
S_9896,15,54,0.0566
S_9897,14,86,0.0377
S_9898,15,52,0.0156
S_9899,15,95,0.1022
S_9900,10,79,0.0188
S_9901,13,49,0.0091
S_9902,19,60,0.0955
S_9903,13,116,0.0648
S_9904,14,79,0.0479
S_9905,13,108,0.0866
S_9906,14,21,0.0391
S_9907,13,57,0.0977
S_9908,16,109,0.0264
S_9909,15,38,0.1079
S_9910,17,116,0.0211
S_9911,11,11,0.0205
S_9912,13,108,0.0377
S_9913,14,53,0.1332
S_9914,16,8,0.0915
S_9915,12,105,0.0544
S_9916,17,30,0.0431
S_9917,18,2,0.068
S_9918,12,16,0.0696
S_9919,13,79,0.0381
S_9920,13,117,0.1323
S_9921,21,13,0.0215
S_9922,13,55,0.0776
S_9923,20,21,0.0553
S_9924,11,89,0.0228
S_9925,12,14,0.0875
S_9926,12,28,0.0135
S_9927,12,23,0.1003
S_9928,14,66,0.0578
S_9929,12,104,0.0911
S_9930,12,61,0.0244
S_9931,18,6,0.0329
S_9932,18,67,0.0498
S_9933,17,95,0.0845
S_9934,16,15,0.0599
S_9935,15,8,0.0495
S_9936,13,22,0.0172
S_9937,12,89,0.0818
S_9938,16,71,0.0136
S_9939,11,64,0.1046
S_9940,12,29,0.0419
S_9941,18,39,0.0639
S_9942,20,115,0.0405
S_9943,16,28,0.0786
S_9944,18,108,0.1835
S_9945,14,69,0.0184
S_9946,10,14,0.0197
S_9947,16,56,0.0531
S_9948,16,113,0.0215
S_9949,15,50,0.0484
S_9950,14,103,0.0447
S_9951,17,30,0.0449
S_9952,12,68,0.0219
S_9953,12,101,0.1063
S_9954,11,110,0.0629
S_9955,15,58,0.0693
S_9956,11,76,0.0791
S_9957,12,0,0.019
S_9958,12,30,0.0408
S_9959,14,33,0.0402
S_9960,10,11,0.0669
S_9961,15,33,0.0833
S_9962,18,38,0.099
S_9963,15,116,0.0485
S_9964,19,80,0.0309
S_9965,19,51,0.0371
S_9966,17,118,0.114
S_9967,15,18,0.0205
S_9968,15,57,0.0095
S_9969,17,77,0.0447
S_9970,13,6,0.0361
S_9971,9,86,0.0297
S_9972,16,11,0.044
S_9973,11,16,0.009
S_9974,12,19,0.0097
S_9975,15,111,0.053
S_9976,14,81,0.0835
S_9977,10,78,0.0744
S_9978,15,66,0.0346
S_9979,17,35,0.1585
S_9980,11,74,0.0063
S_9981,18,49,0.0777
S_9982,10,17,0.0441
S_9983,21,82,0.036
S_9984,13,15,0.0443
S_9985,15,22,0.1213
S_9986,9,98,0.1283
S_9987,14,79,0.0378
S_9988,15,75,0.0735
S_9989,14,50,0.1031
S_9990,13,47,0.037
S_9991,12,82,0.0152
S_9992,18,88,0.0322
S_9993,15,61,0.0008
S_9994,19,116,0.0157
S_9995,13,114,0.041
S_9996,13,49,0.0957
S_9997,17,98,0.0645
S_9998,10,65,0.0582
S_9999,11,61,0.0354
