student_id,target_credits,completed_credits,failure_prob
S_0,14,102,0.0509
S_1,19,32,0.0161
S_2,14,38,0.0312
S_3,15,7,0.0372
S_4,12,117,0.0524
S_5,14,95,0.0552
S_6,12,17,0.0208
S_7,14,58,0.0088
S_8,12,40,0.001
S_9,13,3,0.0203
S_10,13,111,0.0224
S_11,13,100,0.0329
S_12,12,118,0.136
S_13,14,29,0.0567
S_14,7,83,0.0067
S_15,17,14,0.0187
S_16,16,51,0.0454
S_17,16,101,0.0292
S_18,14,0,0.0712
S_19,18,57,0.0077
S_20,12,52,0.0202
S_21,10,82,0.0329
S_22,15,28,0.0769
S_23,20,20,0.097
S_24,19,78,0.0432
S_25,17,76,0.0574
S_26,21,90,0.0541
S_27,13,29,0.0451
S_28,13,1,0.0692
S_29,14,105,0.0832
S_30,7,24,0.0313
S_31,19,50,0.0909
S_32,15,56,0.0233
S_33,13,22,0.0664
S_34,14,62,0.0521
S_35,12,109,0.0174
S_36,15,32,0.0855
S_37,13,62,0.012
S_38,13,37,0.0352
S_39,12,117,0.0487
S_40,15,26,0.0276
S_41,13,13,0.0591
S_42,19,17,0.0113
S_43,16,44,0.058
S_44,11,66,0.0873
S_45,16,80,0.0415
S_46,16,67,0.0665
S_47,15,108,0.0283
S_48,14,43,0.0963
S_49,18,85,0.0709
S_50,11,32,0.0506
S_51,14,81,0.0452
S_52,9,111,0.0454
S_53,16,117,0.1082
S_54,14,87,0.0444
S_55,12,113,0.0766
S_56,15,81,0.021
S_57,19,115,0.0298
S_58,15,107,0.0121
S_59,10,12,0.0652
S_60,14,56,0.0296
S_61,15,41,0.0702
S_62,12,3,0.1462
S_63,21,56,0.0091
S_64,10,17,0.0519
S_65,7,4,0.1064
S_66,12,53,0.0872
S_67,9,27,0.0173
S_68,17,112,0.0402
S_69,18,97,0.0669
S_70,10,114,0.061
S_71,11,105,0.0333
S_72,11,87,0.029
S_73,14,71,0.0276
S_74,16,7,0.0188
S_75,19,31,0.0273
S_76,16,85,0.0722
S_77,13,48,0.0302
S_78,13,39,0.0437
S_79,15,12,0.0143
S_80,15,8,0.0817
S_81,14,25,0.0595
S_82,15,100,0.0472
S_83,14,79,0.0165
S_84,10,40,0.0316
S_85,15,7,0.0768
S_86,12,22,0.013
S_87,15,53,0.0313
S_88,16,18,0.1198
S_89,18,91,0.0336
S_90,14,94,0.0135
S_91,13,16,0.0131
S_92,17,87,0.0589
S_93,15,61,0.0777
S_94,20,115,0.0132
S_95,10,94,0.0334
S_96,13,70,0.1115
S_97,12,72,0.0985
S_98,20,21,0.027
S_99,16,107,0.0826
S_100,9,67,0.0171
S_101,9,68,0.0398
S_102,17,69,0.0049
S_103,11,33,0.025
S_104,15,97,0.0511
S_105,14,103,0.0858
S_106,20,34,0.0294
S_107,14,53,0.028
S_108,13,21,0.0349
S_109,16,28,0.0332
S_110,18,40,0.0251
S_111,15,108,0.0279
S_112,8,75,0.0631
S_113,17,70,0.0182
S_114,10,113,0.0236
S_115,10,94,0.0692
S_116,13,1,0.0256
S_117,15,14,0.1429
S_118,19,29,0.0236
S_119,8,36,0.0551
S_120,15,100,0.0417
S_121,19,92,0.0346
S_122,14,17,0.054
S_123,17,64,0.0042
S_124,17,13,0.0725
S_125,13,20,0.0479
S_126,16,29,0.1316
S_127,15,108,0.0351
S_128,14,43,0.0725
S_129,19,109,0.113
S_130,14,90,0.0457
S_131,19,89,0.0382
S_132,13,96,0.0197
S_133,14,11,0.0164
S_134,14,97,0.0362
S_135,18,30,0.0231
S_136,12,118,0.0088
S_137,16,101,0.0411
S_138,16,119,0.1035
S_139,16,112,0.0224
S_140,21,43,0.1152
S_141,14,113,0.0205
S_142,21,39,0.1226
S_143,18,79,0.0353
S_144,10,98,0.0428
S_145,11,45,0.0465
S_146,18,24,0.0538
S_147,12,107,0.0186
S_148,15,12,0.0191
S_149,12,43,0.015
S_150,13,64,0.0297
S_151,14,96,0.0633
S_152,17,104,0.044
S_153,14,61,0.0188
S_154,19,68,0.0531
S_155,12,102,0.0372
S_156,17,56,0.0453
S_157,15,67,0.0057
S_158,11,2,0.0292
S_159,13,114,0.1293
S_160,14,68,0.07
S_161,18,87,0.0174
S_162,14,29,0.1073
S_163,21,78,0.0662
S_164,14,55,0.0521
S_165,15,13,0.0775
S_166,18,99,0.0176
S_167,11,100,0.0678
S_168,18,7,0.0794
S_169,13,46,0.0544
S_170,14,33,0.0068
S_171,15,61,0.0816
S_172,12,58,0.124
S_173,21,78,0.0195
S_174,15,29,0.0413
S_175,15,26,0.0907
S_176,13,86,0.0591
S_177,10,117,0.0675
S_178,18,113,0.0423
S_179,14,95,0.0899
S_180,15,8,0.0543
S_181,12,28,0.1031
S_182,17,82,0.0614
S_183,14,35,0.0347
S_184,10,47,0.0747
S_185,14,114,0.0859
S_186,17,10,0.0126
S_187,16,103,0.026
S_188,16,6,0.053
S_189,14,40,0.0256
S_190,15,66,0.0328
S_191,13,42,0.0572
S_192,18,114,0.0062
S_193,14,60,0.1204
S_194,13,88,0.0824
S_195,20,84,0.1065
S_196,18,100,0.0178
S_197,15,103,0.0386
S_198,13,55,0.0181
S_199,14,103,0.0275
S_200,12,78,0.0439
S_201,17,82,0.0573
S_202,20,20,0.0339
S_203,16,29,0.0406
S_204,19,82,0.0654
S_205,17,31,0.0144
S_206,10,58,0.0053
S_207,19,58,0.1137
S_208,14,28,0.0281
S_209,15,67,0.0816
S_210,12,67,0.0128
S_211,9,15,0.0879
S_212,13,45,0.0326
S_213,15,43,0.0976
S_214,15,67,0.0129
S_215,17,89,0.1006
S_216,15,2,0.0483
S_217,15,15,0.0937
S_218,13,36,0.0153
S_219,21,97,0.1162
S_220,20,57,0.0371
S_221,15,61,0.0204
S_222,10,49,0.0487
S_223,16,49,0.1485
S_224,11,117,0.0795
S_225,10,107,0.0387
S_226,17,87,0.0185
S_227,12,38,0.0244
S_228,13,61,0.0013
S_229,17,82,0.0044
S_230,16,47,0.0821
S_231,17,62,0.0273
S_232,20,17,0.0249
S_233,13,11,0.0854
S_234,16,20,0.0406
S_235,19,90,0.1095
S_236,12,22,0.0494
S_237,14,110,0.0035
S_238,17,44,0.0097
S_239,11,20,0.1678
S_240,15,99,0.0154
S_241,14,54,0.0208
S_242,12,46,0.0573
S_243,18,39,0.047
S_244,17,39,0.016
S_245,16,79,0.0569
S_246,17,64,0.0409
S_247,13,56,0.0496
S_248,15,53,0.0247
S_249,12,17,0.0954
S_250,17,99,0.0338
S_251,12,111,0.0589
S_252,13,96,0.0204
S_253,11,54,0.0447
S_254,15,116,0.0171
S_255,14,74,0.0146
S_256,16,92,0.1147
S_257,13,88,0.0807
S_258,12,84,0.0186
S_259,16,77,0.0156
S_260,14,25,0.081
S_261,21,35,0.0784
S_262,16,106,0.041
S_263,15,21,0.0495
S_264,18,18,0.01
S_265,18,34,0.0112
S_266,15,43,0.0655
S_267,21,66,0.1021
S_268,18,72,0.0172
S_269,11,94,0.0681
S_270,13,8,0.0852
S_271,9,24,0.0561
S_272,10,60,0.0235
S_273,21,30,0.0722
S_274,19,104,0.0581
S_275,9,76,0.0159
S_276,14,58,0.0437
S_277,13,0,0.0616
S_278,21,103,0.0217
S_279,7,55,0.1096
S_280,13,63,0.0335
S_281,13,83,0.0603
S_282,12,112,0.05
S_283,15,18,0.0706
S_284,17,8,0.0684
S_285,13,14,0.0231
S_286,14,88,0.114
S_287,12,15,0.0464
S_288,12,60,0.0463
S_289,16,84,0.0104
S_290,16,85,0.0046
S_291,9,48,0.0385
S_292,12,83,0.058
S_293,14,114,0.039
S_294,13,3,0.011
S_295,14,80,0.0155
S_296,7,62,0.0385
S_297,18,25,0.0628
S_298,14,36,0.0348
S_299,21,100,0.0863
S_300,16,70,0.0269
S_301,16,1,0.0796
S_302,12,115,0.0516
S_303,13,79,0.0623
S_304,17,53,0.0825
S_305,14,85,0.0182
S_306,12,24,0.0529
S_307,20,31,0.0533
S_308,16,18,0.0275
S_309,17,47,0.0801
S_310,14,108,0.0352
S_311,18,46,0.0501
S_312,13,34,0.0599
S_313,18,84,0.0222
S_314,13,104,0.0072
S_315,19,29,0.013
S_316,18,96,0.0477
S_317,13,36,0.049
S_318,21,29,0.036
S_319,15,56,0.041
S_320,20,8,0.0694
S_321,11,103,0.0646
S_322,17,104,0.0018
S_323,16,81,0.0204
S_324,13,36,0.0355
S_325,17,20,0.005
S_326,18,83,0.074
S_327,16,12,0.0308
S_328,16,49,0.0662
S_329,15,10,0.0731
S_330,16,51,0.0212
S_331,17,16,0.0909
S_332,17,3,0.0973
S_333,16,53,0.0301
S_334,13,68,0.0985
S_335,18,52,0.1373
S_336,16,21,0.0672
S_337,16,9,0.0381
S_338,14,15,0.0393
S_339,17,87,0.0438
S_340,8,1,0.0197
S_341,14,103,0.1756
S_342,13,100,0.0276
S_343,13,105,0.015
S_344,14,105,0.0619
S_345,11,80,0.0721
S_346,13,101,0.0156
S_347,11,87,0.1045
S_348,16,36,0.0326
S_349,17,90,0.0308
S_350,18,73,0.0467
S_351,16,3,0.0582
S_352,13,94,0.0811
S_353,11,104,0.0315
S_354,13,62,0.0234
S_355,14,58,0.1025
S_356,13,51,0.0423
S_357,21,86,0.0125
S_358,17,25,0.0144
S_359,16,92,0.0377
S_360,15,35,0.0609
S_361,13,31,0.0311
S_362,15,97,0.0333
S_363,17,20,0.1035
S_364,17,103,0.0753
S_365,15,117,0.0199
S_366,17,38,0.0624
S_367,13,111,0.0302
S_368,10,67,0.0637
S_369,18,31,0.0213
S_370,13,54,0.002
S_371,13,96,0.0101
S_372,12,79,0.0203
S_373,15,59,0.0145
S_374,13,30,0.012
S_375,19,87,0.1525
S_376,19,37,0.01
S_377,16,39,0.0566
S_378,12,89,0.0284
S_379,20,67,0.0382
S_380,18,22,0.0584
S_381,13,82,0.0332
S_382,16,30,0.1067
S_383,15,91,0.008
S_384,16,57,0.0668
S_385,15,71,0.0035
S_386,15,72,0.0105
S_387,21,17,0.0608
S_388,16,78,0.0595
S_389,13,104,0.1518
S_390,13,106,0.0111
S_391,20,82,0.0362
S_392,14,116,0.064
S_393,12,71,0.0102
S_394,15,30,0.035
S_395,14,79,0.0084
S_396,19,109,0.0159
S_397,19,43,0.0376
S_398,14,31,0.0625
S_399,17,115,0.0223
S_400,14,91,0.0187
S_401,12,5,0.0213
S_402,20,67,0.0178
S_403,21,28,0.0154
S_404,16,34,0.0365
S_405,13,10,0.0365
S_406,12,27,0.029
S_407,17,60,0.1071
S_408,19,9,0.0645
S_409,15,106,0.0048
S_410,18,93,0.0312
S_411,14,45,0.0913
S_412,13,15,0.016
S_413,16,119,0.0106
S_414,9,67,0.0357
S_415,13,50,0.0918
S_416,17,23,0.0304
S_417,8,24,0.0148
S_418,11,95,0.015
S_419,14,62,0.0378
S_420,11,118,0.0496
S_421,13,114,0.0591
S_422,9,24,0.1511
S_423,17,119,0.0206
S_424,18,118,0.008
S_425,10,95,0.1262
S_426,16,46,0.0108
S_427,14,26,0.0581
S_428,16,12,0.0966
S_429,19,6,0.0118
S_430,11,98,0.0909
S_431,19,113,0.0123
S_432,20,92,0.0177
S_433,10,91,0.0287
S_434,18,49,0.0597
S_435,12,76,0.0757
S_436,17,80,0.0313
S_437,13,30,0.0608
S_438,13,88,0.0354
S_439,13,17,0.087
S_440,12,35,0.0966
S_441,17,70,0.0874
S_442,16,64,0.0233
S_443,16,84,0.042
S_444,14,69,0.0553
S_445,14,5,0.0154
S_446,16,117,0.0477
S_447,12,91,0.0448
S_448,13,105,0.011
S_449,18,96,0.0112
S_450,16,25,0.0348
S_451,18,111,0.062
S_452,7,118,0.0335
S_453,19,9,0.0506
S_454,18,19,0.0417
S_455,18,118,0.021
S_456,10,35,0.002
S_457,13,98,0.0256
S_458,14,8,0.0629
S_459,15,87,0.0401
S_460,20,84,0.0125
S_461,16,112,0.0655
S_462,18,87,0.0295
S_463,19,4,0.0277
S_464,17,54,0.0774
S_465,16,41,0.003
S_466,19,68,0.0744
S_467,10,51,0.0322
S_468,17,33,0.0446
S_469,19,79,0.0758
S_470,15,37,0.0166
S_471,17,102,0.035
S_472,18,38,0.0464
S_473,14,61,0.0319
S_474,21,99,0.1437
S_475,11,98,0.0241
S_476,9,70,0.0738
S_477,17,45,0.0431
S_478,13,66,0.0286
S_479,15,101,0.0044
S_480,16,26,0.0304
S_481,16,14,0.0753
S_482,11,69,0.0161
S_483,13,68,0.0513
S_484,18,35,0.1223
S_485,13,52,0.0356
S_486,14,10,0.0261
S_487,13,15,0.0542
S_488,16,99,0.0473
S_489,13,55,0.0647
S_490,20,11,0.1493
S_491,12,115,0.0634
S_492,10,25,0.0147
S_493,11,38,0.0247
S_494,18,116,0.0577
S_495,11,21,0.0388
S_496,11,116,0.0336
S_497,17,86,0.0787
S_498,20,51,0.0103
S_499,21,71,0.0591
S_500,14,60,0.0577
S_501,5,96,0.1098
S_502,14,7,0.0673
S_503,18,97,0.1463
S_504,11,116,0.0557
S_505,13,51,0.0313
S_506,16,22,0.0315
S_507,18,13,0.0806
S_508,12,41,0.0647
S_509,18,15,0.0249
S_510,17,27,0.0134
S_511,14,78,0.024
S_512,17,49,0.0084
S_513,18,108,0.0476
S_514,20,55,0.0732
S_515,19,18,0.0525
S_516,11,16,0.0564
S_517,16,83,0.0173
S_518,15,76,0.0636
S_519,16,84,0.0724
S_520,15,40,0.0611
S_521,15,109,0.0112
S_522,15,13,0.0062
S_523,13,3,0.0603
S_524,15,89,0.0326
S_525,17,81,0.0051
S_526,14,59,0.0945
S_527,13,5,0.0246
S_528,15,13,0.0256
S_529,16,23,0.0597
S_530,13,76,0.0285
S_531,13,79,0.0188
S_532,11,81,0.0054
S_533,16,96,0.023
S_534,14,2,0.0389
S_535,19,77,0.0451
S_536,16,30,0.0578
S_537,17,68,0.0495
S_538,15,88,0.013
S_539,17,86,0.0023
S_540,10,34,0.0214
S_541,15,42,0.0184
S_542,14,110,0.0611
S_543,18,101,0.0133
S_544,11,30,0.021
S_545,15,70,0.0343
S_546,19,12,0.0356
S_547,14,78,0.0837
S_548,14,74,0.0306
S_549,16,31,0.0449
S_550,14,50,0.0261
S_551,16,93,0.05
S_552,18,30,0.0465
S_553,16,92,0.0143
S_554,15,37,0.092
S_555,17,100,0.0172
S_556,19,3,0.0569
S_557,13,30,0.0138
S_558,20,21,0.0121
S_559,13,106,0.0606
S_560,16,51,0.0536
S_561,16,65,0.1009
S_562,16,29,0.0457
S_563,10,15,0.0249
S_564,11,71,0.0056
S_565,14,33,0.0383
S_566,13,111,0.0276
S_567,16,57,0.0299
S_568,18,16,0.0194
S_569,9,2,0.0569
S_570,11,27,0.0441
S_571,13,38,0.0169
S_572,11,24,0.0354
S_573,14,43,0.0643
S_574,12,105,0.0359
S_575,16,5,0.1058
S_576,21,96,0.0702
S_577,12,51,0.0551
S_578,18,108,0.0283
S_579,21,80,0.0421
S_580,13,19,0.0496
S_581,21,115,0.102
S_582,12,18,0.0057
S_583,18,40,0.0357
S_584,12,117,0.0017
S_585,9,25,0.0361
S_586,18,75,0.0212
S_587,16,117,0.0426
S_588,14,82,0.0306
S_589,10,79,0.0397
S_590,19,74,0.0196
S_591,18,66,0.0435
S_592,9,113,0.1501
S_593,15,65,0.0183
S_594,16,79,0.1237
S_595,11,88,0.0921
S_596,18,63,0.0101
S_597,21,106,0.0013
S_598,18,2,0.0431
S_599,20,47,0.1293
S_600,17,73,0.0254
S_601,11,2,0.0699
S_602,17,112,0.1186
S_603,11,99,0.0142
S_604,13,26,0.0131
S_605,14,39,0.0285
S_606,13,81,0.0175
S_607,12,40,0.0513
S_608,14,102,0.0362
S_609,14,29,0.0228
S_610,18,98,0.1263
S_611,16,55,0.0133
S_612,17,54,0.0891
S_613,14,20,0.1102
S_614,17,118,0.0248
S_615,9,41,0.0848
S_616,11,24,0.0197
S_617,18,3,0.029
S_618,13,59,0.0626
S_619,15,3,0.0213
S_620,7,54,0.0977
S_621,13,108,0.1178
S_622,11,59,0.0587
S_623,12,5,0.1054
S_624,15,31,0.0251
S_625,15,5,0.0773
S_626,14,105,0.0154
S_627,17,28,0.0122
S_628,13,7,0.0736
S_629,14,115,0.019
S_630,11,58,0.0407
S_631,18,48,0.0548
S_632,12,111,0.0494
S_633,10,63,0.0258
S_634,11,33,0.0324
S_635,15,95,0.0718
S_636,14,32,0.0923
S_637,14,53,0.0738
S_638,18,96,0.0025
S_639,12,111,0.114
S_640,16,72,0.0414
S_641,15,60,0.0585
S_642,16,9,0.0252
S_643,15,74,0.0079
S_644,12,39,0.0315
S_645,8,61,0.0147
S_646,17,89,0.0636
S_647,14,76,0.0267
S_648,15,11,0.0223
S_649,14,47,0.0084
S_650,10,23,0.0763
S_651,15,18,0.0062
S_652,15,26,0.0457
S_653,14,110,0.1063
S_654,20,85,0.0348
S_655,15,108,0.0737
S_656,14,60,0.0026
S_657,14,0,0.0844
S_658,11,4,0.0284
S_659,15,17,0.0729
S_660,15,93,0.0713
S_661,13,24,0.0316
S_662,17,12,0.137
S_663,16,103,0.1295
S_664,14,27,0.0114
S_665,17,60,0.0616
S_666,13,40,0.013
S_667,17,107,0.0172
S_668,13,84,0.0425
S_669,19,54,0.0138
S_670,13,103,0.047
S_671,14,87,0.0929
S_672,12,97,0.0806
S_673,16,117,0.0325
S_674,11,24,0.0056
S_675,14,24,0.0192
S_676,10,66,0.057
S_677,16,63,0.0344
S_678,16,104,0.0913
S_679,15,18,0.0356
S_680,13,51,0.0867
S_681,17,63,0.0671
S_682,12,55,0.0009
S_683,12,8,0.013
S_684,17,17,0.0219
S_685,16,18,0.0273
S_686,16,71,0.0403
S_687,21,51,0.0385
S_688,15,21,0.0562
S_689,13,88,0.0171
S_690,14,96,0.0185
S_691,8,25,0.0327
S_692,16,86,0.0684
S_693,19,7,0.0405
S_694,13,102,0.0266
S_695,18,115,0.0242
S_696,12,18,0.0298
S_697,12,94,0.0391
S_698,12,11,0.0104
S_699,10,115,0.0387
S_700,19,54,0.033
S_701,16,64,0.0219
S_702,16,91,0.055
S_703,12,29,0.0322
S_704,17,47,0.0189
S_705,13,8,0.0962
S_706,13,73,0.1199
S_707,18,95,0.0465
S_708,12,102,0.0465
S_709,12,64,0.1316
S_710,11,91,0.0457
S_711,14,17,0.0091
S_712,21,89,0.0224
S_713,14,0,0.0795
S_714,11,23,0.0239
S_715,13,76,0.0194
S_716,13,38,0.0376
S_717,15,49,0.0203
S_718,16,99,0.0419
S_719,8,68,0.0344
S_720,11,47,0.0287
S_721,11,55,0.0256
S_722,18,101,0.063
S_723,11,58,0.0752
S_724,15,105,0.0233
S_725,16,29,0.0256
S_726,13,64,0.238
S_727,7,44,0.0183
S_728,18,70,0.0134
S_729,18,69,0.0549
S_730,14,68,0.0537
S_731,12,63,0.0123
S_732,20,54,0.0197
S_733,12,109,0.0028
S_734,17,32,0.0465
S_735,10,52,0.0281
S_736,16,25,0.0272
S_737,11,39,0.1022
S_738,16,29,0.0865
S_739,15,80,0.0677
S_740,13,84,0.0342
S_741,13,33,0.0963
S_742,18,118,0.0581
S_743,14,34,0.0655
S_744,16,99,0.0118
S_745,21,35,0.0072
S_746,11,49,0.0654
S_747,12,79,0.0666
S_748,10,66,0.061
S_749,9,60,0.0255
S_750,20,95,0.1262
S_751,13,84,0.0297
S_752,7,109,0.0258
S_753,14,27,0.0422
S_754,13,1,0.0824
S_755,11,119,0.0768
S_756,13,34,0.0403
S_757,15,5,0.0443
S_758,13,29,0.0643
S_759,17,80,0.0229
S_760,14,70,0.033
S_761,15,24,0.0744
S_762,14,22,0.0351
S_763,11,53,0.0167
S_764,11,1,0.1747
S_765,15,0,0.0241
S_766,12,74,0.0423
S_767,16,39,0.0948
S_768,13,2,0.122
S_769,12,55,0.0645
S_770,15,112,0.0027
S_771,15,30,0.0421
S_772,10,30,0.0735
S_773,9,56,0.0705
S_774,16,17,0.0112
S_775,12,76,0.0115
S_776,15,100,0.0592
S_777,15,23,0.0261
S_778,18,79,0.0286
S_779,19,106,0.0036
S_780,11,108,0.0229
S_781,14,66,0.0511
S_782,14,18,0.0917
S_783,19,79,0.0196
S_784,10,88,0.0394
S_785,19,90,0.0848
S_786,16,112,0.0844
S_787,13,73,0.05
S_788,17,55,0.0219
S_789,13,60,0.0856
S_790,10,38,0.0353
S_791,15,6,0.0052
S_792,14,86,0.0636
S_793,13,2,0.1017
S_794,12,7,0.067
S_795,16,40,0.0916
S_796,14,111,0.0305
S_797,13,57,0.0278
S_798,13,25,0.0905
S_799,13,107,0.0299
S_800,13,68,0.0231
S_801,13,44,0.0465
S_802,17,85,0.0475
S_803,13,52,0.0282
S_804,15,87,0.0107
S_805,13,26,0.0354
S_806,9,18,0.0586
S_807,15,55,0.0574
S_808,12,38,0.0231
S_809,17,72,0.0428
S_810,19,94,0.0572
S_811,13,108,0.0416
S_812,17,91,0.0138
S_813,13,41,0.0501
S_814,14,87,0.0442
S_815,16,63,0.0315
S_816,9,108,0.0587
S_817,9,84,0.0708
S_818,15,18,0.1776
S_819,7,9,0.0344
S_820,18,65,0.0384
S_821,19,43,0.0326
S_822,16,20,0.0958
S_823,14,95,0.0278
S_824,18,45,0.0481
S_825,13,10,0.0534
S_826,13,31,0.0822
S_827,14,81,0.0462
S_828,12,77,0.0093
S_829,18,31,0.0594
S_830,18,40,0.0442
S_831,12,5,0.0388
S_832,12,114,0.0314
S_833,13,39,0.0513
S_834,18,111,0.0592
S_835,13,97,0.0711
S_836,15,40,0.0557
S_837,11,83,0.0147
S_838,19,56,0.0552
S_839,11,117,0.0601
S_840,13,76,0.0472
S_841,9,62,0.0817
S_842,18,76,0.1028
S_843,14,26,0.1609
S_844,20,36,0.0692
S_845,12,85,0.0476
S_846,18,10,0.044
S_847,16,36,0.0751
S_848,12,74,0.0887
S_849,13,119,0.0338
S_850,16,111,0.0355
S_851,14,99,0.0932
S_852,12,60,0.0625
S_853,20,96,0.0158
S_854,15,67,0.0539
S_855,13,55,0.0415
S_856,11,26,0.015
S_857,13,114,0.0069
S_858,8,71,0.0062
S_859,15,81,0.0441
S_860,17,16,0.018
S_861,19,51,0.024
S_862,13,115,0.0544
S_863,16,90,0.01
S_864,13,105,0.0436
S_865,9,47,0.1253
S_866,8,7,0.063
S_867,14,42,0.0683
S_868,8,45,0.1008
S_869,14,36,0.0465
S_870,13,63,0.0067
S_871,9,23,0.0405
S_872,6,112,0.0071
S_873,12,108,0.0181
S_874,19,31,0.0686
S_875,15,78,0.1182
S_876,12,60,0.0242
S_877,12,30,0.0542
S_878,15,107,0.0646
S_879,15,27,0.0558
S_880,16,74,0.0507
S_881,20,40,0.0253
S_882,18,99,0.0338
S_883,18,74,0.0214
S_884,14,99,0.0289
S_885,8,41,0.0717
S_886,8,1,0.0562
S_887,16,26,0.0225
S_888,13,97,0.0345
S_889,19,38,0.0659
S_890,19,38,0.0474
S_891,15,53,0.0152
S_892,13,32,0.0808
S_893,12,96,0.0403
S_894,19,38,0.0218
S_895,15,72,0.0268
S_896,12,54,0.0398
S_897,14,34,0.0256
S_898,14,31,0.0447
S_899,20,60,0.0477
S_900,15,25,0.0799
S_901,15,41,0.0165
S_902,10,4,0.0647
S_903,16,94,0.0714
S_904,15,5,0.0867
S_905,16,104,0.097
S_906,15,5,0.042
S_907,13,101,0.1005
S_908,15,77,0.0498
S_909,12,60,0.0566
S_910,15,17,0.0829
S_911,18,30,0.043
S_912,17,82,0.1527
S_913,14,61,0.0942
S_914,14,61,0.0459
S_915,16,15,0.0337
S_916,16,57,0.0542
S_917,14,70,0.0321
S_918,13,14,0.002
S_919,12,116,0.0198
S_920,12,99,0.0289
S_921,14,38,0.0243
S_922,16,67,0.0565
S_923,9,67,0.0635
S_924,17,12,0.0224
S_925,11,52,0.0289
S_926,12,24,0.0116
S_927,14,39,0.0087
S_928,16,113,0.0083
S_929,19,66,0.0168
S_930,13,8,0.0541
S_931,18,80,0.051
S_932,13,119,0.126
S_933,18,20,0.1529
S_934,14,81,0.1611
S_935,10,98,0.0492
S_936,12,101,0.0619
S_937,15,84,0.0448
S_938,14,109,0.063
S_939,11,3,0.0275
S_940,11,7,0.043
S_941,17,16,0.0744
S_942,8,5,0.0645
S_943,16,14,0.0106
S_944,11,98,0.0349
S_945,20,107,0.0537
S_946,8,40,0.0435
S_947,8,114,0.0577
S_948,13,50,0.0208
S_949,18,20,0.0341
S_950,21,81,0.0215
S_951,17,50,0.016
S_952,15,2,0.0527
S_953,12,115,0.0262
S_954,12,71,0.1034
S_955,13,73,0.0754
S_956,13,117,0.0275
S_957,14,100,0.0111
S_958,15,43,0.0051
S_959,13,5,0.0423
S_960,15,26,0.0537
S_961,16,42,0.0112
S_962,11,115,0.1532
S_963,11,106,0.0467
S_964,18,2,0.0714
S_965,15,118,0.0639
S_966,14,30,0.0179
S_967,10,93,0.0236
S_968,17,13,0.0205
S_969,14,26,0.1325
S_970,19,60,0.1065
S_971,15,84,0.0548
S_972,14,41,0.0787
S_973,13,104,0.0546
S_974,19,112,0.0193
S_975,17,14,0.0316
S_976,15,86,0.0633
S_977,17,15,0.2131
S_978,16,40,0.1659
S_979,9,98,0.0096
S_980,17,40,0.0205
S_981,17,108,0.0249
S_982,11,49,0.0645
S_983,16,37,0.0968
S_984,12,118,0.0205
S_985,13,52,0.0273
S_986,15,88,0.0451
S_987,15,71,0.081
S_988,14,24,0.0633
S_989,10,60,0.0446
S_990,15,9,0.0643
S_991,20,85,0.0285
S_992,15,62,0.0886
S_993,14,14,0.2044
S_994,17,92,0.1194
S_995,15,96,0.0233
S_996,13,88,0.1195
S_997,17,39,0.1063
S_998,15,86,0.0077
S_999,16,69,0.0727
S_1000,14,65,0.0697
S_1001,14,77,0.0462
S_1002,17,75,0.0818
S_1003,13,95,0.0864
S_1004,21,118,0.0665
S_1005,13,87,0.0867
S_1006,13,53,0.0317
S_1007,18,55,0.0355
S_1008,14,3,0.0237
S_1009,16,19,0.0648
S_1010,19,27,0.0882
S_1011,16,118,0.0253
S_1012,16,91,0.0803
S_1013,13,16,0.0748
S_1014,12,59,0.0676
S_1015,10,25,0.0386
S_1016,12,35,0.015
S_1017,13,72,0.0336
S_1018,12,71,0.0462
S_1019,14,104,0.1499
S_1020,13,19,0.0499
S_1021,17,59,0.1366
S_1022,11,71,0.0575
S_1023,17,111,0.0539
S_1024,17,61,0.061
S_1025,12,40,0.0511
S_1026,11,35,0.0842
S_1027,16,25,0.0639
S_1028,16,115,0.0721
S_1029,12,72,0.0146
S_1030,11,36,0.0984
S_1031,13,89,0.0561
S_1032,5,34,0.061
S_1033,16,60,0.034
S_1034,13,3,0.0118
S_1035,15,101,0.1257
S_1036,20,114,0.0882
S_1037,13,103,0.0076
S_1038,17,20,0.0594
S_1039,14,99,0.0873
S_1040,13,41,0.0558
S_1041,19,112,0.0448
S_1042,13,35,0.0718
S_1043,16,10,0.0305
S_1044,15,102,0.0278
S_1045,16,13,0.0557
S_1046,16,64,0.1342
S_1047,16,45,0.0566
S_1048,13,90,0.0183
S_1049,13,89,0.0182
S_1050,15,93,0.0326
S_1051,9,7,0.023
S_1052,16,103,0.0188
S_1053,13,55,0.0984
S_1054,18,26,0.0753
S_1055,9,35,0.0398
S_1056,16,108,0.0413
S_1057,15,0,0.0429
S_1058,15,96,0.0464
S_1059,18,110,0.0244
S_1060,15,30,0.1194
S_1061,15,98,0.0872
S_1062,11,19,0.0512
S_1063,15,1,0.0449
S_1064,14,72,0.0507
S_1065,14,77,0.0116
S_1066,10,18,0.1177
S_1067,20,61,0.036
S_1068,12,46,0.0455
S_1069,14,9,0.0225
S_1070,10,60,0.0577
S_1071,10,70,0.0308
S_1072,10,26,0.0431
S_1073,19,88,0.0468
S_1074,10,8,0.0435
S_1075,13,66,0.0225
S_1076,13,36,0.0612
S_1077,12,52,0.0283
S_1078,12,107,0.1147
S_1079,13,80,0.0933
S_1080,11,17,0.0942
S_1081,17,106,0.0191
S_1082,19,44,0.0171
S_1083,18,40,0.0302
S_1084,9,60,0.0521
S_1085,9,24,0.0289
S_1086,10,109,0.0218
S_1087,16,56,0.1299
S_1088,13,47,0.005
S_1089,21,20,0.0423
S_1090,15,96,0.0566
S_1091,18,114,0.0275
S_1092,18,104,0.1724
S_1093,12,19,0.034
S_1094,12,90,0.0611
S_1095,19,24,0.0384
S_1096,9,4,0.0399
S_1097,14,58,0.0167
S_1098,17,80,0.0326
S_1099,16,14,0.0717
S_1100,13,72,0.0742
S_1101,13,101,0.0865
S_1102,11,25,0.0211
S_1103,12,51,0.0904
S_1104,19,59,0.0761
S_1105,15,99,0.063
S_1106,13,92,0.0459
S_1107,16,92,0.1396
S_1108,13,81,0.0044
S_1109,11,74,0.0233
S_1110,13,61,0.0758
S_1111,10,44,0.0564
S_1112,19,61,0.0524
S_1113,16,102,0.0136
S_1114,16,68,0.069
S_1115,13,118,0.0696
S_1116,14,17,0.0385
S_1117,13,52,0.0225
S_1118,10,24,0.0542
S_1119,17,43,0.0685
S_1120,17,94,0.0092
S_1121,16,98,0.1113
S_1122,15,3,0.0457
S_1123,12,114,0.04
S_1124,15,104,0.0663
S_1125,12,108,0.059
S_1126,12,45,0.0101
S_1127,12,59,0.048
S_1128,13,20,0.0309
S_1129,12,47,0.0779
S_1130,17,15,0.0344
S_1131,11,103,0.024
S_1132,14,69,0.0359
S_1133,16,16,0.0685
S_1134,18,105,0.0641
S_1135,16,9,0.1049
S_1136,9,111,0.02
S_1137,14,12,0.0638
S_1138,17,86,0.0341
S_1139,12,77,0.0404
S_1140,18,93,0.0924
S_1141,18,67,0.0606
S_1142,16,41,0.0732
S_1143,17,32,0.0299
S_1144,18,113,0.0904
S_1145,15,52,0.1147
S_1146,17,101,0.1073
S_1147,11,86,0.073
S_1148,17,78,0.1118
S_1149,16,116,0.0188
S_1150,21,67,0.037
S_1151,13,87,0.0103
S_1152,18,101,0.0188
S_1153,17,5,0.0372
S_1154,14,119,0.0445
S_1155,9,31,0.0124
S_1156,13,84,0.0452
S_1157,14,114,0.064
S_1158,17,91,0.0086
S_1159,15,27,0.0316
S_1160,15,43,0.0376
S_1161,17,49,0.0537
S_1162,17,70,0.0206
S_1163,17,72,0.0383
S_1164,12,94,0.0739
S_1165,17,103,0.0476
S_1166,18,10,0.0163
S_1167,21,32,0.0097
S_1168,16,41,0.0525
S_1169,18,1,0.0469
S_1170,16,50,0.033
S_1171,16,43,0.1083
S_1172,18,63,0.088
S_1173,10,12,0.0897
S_1174,15,49,0.0643
S_1175,15,71,0.0317
S_1176,13,96,0.039
S_1177,10,91,0.0243
S_1178,13,48,0.0444
S_1179,15,46,0.0142
S_1180,14,4,0.0197
S_1181,15,9,0.0372
S_1182,12,104,0.0733
S_1183,15,96,0.083
S_1184,16,2,0.0281
S_1185,11,105,0.0126
S_1186,10,73,0.0494
S_1187,17,96,0.0433
S_1188,15,60,0.0149
S_1189,11,18,0.0431
S_1190,13,42,0.0384
S_1191,16,54,0.0565
S_1192,12,90,0.0091
S_1193,19,97,0.0328
S_1194,16,88,0.0032
S_1195,17,57,0.0044
S_1196,15,79,0.0244
S_1197,16,35,0.0711
S_1198,21,118,0.1303
S_1199,13,20,0.0315
S_1200,13,86,0.015
S_1201,21,18,0.0555
S_1202,18,33,0.0445
S_1203,14,89,0.0858
S_1204,12,87,0.0574
S_1205,13,14,0.024
S_1206,21,81,0.1212
S_1207,15,24,0.0095
S_1208,18,116,0.0669
S_1209,15,72,0.0812
S_1210,15,0,0.0372
S_1211,16,25,0.0086
S_1212,14,27,0.0206
S_1213,14,29,0.064
S_1214,19,66,0.0022
S_1215,14,24,0.0537
S_1216,16,49,0.115
S_1217,18,20,0.0434
S_1218,16,80,0.0503
S_1219,17,68,0.0273
S_1220,10,75,0.0634
S_1221,15,116,0.1229
S_1222,18,47,0.0142
S_1223,21,25,0.0983
S_1224,18,119,0.1036
S_1225,15,6,0.0357
S_1226,16,97,0.0292
S_1227,17,19,0.0182
S_1228,8,79,0.041
S_1229,11,56,0.0552
S_1230,15,100,0.0159
S_1231,14,87,0.0157
S_1232,13,20,0.0174
S_1233,16,79,0.0365
S_1234,16,26,0.0625
S_1235,10,20,0.0113
S_1236,10,10,0.0826
S_1237,13,13,0.0385
S_1238,16,84,0.0261
S_1239,14,119,0.0424
S_1240,13,81,0.0749
S_1241,19,85,0.0492
S_1242,17,93,0.0727
S_1243,14,106,0.0613
S_1244,20,32,0.0652
S_1245,15,72,0.0688
S_1246,17,25,0.0709
S_1247,12,63,0.0108
S_1248,10,25,0.0401
S_1249,12,7,0.0466
S_1250,16,10,0.0135
S_1251,14,117,0.0862
S_1252,14,0,0.052
S_1253,15,82,0.0966
S_1254,15,106,0.01
S_1255,18,47,0.0297
S_1256,13,84,0.0111
S_1257,10,41,0.0242
S_1258,19,63,0.0425
S_1259,13,112,0.0054
S_1260,18,5,0.0473
S_1261,16,32,0.1118
S_1262,19,12,0.018
S_1263,13,59,0.0792
S_1264,17,92,0.0806
S_1265,14,117,0.1012
S_1266,12,18,0.0702
S_1267,20,5,0.0427
S_1268,12,16,0.0117
S_1269,12,116,0.124
S_1270,11,38,0.0253
S_1271,13,32,0.0428
S_1272,15,88,0.0168
S_1273,14,14,0.0482
S_1274,16,41,0.0703
S_1275,10,17,0.0735
S_1276,14,116,0.0278
S_1277,10,34,0.0739
S_1278,13,32,0.0434
S_1279,14,76,0.0084
S_1280,14,1,0.0203
S_1281,16,78,0.0091
S_1282,11,54,0.0108
S_1283,13,22,0.0431
S_1284,21,58,0.0337
S_1285,14,119,0.1102
S_1286,14,100,0.0105
S_1287,9,116,0.0226
S_1288,15,111,0.0987
S_1289,10,98,0.0754
S_1290,7,40,0.0517
S_1291,16,87,0.0316
S_1292,16,46,0.0665
S_1293,10,51,0.0305
S_1294,10,104,0.0639
S_1295,12,24,0.0706
S_1296,20,35,0.0506
S_1297,15,111,0.1769
S_1298,16,83,0.0485
S_1299,18,7,0.034
S_1300,19,14,0.0353
S_1301,15,69,0.0615
S_1302,16,95,0.0685
S_1303,15,95,0.0548
S_1304,9,50,0.0358
S_1305,15,31,0.0755
S_1306,13,94,0.0873
S_1307,6,113,0.0245
S_1308,12,53,0.027
S_1309,13,16,0.0266
S_1310,17,73,0.0504
S_1311,14,8,0.031
S_1312,12,73,0.0909
S_1313,11,20,0.0194
S_1314,14,61,0.0698
S_1315,15,75,0.0117
S_1316,16,53,0.0098
S_1317,17,99,0.0345
S_1318,10,44,0.0452
S_1319,15,18,0.0517
S_1320,14,55,0.0216
S_1321,14,115,0.0078
S_1322,15,105,0.0425
S_1323,20,37,0.0477
S_1324,14,29,0.0775
S_1325,15,57,0.0286
S_1326,11,78,0.0436
S_1327,11,111,0.0049
S_1328,11,73,0.0358
S_1329,10,100,0.0159
S_1330,12,83,0.0122
S_1331,20,12,0.0219
S_1332,12,107,0.1318
S_1333,13,23,0.0057
S_1334,10,43,0.0118
S_1335,14,100,0.0484
S_1336,11,117,0.0167
S_1337,13,37,0.0136
S_1338,13,45,0.0214
S_1339,14,58,0.0583
S_1340,18,59,0.0722
S_1341,20,90,0.0496
S_1342,20,98,0.0654
S_1343,15,118,0.0431
S_1344,15,96,0.0308
S_1345,15,35,0.1328
S_1346,17,42,0.0372
S_1347,12,74,0.0312
S_1348,11,82,0.0513
S_1349,8,10,0.0515
S_1350,17,41,0.0841
S_1351,15,24,0.0294
S_1352,12,60,0.0329
S_1353,19,20,0.0884
S_1354,13,69,0.0267
S_1355,19,56,0.0454
S_1356,12,48,0.0225
S_1357,15,77,0.0544
S_1358,16,49,0.0406
S_1359,13,47,0.0263
S_1360,11,78,0.0597
S_1361,15,6,0.0175
S_1362,12,51,0.0718
S_1363,10,23,0.0746
S_1364,9,4,0.0725
S_1365,15,4,0.0641
S_1366,8,20,0.0305
S_1367,14,52,0.0661
S_1368,17,68,0.0774
S_1369,10,95,0.2277
S_1370,10,72,0.0184
S_1371,15,62,0.016
S_1372,7,4,0.0186
S_1373,14,35,0.0229
S_1374,13,83,0.0311
S_1375,19,32,0.0834
S_1376,19,71,0.0678
S_1377,15,72,0.092
S_1378,12,36,0.0522
S_1379,15,68,0.1866
S_1380,17,13,0.0739
S_1381,17,87,0.0602
S_1382,7,2,0.0208
S_1383,10,4,0.0862
S_1384,17,104,0.0242
S_1385,11,69,0.0956
S_1386,15,19,0.0753
S_1387,17,72,0.0274
S_1388,16,44,0.0098
S_1389,16,32,0.0742
S_1390,13,97,0.0602
S_1391,10,57,0.0221
S_1392,20,35,0.0288
S_1393,9,113,0.0089
S_1394,15,19,0.065
S_1395,13,17,0.0675
S_1396,18,11,0.0927
S_1397,15,14,0.0106
S_1398,12,30,0.0451
S_1399,13,83,0.043
S_1400,17,80,0.0362
S_1401,18,91,0.099
S_1402,16,69,0.0253
S_1403,15,59,0.0453
S_1404,12,51,0.0412
S_1405,12,104,0.0308
S_1406,16,41,0.0451
S_1407,18,106,0.0618
S_1408,10,33,0.0101
S_1409,9,18,0.0726
S_1410,14,30,0.0214
S_1411,15,59,0.0258
S_1412,15,111,0.0097
S_1413,16,21,0.0097
S_1414,13,69,0.0511
S_1415,18,26,0.064
S_1416,19,81,0.034
S_1417,16,55,0.0217
S_1418,13,88,0.0945
S_1419,6,102,0.0055
S_1420,12,40,0.0379
S_1421,15,112,0.0569
S_1422,16,56,0.0251
S_1423,13,112,0.0107
S_1424,14,27,0.0153
S_1425,20,107,0.0114
S_1426,11,40,0.019
S_1427,9,90,0.0915
S_1428,7,116,0.0247
S_1429,17,109,0.015
S_1430,10,55,0.0316
S_1431,13,41,0.0294
S_1432,17,73,0.0447
S_1433,19,84,0.0114
S_1434,15,64,0.0787
S_1435,11,101,0.0233
S_1436,16,6,0.0247
S_1437,11,71,0.0237
S_1438,14,63,0.0977
S_1439,10,4,0.0021
S_1440,12,1,0.0354
S_1441,21,72,0.0151
S_1442,18,14,0.0413
S_1443,12,92,0.0151
S_1444,13,113,0.0406
S_1445,17,21,0.0342
S_1446,13,95,0.0345
S_1447,18,70,0.0443
S_1448,10,53,0.032
S_1449,14,78,0.0419
S_1450,12,96,0.0183
S_1451,15,116,0.0535
S_1452,15,79,0.0125
S_1453,15,89,0.0423
S_1454,16,72,0.0119
S_1455,15,67,0.0141
S_1456,11,7,0.0705
S_1457,14,18,0.0712
S_1458,14,45,0.0547
S_1459,14,77,0.0462
S_1460,21,9,0.051
S_1461,15,65,0.0112
S_1462,19,1,0.0647
S_1463,9,91,0.0399
S_1464,13,80,0.0557
S_1465,14,62,0.0995
S_1466,19,68,0.0274
S_1467,8,111,0.0707
S_1468,17,108,0.0225
S_1469,16,95,0.0202
S_1470,16,40,0.0243
S_1471,14,12,0.0303
S_1472,15,38,0.0531
S_1473,14,90,0.0157
S_1474,12,73,0.0237
S_1475,17,84,0.0686
S_1476,15,12,0.0241
S_1477,12,19,0.0331
S_1478,16,79,0.0975
S_1479,14,44,0.0514
S_1480,13,44,0.0281
S_1481,9,47,0.0187
S_1482,13,95,0.0128
S_1483,13,83,0.0308
S_1484,15,12,0.0491
S_1485,13,41,0.0425
S_1486,21,80,0.0647
S_1487,10,117,0.0422
S_1488,11,109,0.0959
S_1489,13,29,0.0483
S_1490,16,7,0.0734
S_1491,14,68,0.0054
S_1492,13,48,0.0229
S_1493,11,22,0.0489
S_1494,16,78,0.067
S_1495,21,19,0.1196
S_1496,11,42,0.0382
S_1497,16,95,0.0564
S_1498,19,82,0.0208
S_1499,15,72,0.0113
S_1500,16,111,0.0175
S_1501,14,15,0.0075
S_1502,20,82,0.0276
S_1503,17,14,0.0441
S_1504,18,16,0.0247
S_1505,14,60,0.0678
S_1506,17,2,0.004
S_1507,14,60,0.0049
S_1508,17,1,0.1151
S_1509,13,72,0.0796
S_1510,18,37,0.0471
S_1511,16,9,0.0141
S_1512,13,93,0.0837
S_1513,17,46,0.0066
S_1514,14,53,0.0999
S_1515,11,44,0.1063
S_1516,14,10,0.1423
S_1517,14,55,0.0334
S_1518,11,79,0.0571
S_1519,16,108,0.0446
S_1520,16,91,0.0226
S_1521,14,9,0.0265
S_1522,17,19,0.026
S_1523,13,5,0.1051
S_1524,10,14,0.1157
S_1525,13,57,0.0513
S_1526,12,26,0.0135
S_1527,13,77,0.0276
S_1528,15,3,0.0932
S_1529,21,102,0.0326
S_1530,10,81,0.141
S_1531,17,116,0.0558
S_1532,11,114,0.0615
S_1533,16,83,0.0529
S_1534,13,18,0.0249
S_1535,15,26,0.0127
S_1536,19,33,0.0888
S_1537,10,51,0.0084
S_1538,15,68,0.015
S_1539,16,81,0.0468
S_1540,18,9,0.072
S_1541,15,73,0.1185
S_1542,21,7,0.0494
S_1543,18,99,0.0739
S_1544,16,4,0.0237
S_1545,16,46,0.0756
S_1546,16,50,0.0343
S_1547,15,68,0.0639
S_1548,15,11,0.0173
S_1549,10,111,0.0107
S_1550,16,45,0.053
S_1551,16,47,0.0964
S_1552,16,29,0.0332
S_1553,16,93,0.0397
S_1554,17,0,0.0876
S_1555,16,12,0.0382
S_1556,15,56,0.0314
S_1557,15,116,0.0485
S_1558,18,4,0.0505
S_1559,19,7,0.0753
S_1560,12,85,0.0939
S_1561,13,88,0.0071
S_1562,17,107,0.0964
S_1563,16,69,0.0485
S_1564,13,48,0.063
S_1565,15,54,0.0254
S_1566,17,51,0.0333
S_1567,20,116,0.0724
S_1568,21,45,0.0364
S_1569,9,11,0.0239
S_1570,17,34,0.0316
S_1571,13,115,0.0482
S_1572,18,51,0.0308
S_1573,10,37,0.0298
S_1574,12,37,0.0513
S_1575,14,1,0.039
S_1576,17,75,0.0063
S_1577,13,86,0.121
S_1578,12,42,0.0781
S_1579,9,104,0.0832
S_1580,13,89,0.0192
S_1581,17,72,0.0181
S_1582,19,84,0.007
S_1583,11,92,0.1359
S_1584,12,63,0.0284
S_1585,12,47,0.0451
S_1586,14,15,0.0642
S_1587,15,48,0.0047
S_1588,14,66,0.0847
S_1589,10,113,0.0589
S_1590,8,18,0.0391
S_1591,13,90,0.0591
S_1592,16,28,0.0531
S_1593,15,114,0.1044
S_1594,20,71,0.055
S_1595,10,51,0.0582
S_1596,15,41,0.0153
S_1597,19,24,0.0896
S_1598,14,85,0.0103
S_1599,11,76,0.0765
S_1600,6,106,0.0554
S_1601,14,71,0.0196
S_1602,13,20,0.0694
S_1603,13,81,0.0498
S_1604,15,105,0.0949
S_1605,20,118,0.0698
S_1606,10,82,0.1232
S_1607,12,34,0.0532
S_1608,14,67,0.0415
S_1609,17,61,0.0497
S_1610,13,61,0.0348
S_1611,16,9,0.1097
S_1612,10,23,0.0777
S_1613,15,62,0.0868
S_1614,14,95,0.0107
S_1615,19,21,0.041
S_1616,18,19,0.0422
S_1617,15,91,0.0459
S_1618,12,82,0.0219
S_1619,7,58,0.0475
S_1620,12,6,0.1126
S_1621,21,56,0.0178
S_1622,9,100,0.0802
S_1623,12,1,0.0754
S_1624,15,12,0.0199
S_1625,18,97,0.0214
S_1626,11,63,0.0192
S_1627,16,79,0.0637
S_1628,12,89,0.009
S_1629,11,36,0.0734
S_1630,13,35,0.0358
S_1631,14,31,0.0633
S_1632,11,20,0.0594
S_1633,18,36,0.041
S_1634,19,114,0.0207
S_1635,12,10,0.0644
S_1636,17,28,0.1201
S_1637,10,38,0.0194
S_1638,14,18,0.1839
S_1639,17,9,0.0084
S_1640,17,19,0.0143
S_1641,15,63,0.0601
S_1642,18,71,0.1721
S_1643,12,25,0.0688
S_1644,15,60,0.05
S_1645,15,0,0.0708
S_1646,16,72,0.0086
S_1647,16,0,0.0543
S_1648,11,77,0.0216
S_1649,17,57,0.0136
S_1650,11,13,0.0025
S_1651,17,10,0.0913
S_1652,20,0,0.0496
S_1653,13,66,0.0269
S_1654,12,96,0.0391
S_1655,19,102,0.0323
S_1656,14,68,0.0157
S_1657,10,106,0.1109
S_1658,12,103,0.0155
S_1659,12,83,0.0117
S_1660,18,43,0.0263
S_1661,11,99,0.0613
S_1662,7,47,0.0474
S_1663,14,48,0.0141
S_1664,15,81,0.0197
S_1665,16,111,0.0462
S_1666,6,60,0.0693
S_1667,14,21,0.0122
S_1668,13,17,0.0963
S_1669,16,36,0.0731
S_1670,9,54,0.0472
S_1671,15,35,0.0645
S_1672,15,85,0.0212
S_1673,18,65,0.0217
S_1674,16,48,0.0166
S_1675,17,25,0.0404
S_1676,11,72,0.0217
S_1677,14,80,0.0669
S_1678,18,94,0.0342
S_1679,13,118,0.0962
S_1680,17,27,0.0694
S_1681,12,1,0.0632
S_1682,14,60,0.0107
S_1683,10,110,0.012
S_1684,14,29,0.0493
S_1685,12,90,0.0958
S_1686,18,38,0.0752
S_1687,21,46,0.0408
S_1688,9,113,0.0646
S_1689,11,55,0.0136
S_1690,17,87,0.0779
S_1691,12,65,0.0215
S_1692,14,91,0.0474
S_1693,19,38,0.0529
S_1694,19,105,0.031
S_1695,11,65,0.0972
S_1696,20,37,0.0184
S_1697,16,4,0.0346
S_1698,18,1,0.034
S_1699,12,42,0.0162
S_1700,12,25,0.015
S_1701,9,6,0.0181
S_1702,11,66,0.0829
S_1703,17,118,0.074
S_1704,16,50,0.0192
S_1705,17,66,0.1005
S_1706,15,26,0.1509
S_1707,14,24,0.0512
S_1708,12,39,0.0785
S_1709,14,100,0.0437
S_1710,17,115,0.06
S_1711,17,88,0.0288
S_1712,15,2,0.1066
S_1713,12,52,0.0432
S_1714,13,50,0.0229
S_1715,10,112,0.0227
S_1716,13,89,0.0497
S_1717,9,85,0.0451
S_1718,13,67,0.0252
S_1719,12,77,0.0222
S_1720,14,83,0.0484
S_1721,12,66,0.023
S_1722,17,101,0.133
S_1723,10,4,0.0519
S_1724,10,112,0.0357
S_1725,14,92,0.0182
S_1726,15,63,0.0564
S_1727,13,103,0.0132
S_1728,14,99,0.0222
S_1729,15,50,0.0566
S_1730,16,100,0.0207
S_1731,13,22,0.0546
S_1732,15,56,0.0243
S_1733,17,27,0.0168
S_1734,10,14,0.0331
S_1735,18,107,0.0839
S_1736,18,44,0.0168
S_1737,12,82,0.0304
S_1738,16,45,0.0655
S_1739,10,65,0.0366
S_1740,15,41,0.0396
S_1741,19,89,0.0316
S_1742,11,94,0.0433
S_1743,12,51,0.0534
S_1744,16,103,0.037
S_1745,13,42,0.0997
S_1746,15,91,0.0257
S_1747,21,78,0.1018
S_1748,13,54,0.0159
S_1749,10,106,0.071
S_1750,13,68,0.0356
S_1751,15,100,0.0123
S_1752,11,88,0.0319
S_1753,12,63,0.0365
S_1754,18,39,0.0309
S_1755,19,114,0.0866
S_1756,13,6,0.0486
S_1757,13,107,0.0688
S_1758,11,60,0.0196
S_1759,15,89,0.0416
S_1760,21,40,0.1054
S_1761,13,46,0.0515
S_1762,13,22,0.053
S_1763,16,114,0.0103
S_1764,13,5,0.0101
S_1765,13,46,0.0051
S_1766,19,40,0.0153
S_1767,11,97,0.0471
S_1768,11,60,0.1327
S_1769,16,20,0.0065
S_1770,14,61,0.0073
S_1771,11,28,0.0806
S_1772,15,2,0.061
S_1773,13,65,0.0281
S_1774,15,43,0.0905
S_1775,14,28,0.0332
S_1776,10,20,0.01
S_1777,18,54,0.0854
S_1778,20,104,0.0814
S_1779,12,90,0.0193
S_1780,19,0,0.0379
S_1781,14,87,0.0274
S_1782,5,8,0.0368
S_1783,16,65,0.0941
S_1784,8,93,0.0287
S_1785,13,54,0.0339
S_1786,17,45,0.1776
S_1787,16,112,0.0218
S_1788,12,3,0.0138
S_1789,16,12,0.0626
S_1790,17,104,0.0465
S_1791,13,106,0.0318
S_1792,13,44,0.0228
S_1793,15,64,0.0493
S_1794,11,19,0.0471
S_1795,12,106,0.0143
S_1796,17,56,0.0201
S_1797,21,67,0.0339
S_1798,16,14,0.0053
S_1799,15,73,0.0439
S_1800,20,83,0.0383
S_1801,12,35,0.0143
S_1802,15,107,0.0207
S_1803,17,24,0.1112
S_1804,12,107,0.0119
S_1805,10,84,0.0139
S_1806,17,99,0.0692
S_1807,17,83,0.0043
S_1808,17,51,0.0486
S_1809,17,39,0.0695
S_1810,15,88,0.0169
S_1811,15,35,0.0656
S_1812,15,7,0.0258
S_1813,18,29,0.0199
S_1814,15,90,0.034
S_1815,15,95,0.187
S_1816,16,33,0.048
S_1817,16,39,0.0613
S_1818,11,65,0.0513
S_1819,19,31,0.0334
S_1820,13,72,0.0033
S_1821,15,33,0.0127
S_1822,12,14,0.0302
S_1823,14,18,0.0197
S_1824,16,30,0.0209
S_1825,15,20,0.0245
S_1826,13,116,0.0505
S_1827,12,79,0.0289
S_1828,15,21,0.0474
S_1829,18,50,0.0444
S_1830,19,32,0.0036
S_1831,21,82,0.0372
S_1832,12,104,0.0391
S_1833,12,48,0.0589
S_1834,14,51,0.0401
S_1835,14,47,0.0768
S_1836,10,53,0.0718
S_1837,17,4,0.0396
S_1838,12,71,0.0294
S_1839,13,114,0.0262
S_1840,16,94,0.0108
S_1841,11,103,0.0475
S_1842,14,27,0.0698
S_1843,17,72,0.0126
S_1844,15,107,0.1033
S_1845,17,8,0.0236
S_1846,17,105,0.0228
S_1847,14,7,0.1142
S_1848,4,117,0.068
S_1849,18,10,0.0493
S_1850,14,44,0.0506
S_1851,17,6,0.0325
S_1852,19,6,0.0278
S_1853,9,103,0.0253
S_1854,14,7,0.1192
S_1855,19,95,0.0671
S_1856,14,108,0.0485
S_1857,17,112,0.0467
S_1858,11,103,0.0992
S_1859,16,114,0.0339
S_1860,11,6,0.0133
S_1861,17,119,0.1045
S_1862,13,2,0.0575
S_1863,19,19,0.0077
S_1864,19,9,0.0497
S_1865,13,89,0.0876
S_1866,20,10,0.0182
S_1867,13,35,0.0371
S_1868,17,76,0.1089
S_1869,14,59,0.0239
S_1870,13,16,0.0883
S_1871,17,62,0.0081
S_1872,13,40,0.0388
S_1873,13,70,0.0419
S_1874,15,64,0.0424
S_1875,17,118,0.0408
S_1876,15,103,0.0475
S_1877,13,0,0.0586
S_1878,13,21,0.0201
S_1879,14,109,0.0759
S_1880,16,64,0.0343
S_1881,11,91,0.0446
S_1882,13,60,0.0443
S_1883,17,94,0.0606
S_1884,12,15,0.0881
S_1885,13,88,0.1033
S_1886,14,104,0.0282
S_1887,12,31,0.0922
S_1888,13,44,0.0301
S_1889,15,70,0.0124
S_1890,17,104,0.0243
S_1891,12,108,0.0092
S_1892,12,64,0.0729
S_1893,18,78,0.0366
S_1894,13,104,0.0485
S_1895,12,27,0.0788
S_1896,9,99,0.0197
S_1897,18,31,0.0586
S_1898,19,69,0.0301
S_1899,14,112,0.0842
S_1900,15,61,0.0442
S_1901,15,11,0.0351
S_1902,11,107,0.0685
S_1903,16,70,0.0328
S_1904,19,8,0.0173
S_1905,14,1,0.029
S_1906,17,31,0.0363
S_1907,12,14,0.0216
S_1908,12,75,0.0292
S_1909,16,71,0.1088
S_1910,19,100,0.0222
S_1911,13,61,0.0368
S_1912,14,30,0.0416
S_1913,16,6,0.0094
S_1914,13,1,0.0253
S_1915,16,111,0.0374
S_1916,12,17,0.047
S_1917,16,59,0.0205
S_1918,14,95,0.0329
S_1919,10,111,0.0354
S_1920,11,24,0.0466
S_1921,15,27,0.0128
S_1922,19,21,0.058
S_1923,11,19,0.0172
S_1924,18,54,0.0504
S_1925,16,76,0.0345
S_1926,17,84,0.0522
S_1927,14,39,0.001
S_1928,16,74,0.0195
S_1929,20,0,0.0907
S_1930,15,106,0.0336
S_1931,12,104,0.0657
S_1932,19,65,0.0503
S_1933,16,29,0.0539
S_1934,15,116,0.0154
S_1935,20,97,0.0384
S_1936,19,2,0.0482
S_1937,16,56,0.0196
S_1938,12,12,0.0269
S_1939,13,15,0.0116
S_1940,15,0,0.002
S_1941,14,82,0.1148
S_1942,13,30,0.0051
S_1943,14,36,0.0389
S_1944,18,5,0.0946
S_1945,15,0,0.0381
S_1946,13,95,0.0412
S_1947,16,79,0.0742
S_1948,16,45,0.0236
S_1949,14,8,0.0122
S_1950,11,93,0.0414
S_1951,14,111,0.0363
S_1952,14,63,0.0207
S_1953,17,16,0.0224
S_1954,12,78,0.0454
S_1955,14,8,0.0053
S_1956,19,19,0.1112
S_1957,14,56,0.0291
S_1958,14,29,0.0284
S_1959,20,111,0.0508
S_1960,12,97,0.1247
S_1961,18,33,0.0047
S_1962,13,115,0.0673
S_1963,15,45,0.0475
S_1964,15,68,0.0352
S_1965,14,67,0.0202
S_1966,12,77,0.0172
S_1967,13,29,0.0194
S_1968,14,110,0.052
S_1969,12,31,0.1145
S_1970,14,79,0.0485
S_1971,12,91,0.0147
S_1972,12,105,0.0262
S_1973,10,54,0.0142
S_1974,20,85,0.0529
S_1975,14,10,0.0218
S_1976,12,93,0.0426
S_1977,12,90,0.0392
S_1978,13,49,0.0217
S_1979,9,37,0.0081
S_1980,13,45,0.0637
S_1981,17,10,0.0397
S_1982,13,76,0.0315
S_1983,16,109,0.0177
S_1984,17,79,0.0217
S_1985,16,69,0.0092
S_1986,15,118,0.0712
S_1987,18,65,0.0415
S_1988,18,41,0.0463
S_1989,12,84,0.0591
S_1990,12,62,0.0114
S_1991,13,116,0.0967
S_1992,14,107,0.101
S_1993,18,113,0.0818
S_1994,17,0,0.0443
S_1995,15,40,0.1064
S_1996,15,75,0.0541
S_1997,11,36,0.0116
S_1998,18,78,0.0385
S_1999,15,85,0.0149
S_2000,11,74,0.0822
S_2001,9,54,0.0309
S_2002,11,83,0.0166
S_2003,15,93,0.0148
S_2004,7,83,0.0718
S_2005,11,97,0.1019
S_2006,16,113,0.0272
S_2007,13,12,0.0072
S_2008,9,108,0.0021
S_2009,13,32,0.0341
S_2010,14,67,0.0287
S_2011,17,113,0.0673
S_2012,16,74,0.011
S_2013,16,10,0.0046
S_2014,17,59,0.0595
S_2015,9,107,0.0202
S_2016,18,49,0.056
S_2017,18,101,0.0166
S_2018,13,95,0.0584
S_2019,6,108,0.0221
S_2020,18,31,0.1204
S_2021,6,59,0.006
S_2022,16,40,0.0433
S_2023,13,64,0.0871
S_2024,13,2,0.0155
S_2025,13,29,0.0176
S_2026,15,116,0.0275
S_2027,8,72,0.0544
S_2028,14,20,0.0241
S_2029,10,60,0.0249
S_2030,13,83,0.0489
S_2031,15,72,0.0598
S_2032,17,60,0.0527
S_2033,12,80,0.0144
S_2034,20,20,0.0751
S_2035,12,52,0.1142
S_2036,12,90,0.174
S_2037,18,69,0.0446
S_2038,14,108,0.0232
S_2039,15,53,0.0144
S_2040,13,15,0.0201
S_2041,13,5,0.0244
S_2042,16,57,0.1266
S_2043,18,52,0.105
S_2044,15,30,0.0521
S_2045,16,70,0.0482
S_2046,17,30,0.1265
S_2047,13,25,0.0319
S_2048,12,74,0.0676
S_2049,11,113,0.1894
S_2050,12,24,0.0172
S_2051,11,21,0.0335
S_2052,18,62,0.0067
S_2053,9,14,0.0426
S_2054,16,35,0.0606
S_2055,11,118,0.0586
S_2056,20,100,0.0538
S_2057,16,84,0.0482
S_2058,12,3,0.0522
S_2059,13,31,0.0862
S_2060,14,68,0.016
S_2061,16,85,0.0151
S_2062,16,80,0.0586
S_2063,14,22,0.0415
S_2064,12,55,0.027
S_2065,14,23,0.0191
S_2066,19,110,0.0324
S_2067,21,66,0.0246
S_2068,18,46,0.0509
S_2069,12,110,0.0055
S_2070,19,108,0.0253
S_2071,14,60,0.0515
S_2072,15,82,0.0082
S_2073,11,38,0.0141
S_2074,15,36,0.0377
S_2075,12,65,0.051
S_2076,19,101,0.0231
S_2077,21,71,0.0845
S_2078,14,55,0.0073
S_2079,16,79,0.1594
S_2080,14,97,0.0058
S_2081,15,94,0.146
S_2082,13,44,0.0311
S_2083,15,112,0.0849
S_2084,16,1,0.0371
S_2085,15,54,0.0352
S_2086,17,108,0.0253
S_2087,13,83,0.0708
S_2088,21,84,0.0326
S_2089,13,18,0.0758
S_2090,13,69,0.0463
S_2091,7,116,0.022
S_2092,17,25,0.0313
S_2093,6,39,0.0121
S_2094,13,46,0.0588
S_2095,12,43,0.0068
S_2096,10,75,0.0678
S_2097,15,28,0.0885
S_2098,20,60,0.0079
S_2099,17,48,0.0197
S_2100,12,77,0.0247
S_2101,20,29,0.0204
S_2102,12,66,0.0207
S_2103,18,88,0.0418
S_2104,9,83,0.0126
S_2105,14,100,0.0507
S_2106,11,114,0.0325
S_2107,21,102,0.0438
S_2108,12,112,0.0254
S_2109,11,2,0.0529
S_2110,16,75,0.0244
S_2111,14,32,0.0194
S_2112,21,97,0.0894
S_2113,15,98,0.0953
S_2114,15,5,0.0965
S_2115,17,71,0.05
S_2116,14,102,0.014
S_2117,15,70,0.037
S_2118,12,51,0.0331
S_2119,13,9,0.0174
S_2120,12,87,0.0168
S_2121,16,8,0.0795
S_2122,13,71,0.0181
S_2123,17,110,0.0925
S_2124,12,50,0.0347
S_2125,12,92,0.0168
S_2126,15,95,0.0452
S_2127,15,1,0.0117
S_2128,17,109,0.0289
S_2129,11,22,0.114
S_2130,10,33,0.0513
S_2131,18,104,0.0095
S_2132,10,82,0.0624
S_2133,17,44,0.0222
S_2134,7,10,0.0817
S_2135,16,46,0.075
S_2136,14,115,0.0577
S_2137,16,12,0.04
S_2138,17,101,0.0421
S_2139,17,39,0.1239
S_2140,16,78,0.0237
S_2141,17,75,0.0388
S_2142,18,39,0.074
S_2143,18,6,0.0439
S_2144,16,17,0.0467
S_2145,12,67,0.0316
S_2146,14,113,0.004
S_2147,14,111,0.0111
S_2148,12,13,0.0851
S_2149,11,105,0.0457
S_2150,17,28,0.0272
S_2151,15,109,0.0577
S_2152,12,91,0.0148
S_2153,15,115,0.034
S_2154,15,53,0.0894
S_2155,11,87,0.0343
S_2156,12,88,0.048
S_2157,14,59,0.0247
S_2158,14,116,0.0888
S_2159,10,29,0.0517
S_2160,17,118,0.06
S_2161,15,97,0.0194
S_2162,14,73,0.0346
S_2163,12,9,0.0873
S_2164,11,31,0.0476
S_2165,15,100,0.0384
S_2166,15,87,0.0485
S_2167,20,115,0.0173
S_2168,21,47,0.0391
S_2169,13,107,0.0099
S_2170,12,103,0.0165
S_2171,11,115,0.0415
S_2172,15,32,0.0175
S_2173,11,59,0.0109
S_2174,10,9,0.02
S_2175,12,70,0.0423
S_2176,13,87,0.0297
S_2177,12,28,0.0903
S_2178,10,20,0.0841
S_2179,14,76,0.0372
S_2180,14,47,0.0329
S_2181,19,51,0.1366
S_2182,11,56,0.0677
S_2183,16,61,0.0145
S_2184,20,23,0.0719
S_2185,10,69,0.0343
S_2186,11,8,0.0351
S_2187,11,13,0.0454
S_2188,16,85,0.015
S_2189,16,87,0.0289
S_2190,17,31,0.0125
S_2191,15,22,0.0757
S_2192,20,6,0.0345
S_2193,16,50,0.0296
S_2194,18,61,0.0227
S_2195,15,107,0.0279
S_2196,13,0,0.0968
S_2197,14,48,0.0687
S_2198,19,50,0.0533
S_2199,17,106,0.024
S_2200,17,23,0.0125
S_2201,17,7,0.0488
S_2202,15,45,0.0271
S_2203,21,73,0.0434
S_2204,14,102,0.0024
S_2205,15,32,0.0326
S_2206,13,30,0.084
S_2207,16,39,0.0427
S_2208,9,14,0.0464
S_2209,6,117,0.0306
S_2210,13,64,0.0152
S_2211,16,32,0.0739
S_2212,18,43,0.0226
S_2213,11,103,0.1234
S_2214,10,80,0.0646
S_2215,12,66,0.0058
S_2216,12,86,0.0323
S_2217,15,90,0.0307
S_2218,15,23,0.0526
S_2219,19,19,0.0595
S_2220,13,116,0.0681
S_2221,11,22,0.0835
S_2222,15,55,0.0315
S_2223,12,117,0.0694
S_2224,12,50,0.0814
S_2225,20,61,0.0378
S_2226,17,95,0.0453
S_2227,13,40,0.044
S_2228,20,51,0.0748
S_2229,17,39,0.0465
S_2230,16,34,0.0301
S_2231,12,56,0.0152
S_2232,8,89,0.0175
S_2233,12,104,0.0525
S_2234,13,56,0.0452
S_2235,11,38,0.0064
S_2236,15,109,0.0148
S_2237,8,40,0.0166
S_2238,18,93,0.0202
S_2239,13,89,0.0536
S_2240,17,5,0.0465
S_2241,17,21,0.0532
S_2242,11,68,0.0344
S_2243,9,104,0.1037
S_2244,13,71,0.0766
S_2245,16,89,0.085
S_2246,15,88,0.0458
S_2247,18,59,0.0025
S_2248,16,67,0.0061
S_2249,16,8,0.0491
S_2250,12,111,0.0475
S_2251,14,80,0.0143
S_2252,14,18,0.0703
S_2253,16,29,0.0076
S_2254,17,0,0.0384
S_2255,14,31,0.0493
S_2256,14,37,0.0687
S_2257,16,81,0.0392
S_2258,20,57,0.0038
S_2259,9,101,0.0498
S_2260,12,10,0.0204
S_2261,12,84,0.0157
S_2262,11,104,0.1222
S_2263,12,50,0.01
S_2264,16,34,0.0682
S_2265,17,53,0.072
S_2266,15,94,0.0834
S_2267,15,110,0.0245
S_2268,12,7,0.0447
S_2269,7,63,0.0787
S_2270,16,76,0.0508
S_2271,19,2,0.0353
S_2272,17,21,0.0499
S_2273,14,7,0.0654
S_2274,15,34,0.0689
S_2275,19,24,0.0309
S_2276,12,58,0.0987
S_2277,13,78,0.0399
S_2278,9,101,0.1159
S_2279,16,36,0.0506
S_2280,13,6,0.0419
S_2281,14,0,0.0523
S_2282,17,101,0.0143
S_2283,12,105,0.0315
S_2284,16,12,0.0636
S_2285,16,1,0.002
S_2286,13,96,0.025
S_2287,17,76,0.0311
S_2288,14,66,0.1049
S_2289,17,63,0.0792
S_2290,13,92,0.0333
S_2291,16,35,0.0077
S_2292,13,46,0.029
S_2293,16,9,0.043
S_2294,16,67,0.0168
S_2295,13,115,0.0031
S_2296,13,34,0.1242
S_2297,14,111,0.0632
S_2298,15,87,0.0124
S_2299,16,28,0.0572
S_2300,15,79,0.0365
S_2301,6,43,0.0147
S_2302,17,14,0.0814
S_2303,16,11,0.0179
S_2304,18,2,0.0222
S_2305,17,95,0.0235
S_2306,13,106,0.0399
S_2307,11,57,0.007
S_2308,20,62,0.0213
S_2309,18,82,0.0405
S_2310,17,84,0.0462
S_2311,12,38,0.0224
S_2312,11,19,0.0907
S_2313,13,51,0.0086
S_2314,17,83,0.0986
S_2315,7,96,0.0315
S_2316,12,10,0.0846
S_2317,21,70,0.016
S_2318,13,6,0.0942
S_2319,15,98,0.0285
S_2320,14,80,0.0962
S_2321,20,83,0.0382
S_2322,14,91,0.0599
S_2323,9,59,0.0239
S_2324,18,35,0.0823
S_2325,11,94,0.0195
S_2326,10,93,0.071
S_2327,19,16,0.0586
S_2328,17,108,0.0453
S_2329,13,26,0.0649
S_2330,18,36,0.0359
S_2331,17,25,0.0421
S_2332,12,115,0.0271
S_2333,15,35,0.0209
S_2334,14,116,0.1401
S_2335,13,76,0.002
S_2336,15,21,0.1014
S_2337,17,66,0.0868
S_2338,12,105,0.148
S_2339,17,67,0.0593
S_2340,9,15,0.0157
S_2341,15,34,0.0327
S_2342,12,26,0.0319
S_2343,19,15,0.0422
S_2344,10,39,0.046
S_2345,14,79,0.0264
S_2346,12,45,0.0683
S_2347,13,53,0.0232
S_2348,11,38,0.08
S_2349,15,119,0.0241
S_2350,15,70,0.067
S_2351,9,100,0.0269
S_2352,16,52,0.1063
S_2353,10,20,0.0287
S_2354,15,101,0.0434
S_2355,20,91,0.0789
S_2356,12,39,0.0452
S_2357,14,72,0.1211
S_2358,12,11,0.0467
S_2359,12,3,0.1224
S_2360,15,97,0.0728
S_2361,19,113,0.0258
S_2362,14,41,0.0337
S_2363,18,71,0.0589
S_2364,12,86,0.0411
S_2365,18,89,0.0674
S_2366,19,57,0.0229
S_2367,18,73,0.0072
S_2368,17,78,0.0138
S_2369,16,12,0.0839
S_2370,12,77,0.0308
S_2371,10,61,0.0519
S_2372,16,45,0.0216
S_2373,12,31,0.094
S_2374,12,76,0.04
S_2375,10,20,0.0234
S_2376,13,97,0.0469
S_2377,18,20,0.0794
S_2378,17,92,0.0382
S_2379,11,98,0.0183
S_2380,12,112,0.0198
S_2381,9,55,0.0737
S_2382,16,7,0.0405
S_2383,15,81,0.0493
S_2384,15,33,0.0089
S_2385,13,11,0.0283
S_2386,16,102,0.0853
S_2387,14,16,0.0125
S_2388,17,60,0.0179
S_2389,11,94,0.0562
S_2390,17,23,0.0633
S_2391,16,107,0.0802
S_2392,16,39,0.0665
S_2393,14,47,0.0527
S_2394,20,15,0.0481
S_2395,12,77,0.0976
S_2396,21,59,0.011
S_2397,16,116,0.0303
S_2398,18,83,0.0256
S_2399,19,91,0.0781
S_2400,17,23,0.0708
S_2401,20,85,0.073
S_2402,17,66,0.0246
S_2403,17,48,0.1084
S_2404,16,93,0.0345
S_2405,16,117,0.0652
S_2406,18,11,0.0597
S_2407,12,94,0.0555
S_2408,14,110,0.0191
S_2409,16,37,0.1057
S_2410,12,43,0.0224
S_2411,17,95,0.0323
S_2412,14,114,0.0821
S_2413,11,112,0.0139
S_2414,13,6,0.0432
S_2415,17,104,0.0438
S_2416,11,70,0.0064
S_2417,12,50,0.0559
S_2418,16,101,0.0376
S_2419,11,96,0.1169
S_2420,16,61,0.0185
S_2421,8,49,0.0191
S_2422,16,56,0.0679
S_2423,14,38,0.0176
S_2424,19,81,0.0453
S_2425,9,107,0.0512
S_2426,13,30,0.0146
S_2427,16,99,0.0909
S_2428,14,43,0.014
S_2429,13,15,0.0777
S_2430,9,4,0.0782
S_2431,16,57,0.0342
S_2432,21,68,0.111
S_2433,12,0,0.0373
S_2434,15,78,0.0228
S_2435,16,62,0.0444
S_2436,13,119,0.0534
S_2437,14,12,0.0431
S_2438,11,84,0.0665
S_2439,10,26,0.0071
S_2440,19,24,0.0335
S_2441,14,2,0.009
S_2442,16,0,0.0137
S_2443,16,22,0.1098
S_2444,12,21,0.0615
S_2445,11,0,0.0211
S_2446,13,86,0.0101
S_2447,15,60,0.0509
S_2448,12,47,0.0947
S_2449,13,12,0.0663
S_2450,8,40,0.0569
S_2451,14,56,0.0365
S_2452,15,119,0.058
S_2453,14,61,0.0003
S_2454,11,2,0.045
S_2455,12,24,0.1169
S_2456,11,42,0.0273
S_2457,13,54,0.0267
S_2458,12,80,0.0215
S_2459,19,70,0.049
S_2460,20,61,0.0316
S_2461,17,100,0.064
S_2462,15,23,0.07
S_2463,14,9,0.0765
S_2464,12,100,0.0422
S_2465,15,55,0.0196
S_2466,14,66,0.0639
S_2467,11,100,0.0547
S_2468,12,113,0.0058
S_2469,9,66,0.0118
S_2470,11,97,0.1328
S_2471,16,65,0.0775
S_2472,18,3,0.0529
S_2473,16,114,0.0643
S_2474,13,98,0.0838
S_2475,10,90,0.0148
S_2476,11,53,0.0773
S_2477,16,113,0.1417
S_2478,16,58,0.0656
S_2479,13,86,0.0015
S_2480,13,12,0.0389
S_2481,20,26,0.1232
S_2482,9,50,0.0065
S_2483,15,69,0.0961
S_2484,11,96,0.0381
S_2485,11,28,0.0314
S_2486,16,92,0.0196
S_2487,20,106,0.0079
S_2488,16,98,0.0233
S_2489,19,74,0.0783
S_2490,9,97,0.0566
S_2491,16,105,0.0787
S_2492,17,66,0.0283
S_2493,14,97,0.1739
S_2494,17,50,0.0588
S_2495,21,62,0.0158
S_2496,15,6,0.0277
S_2497,13,106,0.0125
S_2498,18,16,0.056
S_2499,18,33,0.017
S_2500,14,38,0.105
S_2501,13,13,0.0716
S_2502,18,110,0.0231
S_2503,13,116,0.0275
S_2504,14,103,0.0449
S_2505,15,41,0.0425
S_2506,14,6,0.0966
S_2507,15,21,0.0239
S_2508,12,92,0.0432
S_2509,16,34,0.0825
S_2510,13,107,0.0836
S_2511,19,100,0.0036
S_2512,15,28,0.0334
S_2513,18,83,0.0128
S_2514,16,53,0.0459
S_2515,18,25,0.0848
S_2516,13,70,0.0389
S_2517,11,100,0.0216
S_2518,12,111,0.0171
S_2519,12,7,0.1199
S_2520,12,50,0.0651
S_2521,11,72,0.0876
S_2522,14,40,0.1186
S_2523,17,38,0.0347
S_2524,11,92,0.0427
S_2525,12,93,0.0262
S_2526,18,87,0.0395
S_2527,10,107,0.0216
S_2528,14,59,0.0489
S_2529,16,94,0.051
S_2530,21,1,0.0107
S_2531,7,118,0.0189
S_2532,11,110,0.0144
S_2533,15,100,0.0461
S_2534,13,70,0.0495
S_2535,6,65,0.0298
S_2536,13,18,0.0463
S_2537,12,6,0.0228
S_2538,10,30,0.0276
S_2539,13,18,0.0184
S_2540,11,67,0.0341
S_2541,12,39,0.0929
S_2542,18,46,0.2137
S_2543,20,3,0.0261
S_2544,12,65,0.0705
S_2545,15,78,0.0667
S_2546,16,40,0.0454
S_2547,12,15,0.0521
S_2548,12,84,0.0238
S_2549,16,15,0.0428
S_2550,14,98,0.0184
S_2551,14,65,0.0319
S_2552,11,28,0.0098
S_2553,11,107,0.0915
S_2554,15,17,0.0483
S_2555,13,72,0.0153
S_2556,15,74,0.1268
S_2557,17,4,0.0222
S_2558,15,73,0.1015
S_2559,13,83,0.0547
S_2560,17,109,0.0345
S_2561,14,85,0.1358
S_2562,18,58,0.0775
S_2563,12,102,0.0263
S_2564,14,42,0.056
S_2565,13,102,0.0385
S_2566,15,101,0.0386
S_2567,15,72,0.0377
S_2568,14,41,0.0769
S_2569,17,70,0.0661
S_2570,16,108,0.0708
S_2571,21,76,0.0135
S_2572,21,100,0.0454
S_2573,12,41,0.0724
S_2574,13,35,0.0921
S_2575,11,30,0.021
S_2576,19,58,0.1531
S_2577,13,51,0.0151
S_2578,15,102,0.0477
S_2579,11,13,0.0187
S_2580,15,66,0.015
S_2581,9,48,0.0796
S_2582,18,112,0.0719
S_2583,20,94,0.0658
S_2584,17,52,0.0608
S_2585,12,76,0.0513
S_2586,16,89,0.0904
S_2587,15,8,0.0588
S_2588,19,80,0.0352
S_2589,17,16,0.0539
S_2590,11,22,0.0824
S_2591,18,55,0.0215
S_2592,14,117,0.0746
S_2593,18,114,0.0072
S_2594,10,108,0.02
S_2595,16,4,0.056
S_2596,14,102,0.0175
S_2597,15,93,0.0662
S_2598,12,59,0.0376
S_2599,16,39,0.0956
S_2600,12,90,0.0119
S_2601,10,12,0.0182
S_2602,12,78,0.0435
S_2603,12,80,0.077
S_2604,14,66,0.0786
S_2605,17,105,0.0418
S_2606,12,39,0.0275
S_2607,17,57,0.0939
S_2608,16,91,0.0272
S_2609,18,86,0.0315
S_2610,13,67,0.0206
S_2611,19,32,0.0014
S_2612,14,35,0.0262
S_2613,17,88,0.0619
S_2614,20,0,0.0236
S_2615,18,78,0.022
S_2616,14,29,0.0616
S_2617,11,80,0.0351
S_2618,12,22,0.0424
S_2619,12,45,0.0336
S_2620,12,90,0.0482
S_2621,14,90,0.0168
S_2622,16,25,0.1068
S_2623,17,45,0.0326
S_2624,17,60,0.0026
S_2625,17,70,0.072
S_2626,14,89,0.0506
S_2627,16,2,0.0273
S_2628,14,13,0.0171
S_2629,15,18,0.0103
S_2630,14,22,0.0424
S_2631,14,3,0.014
S_2632,13,110,0.065
S_2633,9,19,0.0138
S_2634,14,8,0.0492
S_2635,16,56,0.0368
S_2636,17,112,0.0314
S_2637,16,115,0.0748
S_2638,12,81,0.0193
S_2639,13,21,0.0556
S_2640,10,0,0.1599
S_2641,17,40,0.0772
S_2642,12,15,0.0907
S_2643,16,90,0.0467
S_2644,16,116,0.0265
S_2645,12,10,0.116
S_2646,15,47,0.1086
S_2647,20,108,0.0405
S_2648,13,87,0.0128
S_2649,18,104,0.0412
S_2650,15,110,0.1143
S_2651,15,49,0.0335
S_2652,14,83,0.0503
S_2653,17,85,0.009
S_2654,14,75,0.011
S_2655,16,39,0.0624
S_2656,17,99,0.0116
S_2657,18,92,0.0294
S_2658,16,53,0.0086
S_2659,17,50,0.019
S_2660,15,1,0.033
S_2661,13,101,0.0683
S_2662,15,34,0.0321
S_2663,16,56,0.1667
S_2664,16,49,0.0379
S_2665,18,81,0.0699
S_2666,15,46,0.0219
S_2667,10,21,0.0437
S_2668,8,104,0.0961
S_2669,15,22,0.0665
S_2670,18,3,0.0439
S_2671,14,23,0.0351
S_2672,20,54,0.0234
S_2673,15,50,0.0822
S_2674,21,95,0.0136
S_2675,14,23,0.0191
S_2676,19,93,0.0152
S_2677,13,11,0.015
S_2678,18,56,0.0421
S_2679,16,103,0.0629
S_2680,16,49,0.0744
S_2681,16,115,0.0283
S_2682,19,75,0.0518
S_2683,14,90,0.0343
S_2684,15,61,0.0478
S_2685,21,51,0.0317
S_2686,16,10,0.0288
S_2687,18,14,0.0681
S_2688,14,68,0.069
S_2689,13,73,0.072
S_2690,17,118,0.0017
S_2691,15,102,0.0984
S_2692,14,101,0.0326
S_2693,9,34,0.0072
S_2694,9,49,0.0513
S_2695,9,12,0.0266
S_2696,16,69,0.0613
S_2697,11,8,0.0522
S_2698,9,53,0.0142
S_2699,12,67,0.1416
S_2700,9,27,0.0466
S_2701,13,93,0.0685
S_2702,13,80,0.0211
S_2703,16,17,0.0174
S_2704,15,118,0.0207
S_2705,13,65,0.0501
S_2706,16,3,0.0878
S_2707,11,42,0.033
S_2708,13,117,0.0417
S_2709,12,108,0.0156
S_2710,14,18,0.0266
S_2711,8,102,0.1205
S_2712,21,74,0.0541
S_2713,16,2,0.0062
S_2714,16,90,0.0732
S_2715,8,49,0.0259
S_2716,15,47,0.0241
S_2717,14,45,0.0226
S_2718,18,71,0.0259
S_2719,14,85,0.0305
S_2720,13,77,0.0402
S_2721,14,29,0.0543
S_2722,19,84,0.0483
S_2723,10,16,0.1014
S_2724,9,116,0.0958
S_2725,8,56,0.0281
S_2726,18,10,0.1139
S_2727,17,69,0.103
S_2728,11,69,0.0692
S_2729,10,4,0.0442
S_2730,17,1,0.0883
S_2731,10,119,0.0271
S_2732,14,46,0.0303
S_2733,13,29,0.0901
S_2734,21,65,0.0281
S_2735,14,1,0.0285
S_2736,18,1,0.0451
S_2737,16,13,0.1112
S_2738,13,96,0.0158
S_2739,13,29,0.0349
S_2740,15,60,0.029
S_2741,15,26,0.0907
S_2742,13,65,0.0384
S_2743,16,61,0.0856
S_2744,15,48,0.0594
S_2745,12,51,0.1152
S_2746,13,78,0.0623
S_2747,16,101,0.0594
S_2748,11,38,0.0367
S_2749,11,63,0.0449
S_2750,11,102,0.0834
S_2751,13,20,0.0538
S_2752,14,117,0.0282
S_2753,11,90,0.0905
S_2754,14,43,0.0355
S_2755,15,45,0.0616
S_2756,17,24,0.0321
S_2757,17,32,0.0555
S_2758,8,70,0.1285
S_2759,15,0,0.0138
S_2760,9,2,0.0973
S_2761,16,118,0.0438
S_2762,16,28,0.0672
S_2763,11,99,0.0064
S_2764,16,73,0.0266
S_2765,11,53,0.0671
S_2766,14,87,0.0074
S_2767,15,6,0.0317
S_2768,14,90,0.032
S_2769,17,102,0.0974
S_2770,12,33,0.0506
S_2771,16,36,0.0257
S_2772,11,12,0.0409
S_2773,8,102,0.1077
S_2774,9,96,0.0357
S_2775,12,51,0.0675
S_2776,16,45,0.0051
S_2777,16,51,0.0072
S_2778,14,50,0.0068
S_2779,8,51,0.0803
S_2780,20,17,0.0374
S_2781,10,1,0.0461
S_2782,16,91,0.1098
S_2783,13,41,0.0482
S_2784,16,58,0.0676
S_2785,18,36,0.012
S_2786,15,45,0.0329
S_2787,17,8,0.0694
S_2788,21,44,0.0236
S_2789,18,55,0.0465
S_2790,10,99,0.1604
S_2791,6,38,0.0176
S_2792,16,10,0.0255
S_2793,13,91,0.042
S_2794,17,45,0.0715
S_2795,7,109,0.0949
S_2796,18,115,0.0599
S_2797,14,104,0.0403
S_2798,21,27,0.0266
S_2799,14,30,0.016
S_2800,16,95,0.044
S_2801,13,53,0.0472
S_2802,13,35,0.0112
S_2803,15,35,0.0201
S_2804,14,69,0.0143
S_2805,13,107,0.0507
S_2806,16,74,0.0554
S_2807,13,74,0.0937
S_2808,16,89,0.0206
S_2809,10,91,0.0469
S_2810,15,109,0.0698
S_2811,14,19,0.03
S_2812,8,118,0.085
S_2813,11,39,0.0197
S_2814,7,33,0.0369
S_2815,15,61,0.0583
S_2816,12,31,0.0176
S_2817,14,27,0.0138
S_2818,18,116,0.0529
S_2819,14,12,0.0228
S_2820,15,118,0.1385
S_2821,13,74,0.0385
S_2822,12,115,0.0203
S_2823,10,107,0.0601
S_2824,17,77,0.0185
S_2825,19,70,0.0603
S_2826,18,119,0.0658
S_2827,11,61,0.0081
S_2828,18,21,0.0389
S_2829,14,119,0.0044
S_2830,19,38,0.0715
S_2831,16,10,0.013
S_2832,15,86,0.0191
S_2833,16,53,0.0256
S_2834,9,46,0.0396
S_2835,11,75,0.0228
S_2836,13,6,0.0308
S_2837,13,83,0.0567
S_2838,15,60,0.0092
S_2839,13,58,0.0636
S_2840,13,108,0.0153
S_2841,18,99,0.0136
S_2842,19,63,0.0712
S_2843,16,69,0.0282
S_2844,12,96,0.0748
S_2845,16,49,0.132
S_2846,18,80,0.0488
S_2847,14,64,0.0343
S_2848,19,59,0.0619
S_2849,20,118,0.0351
S_2850,17,2,0.0622
S_2851,16,49,0.0347
S_2852,16,111,0.0855
S_2853,16,111,0.105
S_2854,16,89,0.0296
S_2855,11,71,0.0193
S_2856,18,82,0.0495
S_2857,15,30,0.0806
S_2858,21,58,0.0106
S_2859,21,64,0.0501
S_2860,14,7,0.063
S_2861,15,103,0.1108
S_2862,13,54,0.0614
S_2863,12,107,0.0092
S_2864,14,46,0.0169
S_2865,15,49,0.0653
S_2866,11,29,0.0826
S_2867,11,77,0.0562
S_2868,6,65,0.0535
S_2869,11,109,0.0736
S_2870,17,51,0.0127
S_2871,19,77,0.0501
S_2872,9,84,0.0517
S_2873,10,38,0.1032
S_2874,18,105,0.0318
S_2875,12,45,0.021
S_2876,13,76,0.0757
S_2877,12,73,0.0344
S_2878,17,50,0.0281
S_2879,20,22,0.0353
S_2880,15,71,0.0341
S_2881,13,45,0.0719
S_2882,14,45,0.0527
S_2883,17,59,0.0247
S_2884,16,81,0.0254
S_2885,14,87,0.0351
S_2886,14,51,0.2125
S_2887,12,14,0.0546
S_2888,12,95,0.0217
S_2889,10,80,0.0344
S_2890,18,96,0.0451
S_2891,8,37,0.0056
S_2892,15,109,0.0196
S_2893,14,31,0.0425
S_2894,14,34,0.0442
S_2895,13,64,0.0163
S_2896,14,119,0.0084
S_2897,20,24,0.128
S_2898,15,100,0.0484
S_2899,15,0,0.0888
S_2900,15,28,0.0054
S_2901,12,41,0.0303
S_2902,13,77,0.0786
S_2903,16,13,0.0828
S_2904,12,15,0.0387
S_2905,14,17,0.0433
S_2906,18,79,0.0595
S_2907,12,13,0.1025
S_2908,14,47,0.0364
S_2909,14,18,0.0137
S_2910,16,45,0.0328
S_2911,15,85,0.0178
S_2912,12,33,0.0225
S_2913,13,74,0.0516
S_2914,13,29,0.0379
S_2915,12,88,0.0739
S_2916,9,93,0.1053
S_2917,15,37,0.013
S_2918,12,2,0.036
S_2919,16,15,0.0947
S_2920,15,58,0.0465
S_2921,13,45,0.0085
S_2922,13,41,0.0476
S_2923,11,69,0.0584
S_2924,15,19,0.076
S_2925,14,54,0.029
S_2926,13,24,0.067
S_2927,9,117,0.0606
S_2928,14,5,0.0391
S_2929,14,1,0.0414
S_2930,18,67,0.0366
S_2931,15,7,0.1639
S_2932,18,97,0.0319
S_2933,13,98,0.0161
S_2934,14,51,0.0709
S_2935,11,100,0.0227
S_2936,14,88,0.0176
S_2937,17,16,0.0281
S_2938,17,103,0.0869
S_2939,15,104,0.0542
S_2940,10,38,0.0338
S_2941,10,92,0.0555
S_2942,14,107,0.057
S_2943,12,89,0.0356
S_2944,16,11,0.0332
S_2945,16,11,0.0283
S_2946,16,117,0.0153
S_2947,13,64,0.0783
S_2948,15,77,0.0419
S_2949,16,109,0.081
S_2950,13,0,0.0279
S_2951,14,51,0.0168
S_2952,15,67,0.0532
S_2953,11,0,0.0384
S_2954,13,74,0.0111
S_2955,13,102,0.0579
S_2956,17,6,0.0472
S_2957,13,96,0.0815
S_2958,15,117,0.034
S_2959,16,110,0.0325
S_2960,12,64,0.0224
S_2961,17,103,0.0089
S_2962,17,92,0.0197
S_2963,8,98,0.0519
S_2964,16,47,0.0407
S_2965,18,57,0.137
S_2966,13,28,0.0377
S_2967,16,6,0.0154
S_2968,11,71,0.0283
S_2969,10,37,0.0446
S_2970,13,60,0.0299
S_2971,12,115,0.0944
S_2972,16,7,0.0961
S_2973,15,104,0.0115
S_2974,20,10,0.0562
S_2975,17,78,0.0307
S_2976,13,41,0.0398
S_2977,15,12,0.0731
S_2978,15,90,0.0201
S_2979,16,83,0.0101
S_2980,8,76,0.0485
S_2981,13,115,0.103
S_2982,18,2,0.055
S_2983,16,52,0.0116
S_2984,15,67,0.0242
S_2985,13,42,0.0656
S_2986,14,80,0.0531
S_2987,15,107,0.0404
S_2988,12,83,0.0056
S_2989,15,68,0.0339
S_2990,15,88,0.0181
S_2991,13,13,0.0301
S_2992,13,75,0.0373
S_2993,11,48,0.0576
S_2994,18,38,0.025
S_2995,16,60,0.0615
S_2996,15,96,0.1036
S_2997,16,49,0.0268
S_2998,6,84,0.0337
S_2999,20,70,0.0715
S_3000,7,109,0.0369
S_3001,17,53,0.0458
S_3002,15,98,0.0913
S_3003,11,101,0.0254
S_3004,15,55,0.0106
S_3005,16,58,0.0487
S_3006,13,40,0.0726
S_3007,18,59,0.0627
S_3008,10,29,0.0757
S_3009,11,102,0.0633
S_3010,11,29,0.0154
S_3011,10,30,0.0221
S_3012,15,107,0.0316
S_3013,19,63,0.0158
S_3014,17,12,0.0523
S_3015,14,41,0.0097
S_3016,19,84,0.0078
S_3017,18,48,0.0908
S_3018,12,50,0.0412
S_3019,14,59,0.0498
S_3020,15,26,0.0844
S_3021,12,50,0.0528
S_3022,12,25,0.1232
S_3023,17,42,0.122
S_3024,17,63,0.0149
S_3025,11,83,0.0641
S_3026,16,76,0.0168
S_3027,16,69,0.0303
S_3028,11,71,0.0359
S_3029,15,61,0.0399
S_3030,16,73,0.0293
S_3031,16,45,0.017
S_3032,14,107,0.0608
S_3033,15,70,0.0064
S_3034,15,112,0.0431
S_3035,15,48,0.0706
S_3036,17,47,0.0246
S_3037,12,115,0.075
S_3038,12,87,0.0344
S_3039,11,62,0.0363
S_3040,17,86,0.067
S_3041,14,47,0.0352
S_3042,13,91,0.0503
S_3043,18,25,0.0559
S_3044,14,114,0.0524
S_3045,8,55,0.0699
S_3046,12,11,0.035
S_3047,15,101,0.0396
S_3048,16,107,0.0317
S_3049,12,87,0.0325
S_3050,13,75,0.025
S_3051,13,111,0.0191
S_3052,16,74,0.0816
S_3053,18,94,0.0478
S_3054,12,56,0.0738
S_3055,19,87,0.0305
S_3056,15,119,0.015
S_3057,14,45,0.0633
S_3058,14,86,0.1174
S_3059,11,17,0.054
S_3060,12,76,0.0152
S_3061,11,38,0.0982
S_3062,11,103,0.0869
S_3063,16,43,0.0165
S_3064,21,53,0.0339
S_3065,12,117,0.0485
S_3066,14,25,0.0654
S_3067,17,67,0.0226
S_3068,11,103,0.0318
S_3069,10,37,0.0121
S_3070,9,1,0.03
S_3071,15,107,0.0556
S_3072,12,74,0.0142
S_3073,10,27,0.0579
S_3074,12,33,0.1102
S_3075,17,95,0.1319
S_3076,13,77,0.0524
S_3077,17,87,0.0329
S_3078,16,69,0.0607
S_3079,15,94,0.0668
S_3080,14,98,0.0116
S_3081,16,46,0.0381
S_3082,15,108,0.0757
S_3083,15,60,0.0912
S_3084,8,19,0.0604
S_3085,13,26,0.0118
S_3086,10,88,0.0905
S_3087,11,45,0.0117
S_3088,17,31,0.1542
S_3089,14,72,0.0545
S_3090,19,93,0.0265
S_3091,16,13,0.0438
S_3092,12,53,0.0068
S_3093,13,92,0.0491
S_3094,16,108,0.0829
S_3095,16,1,0.0219
S_3096,17,78,0.0565
S_3097,8,71,0.0572
S_3098,10,62,0.1203
S_3099,12,19,0.0506
S_3100,16,89,0.071
S_3101,17,47,0.0132
S_3102,6,28,0.047
S_3103,12,102,0.0609
S_3104,16,36,0.019
S_3105,11,23,0.1138
S_3106,15,37,0.0571
S_3107,16,21,0.0214
S_3108,13,93,0.0282
S_3109,15,21,0.0272
S_3110,14,86,0.0231
S_3111,16,19,0.0205
S_3112,14,27,0.1004
S_3113,9,41,0.0717
S_3114,16,114,0.0423
S_3115,14,109,0.0066
S_3116,16,10,0.0169
S_3117,12,40,0.0073
S_3118,14,41,0.0692
S_3119,13,25,0.0336
S_3120,17,52,0.0171
S_3121,16,89,0.1078
S_3122,19,11,0.0298
S_3123,14,80,0.0245
S_3124,11,31,0.0105
S_3125,11,77,0.0403
S_3126,17,81,0.0628
S_3127,18,87,0.0097
S_3128,10,103,0.1036
S_3129,13,107,0.081
S_3130,11,91,0.0497
S_3131,20,57,0.0357
S_3132,16,5,0.0128
S_3133,12,112,0.0619
S_3134,12,72,0.0114
S_3135,19,64,0.0053
S_3136,16,28,0.0053
S_3137,14,82,0.0713
S_3138,13,119,0.116
S_3139,13,39,0.044
S_3140,10,95,0.1114
S_3141,12,34,0.0319
S_3142,13,58,0.0988
S_3143,14,25,0.1212
S_3144,14,61,0.0762
S_3145,17,55,0.0255
S_3146,12,4,0.1283
S_3147,19,45,0.0631
S_3148,14,7,0.0217
S_3149,15,54,0.0435
S_3150,18,117,0.0657
S_3151,16,35,0.0949
S_3152,17,61,0.0591
S_3153,13,15,0.0247
S_3154,14,18,0.0125
S_3155,17,42,0.0198
S_3156,17,58,0.0525
S_3157,15,84,0.0512
S_3158,17,54,0.0746
S_3159,12,2,0.0097
S_3160,16,32,0.1143
S_3161,17,2,0.007
S_3162,14,110,0.0394
S_3163,15,3,0.0288
S_3164,8,5,0.0996
S_3165,19,35,0.0587
S_3166,16,75,0.125
S_3167,16,42,0.1076
S_3168,15,7,0.0095
S_3169,16,100,0.0083
S_3170,16,84,0.071
S_3171,19,47,0.0137
S_3172,21,81,0.0142
S_3173,18,32,0.0611
S_3174,18,63,0.0823
S_3175,13,105,0.0701
S_3176,14,12,0.0744
S_3177,16,101,0.0447
S_3178,16,94,0.0096
S_3179,16,113,0.035
S_3180,12,61,0.0385
S_3181,13,32,0.0214
S_3182,13,42,0.09
S_3183,16,76,0.0907
S_3184,14,16,0.0611
S_3185,14,42,0.0067
S_3186,14,87,0.0243
S_3187,16,68,0.0632
S_3188,18,7,0.0507
S_3189,12,59,0.0187
S_3190,17,62,0.0663
S_3191,12,84,0.0438
S_3192,16,1,0.0432
S_3193,11,51,0.0859
S_3194,19,106,0.0424
S_3195,14,3,0.0435
S_3196,15,80,0.0357
S_3197,15,26,0.099
S_3198,19,46,0.0451
S_3199,13,106,0.0275
S_3200,14,43,0.0335
S_3201,15,65,0.059
S_3202,17,10,0.0339
S_3203,12,38,0.0288
S_3204,8,16,0.0977
S_3205,11,67,0.0596
S_3206,17,55,0.0327
S_3207,15,31,0.0369
S_3208,14,119,0.03
S_3209,12,18,0.0049
S_3210,15,99,0.0245
S_3211,16,4,0.0304
S_3212,14,101,0.0525
S_3213,18,57,0.0623
S_3214,17,99,0.0354
S_3215,14,89,0.0165
S_3216,17,68,0.0297
S_3217,15,44,0.0565
S_3218,15,79,0.0812
S_3219,14,99,0.019
S_3220,15,60,0.0239
S_3221,10,49,0.0478
S_3222,12,17,0.0145
S_3223,18,107,0.0638
S_3224,14,32,0.0715
S_3225,11,14,0.0069
S_3226,19,7,0.0252
S_3227,14,90,0.0642
S_3228,16,80,0.0522
S_3229,13,14,0.0836
S_3230,17,63,0.0027
S_3231,15,18,0.0437
S_3232,9,46,0.0309
S_3233,21,93,0.0465
S_3234,13,27,0.0058
S_3235,14,3,0.0517
S_3236,11,23,0.0092
S_3237,9,48,0.0181
S_3238,18,29,0.0162
S_3239,15,86,0.086
S_3240,9,94,0.1035
S_3241,13,28,0.0192
S_3242,16,32,0.0248
S_3243,16,67,0.0693
S_3244,12,90,0.043
S_3245,13,115,0.0389
S_3246,12,36,0.0332
S_3247,13,109,0.0168
S_3248,15,21,0.0192
S_3249,17,4,0.0548
S_3250,15,95,0.0825
S_3251,15,57,0.079
S_3252,14,9,0.0307
S_3253,11,8,0.0325
S_3254,14,1,0.0297
S_3255,13,36,0.0069
S_3256,12,88,0.0691
S_3257,15,79,0.0795
S_3258,10,119,0.0495
S_3259,13,71,0.057
S_3260,12,13,0.0297
S_3261,12,117,0.0968
S_3262,16,83,0.0132
S_3263,15,44,0.0446
S_3264,16,29,0.0577
S_3265,16,26,0.0075
S_3266,12,114,0.0765
S_3267,18,50,0.045
S_3268,13,58,0.1889
S_3269,18,100,0.0588
S_3270,13,115,0.0436
S_3271,11,0,0.0589
S_3272,11,118,0.0453
S_3273,17,9,0.002
S_3274,16,100,0.0194
S_3275,12,114,0.0289
S_3276,15,67,0.0429
S_3277,17,66,0.0651
S_3278,19,80,0.0278
S_3279,15,42,0.0397
S_3280,15,19,0.0307
S_3281,14,7,0.047
S_3282,15,105,0.0526
S_3283,16,65,0.0227
S_3284,11,83,0.0948
S_3285,16,39,0.0321
S_3286,13,96,0.0845
S_3287,12,41,0.0471
S_3288,12,3,0.0831
S_3289,20,40,0.0383
S_3290,18,102,0.0157
S_3291,12,105,0.1126
S_3292,15,112,0.0135
S_3293,15,59,0.062
S_3294,20,114,0.0744
S_3295,13,59,0.0457
S_3296,8,18,0.0068
S_3297,14,60,0.0313
S_3298,14,104,0.0162
S_3299,16,94,0.0368
S_3300,17,52,0.0358
S_3301,18,25,0.03
S_3302,18,69,0.1046
S_3303,16,111,0.0538
S_3304,18,21,0.077
S_3305,10,99,0.0393
S_3306,14,17,0.0149
S_3307,15,110,0.0702
S_3308,16,83,0.0198
S_3309,13,13,0.0545
S_3310,12,24,0.0732
S_3311,13,111,0.0816
S_3312,16,60,0.0918
S_3313,4,54,0.0113
S_3314,14,6,0.0532
S_3315,12,10,0.0336
S_3316,12,82,0.0077
S_3317,15,93,0.0442
S_3318,15,104,0.0827
S_3319,15,60,0.0548
S_3320,15,39,0.0278
S_3321,19,75,0.0284
S_3322,18,74,0.0326
S_3323,10,4,0.0459
S_3324,13,112,0.0308
S_3325,13,77,0.0654
S_3326,10,0,0.0135
S_3327,21,115,0.0748
S_3328,15,114,0.0796
S_3329,11,113,0.0502
S_3330,18,106,0.0233
S_3331,15,22,0.0689
S_3332,12,117,0.0485
S_3333,17,91,0.0305
S_3334,17,76,0.088
S_3335,17,113,0.0357
S_3336,16,45,0.0337
S_3337,12,111,0.0545
S_3338,10,72,0.1249
S_3339,11,69,0.0928
S_3340,13,77,0.0609
S_3341,9,90,0.0589
S_3342,20,53,0.0086
S_3343,12,117,0.0123
S_3344,14,10,0.0566
S_3345,15,109,0.0236
S_3346,18,78,0.0372
S_3347,16,109,0.0091
S_3348,15,44,0.0835
S_3349,21,99,0.0329
S_3350,19,73,0.0466
S_3351,16,99,0.0815
S_3352,15,39,0.025
S_3353,14,110,0.0558
S_3354,17,110,0.0607
S_3355,13,56,0.011
S_3356,12,48,0.0093
S_3357,19,69,0.062
S_3358,12,24,0.0404
S_3359,14,59,0.0442
S_3360,13,107,0.0048
S_3361,14,43,0.0642
S_3362,15,88,0.0333
S_3363,15,74,0.0558
S_3364,12,31,0.0304
S_3365,13,63,0.0307
S_3366,16,102,0.0196
S_3367,15,66,0.0764
S_3368,16,83,0.0777
S_3369,17,93,0.0341
S_3370,16,5,0.0037
S_3371,13,6,0.0376
S_3372,15,13,0.0089
S_3373,15,19,0.0317
S_3374,10,97,0.0363
S_3375,9,52,0.0091
S_3376,16,22,0.012
S_3377,13,63,0.048
S_3378,13,91,0.0202
S_3379,15,16,0.0346
S_3380,15,41,0.127
S_3381,14,23,0.0891
S_3382,19,77,0.031
S_3383,14,16,0.0512
S_3384,15,93,0.0337
S_3385,13,24,0.0437
S_3386,18,7,0.0943
S_3387,16,109,0.0471
S_3388,20,39,0.0328
S_3389,15,60,0.0631
S_3390,15,12,0.0308
S_3391,14,57,0.0863
S_3392,19,26,0.0408
S_3393,16,100,0.0144
S_3394,14,85,0.0759
S_3395,12,79,0.0714
S_3396,8,93,0.0034
S_3397,15,35,0.0348
S_3398,14,54,0.0856
S_3399,5,10,0.0298
S_3400,13,8,0.0671
S_3401,11,39,0.0806
S_3402,20,98,0.0306
S_3403,14,71,0.0618
S_3404,18,50,0.0322
S_3405,16,116,0.0944
S_3406,18,53,0.0888
S_3407,21,56,0.0514
S_3408,17,119,0.04
S_3409,21,15,0.0341
S_3410,16,30,0.0347
S_3411,18,54,0.0285
S_3412,13,68,0.0817
S_3413,10,17,0.0403
S_3414,7,39,0.0414
S_3415,17,26,0.059
S_3416,13,101,0.1242
S_3417,13,100,0.0468
S_3418,13,28,0.1425
S_3419,12,52,0.086
S_3420,19,78,0.0371
S_3421,12,5,0.0117
S_3422,16,106,0.0755
S_3423,16,61,0.0441
S_3424,10,27,0.0863
S_3425,16,47,0.0463
S_3426,11,108,0.0829
S_3427,14,2,0.0497
S_3428,13,17,0.0638
S_3429,15,23,0.0781
S_3430,16,7,0.0462
S_3431,12,27,0.1045
S_3432,13,98,0.0371
S_3433,10,63,0.0314
S_3434,11,72,0.0296
S_3435,17,18,0.0111
S_3436,13,33,0.1328
S_3437,17,110,0.0615
S_3438,12,25,0.0208
S_3439,12,108,0.0599
S_3440,18,79,0.0323
S_3441,15,60,0.0156
S_3442,10,20,0.016
S_3443,13,80,0.0823
S_3444,17,106,0.0292
S_3445,14,19,0.1268
S_3446,18,0,0.0567
S_3447,11,88,0.0799
S_3448,18,72,0.0443
S_3449,11,60,0.0811
S_3450,15,54,0.0199
S_3451,17,59,0.078
S_3452,15,44,0.0953
S_3453,16,9,0.0103
S_3454,18,93,0.0824
S_3455,16,56,0.0598
S_3456,14,98,0.0392
S_3457,14,117,0.0905
S_3458,12,20,0.0018
S_3459,11,95,0.0459
S_3460,18,117,0.0287
S_3461,16,86,0.009
S_3462,19,29,0.0508
S_3463,16,107,0.0874
S_3464,13,95,0.1283
S_3465,11,53,0.0438
S_3466,13,68,0.0562
S_3467,17,86,0.0447
S_3468,12,14,0.0786
S_3469,18,111,0.0185
S_3470,13,118,0.0419
S_3471,11,39,0.0705
S_3472,14,85,0.0771
S_3473,15,50,0.0885
S_3474,20,3,0.0259
S_3475,15,115,0.0153
S_3476,13,17,0.0944
S_3477,19,8,0.0551
S_3478,18,100,0.0097
S_3479,14,4,0.0179
S_3480,10,82,0.079
S_3481,13,111,0.0383
S_3482,17,48,0.0166
S_3483,18,8,0.0096
S_3484,15,26,0.0266
S_3485,14,113,0.1302
S_3486,13,55,0.0417
S_3487,17,64,0.1161
S_3488,11,18,0.0404
S_3489,13,110,0.0614
S_3490,19,62,0.0226
S_3491,17,63,0.0508
S_3492,19,69,0.1004
S_3493,13,92,0.0384
S_3494,11,24,0.0687
S_3495,19,113,0.0461
S_3496,17,21,0.0092
S_3497,18,23,0.0392
S_3498,17,1,0.0203
S_3499,20,2,0.0198
S_3500,17,51,0.086
S_3501,15,21,0.038
S_3502,15,25,0.0163
S_3503,15,118,0.0428
S_3504,19,111,0.0045
S_3505,18,38,0.058
S_3506,19,41,0.1139
S_3507,8,35,0.0486
S_3508,14,105,0.0636
S_3509,12,11,0.0332
S_3510,20,70,0.0288
S_3511,12,22,0.0462
S_3512,16,90,0.0173
S_3513,21,75,0.0035
S_3514,16,46,0.042
S_3515,13,11,0.0184
S_3516,15,92,0.0187
S_3517,11,9,0.0012
S_3518,10,32,0.0469
S_3519,16,30,0.043
S_3520,7,69,0.0756
S_3521,14,61,0.0973
S_3522,14,33,0.0865
S_3523,20,51,0.052
S_3524,16,52,0.029
S_3525,14,68,0.0391
S_3526,17,107,0.0412
S_3527,15,17,0.0401
S_3528,11,66,0.0493
S_3529,15,2,0.0318
S_3530,15,83,0.0225
S_3531,15,76,0.0178
S_3532,16,83,0.046
S_3533,18,56,0.0231
S_3534,16,22,0.012
S_3535,11,53,0.0456
S_3536,10,2,0.031
S_3537,13,45,0.0662
S_3538,13,100,0.0206
S_3539,16,40,0.1392
S_3540,19,71,0.011
S_3541,19,31,0.0119
S_3542,13,16,0.0176
S_3543,9,62,0.0602
S_3544,15,4,0.0737
S_3545,18,108,0.023
S_3546,13,93,0.036
S_3547,15,119,0.0878
S_3548,14,119,0.0306
S_3549,19,87,0.0221
S_3550,21,93,0.1367
S_3551,17,63,0.0589
S_3552,17,26,0.0344
S_3553,10,97,0.0885
S_3554,13,32,0.1045
S_3555,17,77,0.0446
S_3556,16,87,0.0398
S_3557,16,67,0.0458
S_3558,9,79,0.0642
S_3559,8,35,0.1442
S_3560,20,91,0.0139
S_3561,14,113,0.0453
S_3562,9,58,0.0021
S_3563,14,14,0.063
S_3564,10,74,0.0362
S_3565,11,40,0.139
S_3566,12,50,0.0225
S_3567,10,18,0.1169
S_3568,4,75,0.0657
S_3569,17,94,0.0692
S_3570,13,91,0.0691
S_3571,17,119,0.0315
S_3572,15,25,0.0886
S_3573,9,109,0.0403
S_3574,14,87,0.1072
S_3575,19,84,0.0148
S_3576,14,82,0.0817
S_3577,12,64,0.1446
S_3578,10,45,0.0783
S_3579,13,113,0.0206
S_3580,11,18,0.0695
S_3581,13,21,0.0504
S_3582,8,2,0.0091
S_3583,11,88,0.0143
S_3584,16,107,0.068
S_3585,15,22,0.02
S_3586,14,4,0.0066
S_3587,11,29,0.0151
S_3588,19,106,0.0584
S_3589,21,1,0.0575
S_3590,11,12,0.0358
S_3591,17,2,0.126
S_3592,11,113,0.0425
S_3593,16,16,0.0598
S_3594,7,108,0.0068
S_3595,13,56,0.0339
S_3596,15,47,0.0351
S_3597,16,51,0.1489
S_3598,11,50,0.0769
S_3599,16,41,0.026
S_3600,14,97,0.0296
S_3601,10,60,0.0477
S_3602,11,118,0.039
S_3603,19,62,0.0981
S_3604,15,98,0.0194
S_3605,13,89,0.0202
S_3606,10,48,0.0523
S_3607,13,94,0.0319
S_3608,15,18,0.0044
S_3609,16,24,0.0127
S_3610,15,74,0.0536
S_3611,12,85,0.0164
S_3612,9,77,0.0443
S_3613,14,61,0.009
S_3614,14,16,0.0451
S_3615,12,44,0.0057
S_3616,14,72,0.0369
S_3617,15,27,0.0524
S_3618,15,76,0.0561
S_3619,17,28,0.0614
S_3620,7,11,0.0605
S_3621,16,38,0.0406
S_3622,10,32,0.1353
S_3623,11,97,0.0084
S_3624,18,58,0.1319
S_3625,11,7,0.0574
S_3626,17,97,0.0657
S_3627,13,32,0.0479
S_3628,19,68,0.0247
S_3629,10,64,0.0466
S_3630,14,116,0.0616
S_3631,6,30,0.2328
S_3632,15,17,0.0546
S_3633,10,31,0.0538
S_3634,14,69,0.0173
S_3635,12,26,0.03
S_3636,20,40,0.0122
S_3637,13,78,0.1068
S_3638,20,13,0.0183
S_3639,11,113,0.039
S_3640,4,63,0.0814
S_3641,17,58,0.0322
S_3642,11,43,0.02
S_3643,18,29,0.071
S_3644,14,58,0.0104
S_3645,16,58,0.0839
S_3646,17,6,0.0849
S_3647,21,101,0.0013
S_3648,18,98,0.1129
S_3649,15,53,0.0855
S_3650,17,40,0.05
S_3651,17,59,0.0709
S_3652,16,26,0.0163
S_3653,21,0,0.0712
S_3654,14,42,0.1147
S_3655,15,2,0.0392
S_3656,13,4,0.0414
S_3657,21,3,0.0429
S_3658,14,105,0.0259
S_3659,16,17,0.0501
S_3660,12,30,0.0258
S_3661,13,58,0.0409
S_3662,18,63,0.0486
S_3663,14,14,0.0235
S_3664,18,109,0.0561
S_3665,17,27,0.0065
S_3666,14,113,0.0987
S_3667,12,30,0.0488
S_3668,15,0,0.0839
S_3669,15,116,0.0352
S_3670,15,58,0.1225
S_3671,15,105,0.0823
S_3672,12,88,0.0521
S_3673,16,21,0.038
S_3674,16,101,0.1221
S_3675,12,6,0.0375
S_3676,13,60,0.1001
S_3677,14,30,0.0176
S_3678,13,43,0.0063
S_3679,12,90,0.0065
S_3680,18,82,0.078
S_3681,17,52,0.0682
S_3682,16,5,0.0688
S_3683,11,4,0.0207
S_3684,20,84,0.024
S_3685,15,113,0.0434
S_3686,14,101,0.0939
S_3687,17,14,0.0675
S_3688,14,14,0.0448
S_3689,6,73,0.0636
S_3690,15,78,0.1263
S_3691,18,73,0.0184
S_3692,16,106,0.013
S_3693,9,27,0.0737
S_3694,17,20,0.019
S_3695,15,109,0.0773
S_3696,16,86,0.0471
S_3697,10,85,0.0324
S_3698,13,40,0.0832
S_3699,11,75,0.0257
S_3700,17,87,0.0337
S_3701,16,72,0.0157
S_3702,13,88,0.0324
S_3703,12,70,0.0342
S_3704,14,117,0.0669
S_3705,15,59,0.0827
S_3706,17,1,0.019
S_3707,12,19,0.0776
S_3708,16,115,0.0337
S_3709,13,56,0.0648
S_3710,6,14,0.086
S_3711,13,18,0.0266
S_3712,16,3,0.0796
S_3713,12,27,0.0866
S_3714,16,118,0.1142
S_3715,17,39,0.0426
S_3716,18,30,0.0437
S_3717,11,80,0.0733
S_3718,18,80,0.0366
S_3719,15,116,0.0291
S_3720,10,87,0.0804
S_3721,14,13,0.0352
S_3722,14,118,0.0482
S_3723,13,90,0.1359
S_3724,11,31,0.1015
S_3725,15,31,0.0507
S_3726,14,115,0.0444
S_3727,13,23,0.1169
S_3728,12,27,0.0761
S_3729,9,43,0.093
S_3730,19,81,0.1422
S_3731,14,51,0.0349
S_3732,17,37,0.0873
S_3733,18,32,0.0045
S_3734,18,15,0.0411
S_3735,17,65,0.0259
S_3736,15,32,0.0273
S_3737,9,39,0.0167
S_3738,19,0,0.0422
S_3739,11,63,0.065
S_3740,19,83,0.0195
S_3741,14,111,0.1713
S_3742,17,23,0.0224
S_3743,17,110,0.108
S_3744,16,43,0.0429
S_3745,16,96,0.0385
S_3746,14,107,0.1083
S_3747,15,115,0.0222
S_3748,15,39,0.0497
S_3749,15,31,0.03
S_3750,14,52,0.0552
S_3751,11,66,0.0428
S_3752,13,82,0.0232
S_3753,16,83,0.0601
S_3754,14,13,0.0655
S_3755,15,73,0.0255
S_3756,13,20,0.0668
S_3757,16,85,0.0339
S_3758,16,117,0.0238
S_3759,8,92,0.0042
S_3760,10,83,0.0302
S_3761,14,9,0.0464
S_3762,16,22,0.0396
S_3763,15,42,0.0425
S_3764,14,112,0.0497
S_3765,17,39,0.0133
S_3766,16,97,0.0489
S_3767,14,12,0.0357
S_3768,14,79,0.0473
S_3769,11,93,0.0657
S_3770,15,65,0.0507
S_3771,16,92,0.0381
S_3772,12,86,0.0229
S_3773,15,57,0.0875
S_3774,16,103,0.0326
S_3775,17,40,0.0148
S_3776,14,51,0.0325
S_3777,12,64,0.0346
S_3778,13,15,0.0581
S_3779,15,61,0.0379
S_3780,15,38,0.0808
S_3781,10,30,0.0203
S_3782,13,69,0.0323
S_3783,11,39,0.0169
S_3784,15,102,0.0374
S_3785,16,49,0.0608
S_3786,18,49,0.0694
S_3787,18,117,0.1182
S_3788,16,40,0.0471
S_3789,13,15,0.0558
S_3790,13,105,0.0783
S_3791,16,110,0.0519
S_3792,17,27,0.0673
S_3793,11,105,0.0818
S_3794,21,59,0.0808
S_3795,16,5,0.0192
S_3796,17,65,0.0395
S_3797,16,101,0.0766
S_3798,11,47,0.0242
S_3799,13,66,0.0404
S_3800,12,16,0.0617
S_3801,9,101,0.1029
S_3802,11,12,0.0418
S_3803,20,11,0.0082
S_3804,14,112,0.0411
S_3805,17,104,0.0164
S_3806,13,68,0.0291
S_3807,12,12,0.0413
S_3808,19,65,0.1102
S_3809,14,110,0.0249
S_3810,14,73,0.0488
S_3811,15,23,0.0954
S_3812,16,108,0.0644
S_3813,13,103,0.0296
S_3814,8,65,0.0369
S_3815,18,102,0.0966
S_3816,16,6,0.0691
S_3817,12,55,0.0581
S_3818,14,21,0.0715
S_3819,18,100,0.0826
S_3820,19,116,0.1002
S_3821,14,111,0.0756
S_3822,19,60,0.0456
S_3823,15,61,0.0279
S_3824,12,108,0.0503
S_3825,13,86,0.0327
S_3826,20,8,0.026
S_3827,16,15,0.0477
S_3828,12,114,0.0288
S_3829,18,43,0.042
S_3830,18,22,0.0923
S_3831,13,88,0.0453
S_3832,16,105,0.003
S_3833,19,24,0.0759
S_3834,11,30,0.0438
S_3835,9,107,0.0151
S_3836,12,1,0.0406
S_3837,9,108,0.0105
S_3838,11,4,0.0319
S_3839,18,11,0.0312
S_3840,12,103,0.0236
S_3841,14,29,0.0245
S_3842,17,26,0.0989
S_3843,18,101,0.0357
S_3844,16,65,0.0198
S_3845,8,42,0.0183
S_3846,14,85,0.0336
S_3847,17,97,0.009
S_3848,15,103,0.0541
S_3849,16,14,0.0202
S_3850,12,69,0.0449
S_3851,15,81,0.0116
S_3852,16,13,0.0665
S_3853,19,73,0.0652
S_3854,13,3,0.0343
S_3855,13,40,0.012
S_3856,19,20,0.0397
S_3857,13,67,0.0422
S_3858,15,22,0.0785
S_3859,15,94,0.0096
S_3860,14,14,0.0087
S_3861,20,90,0.0292
S_3862,14,11,0.0194
S_3863,17,53,0.0306
S_3864,13,83,0.0136
S_3865,20,19,0.0122
S_3866,12,90,0.0302
S_3867,16,114,0.0067
S_3868,7,44,0.0539
S_3869,14,0,0.0377
S_3870,16,57,0.0436
S_3871,10,108,0.0552
S_3872,13,79,0.1006
S_3873,21,84,0.0881
S_3874,11,95,0.1122
S_3875,15,108,0.043
S_3876,10,14,0.1806
S_3877,11,70,0.0415
S_3878,16,106,0.0312
S_3879,14,93,0.003
S_3880,12,29,0.0785
S_3881,13,104,0.0592
S_3882,18,35,0.1141
S_3883,14,49,0.0818
S_3884,16,22,0.0361
S_3885,9,106,0.1221
S_3886,13,11,0.0692
S_3887,13,119,0.0416
S_3888,12,39,0.0789
S_3889,14,85,0.138
S_3890,14,15,0.0222
S_3891,17,58,0.0868
S_3892,18,4,0.0268
S_3893,13,105,0.0367
S_3894,18,53,0.02
S_3895,12,89,0.0225
S_3896,15,107,0.022
S_3897,11,8,0.0471
S_3898,14,61,0.0114
S_3899,19,22,0.0423
S_3900,15,8,0.0806
S_3901,14,74,0.098
S_3902,8,13,0.0095
S_3903,14,59,0.0161
S_3904,15,23,0.0597
S_3905,13,23,0.0534
S_3906,13,62,0.032
S_3907,14,66,0.0124
S_3908,15,0,0.0222
S_3909,14,60,0.0144
S_3910,18,80,0.107
S_3911,11,81,0.0301
S_3912,19,101,0.0114
S_3913,14,107,0.0361
S_3914,16,74,0.0256
S_3915,18,57,0.045
S_3916,15,24,0.0759
S_3917,14,15,0.0876
S_3918,15,73,0.0255
S_3919,9,113,0.0268
S_3920,7,33,0.0778
S_3921,17,11,0.0692
S_3922,14,50,0.1786
S_3923,12,0,0.0326
S_3924,15,66,0.0565
S_3925,14,5,0.0106
S_3926,11,111,0.05
S_3927,17,104,0.009
S_3928,18,13,0.0804
S_3929,15,17,0.0121
S_3930,15,114,0.1297
S_3931,14,97,0.0621
S_3932,15,113,0.0315
S_3933,16,40,0.012
S_3934,13,13,0.0179
S_3935,17,73,0.0664
S_3936,15,116,0.071
S_3937,17,15,0.0236
S_3938,18,98,0.0932
S_3939,15,43,0.0216
S_3940,15,13,0.0324
S_3941,16,55,0.0229
S_3942,15,58,0.0599
S_3943,13,1,0.0344
S_3944,15,56,0.0493
S_3945,18,77,0.0896
S_3946,7,91,0.0196
S_3947,17,11,0.0085
S_3948,15,105,0.1412
S_3949,13,20,0.0735
S_3950,17,78,0.0419
S_3951,11,66,0.0626
S_3952,13,105,0.046
S_3953,18,4,0.0338
S_3954,9,22,0.0718
S_3955,16,14,0.0068
S_3956,19,39,0.0558
S_3957,18,40,0.0751
S_3958,16,10,0.0772
S_3959,12,61,0.0657
S_3960,17,13,0.0274
S_3961,13,8,0.0377
S_3962,14,3,0.0121
S_3963,14,111,0.0504
S_3964,11,47,0.0045
S_3965,18,34,0.0491
S_3966,14,57,0.0166
S_3967,14,18,0.0166
S_3968,13,48,0.0398
S_3969,12,22,0.0286
S_3970,16,36,0.0337
S_3971,16,110,0.0812
S_3972,21,17,0.0496
S_3973,14,56,0.0567
S_3974,13,79,0.1342
S_3975,18,110,0.0491
S_3976,17,110,0.0065
S_3977,14,29,0.0205
S_3978,16,113,0.0381
S_3979,19,39,0.0183
S_3980,11,107,0.0528
S_3981,12,11,0.0486
S_3982,16,23,0.0383
S_3983,12,9,0.0391
S_3984,13,35,0.0828
S_3985,18,104,0.0418
S_3986,16,19,0.0439
S_3987,14,26,0.0683
S_3988,12,25,0.049
S_3989,16,32,0.0179
S_3990,18,2,0.0624
S_3991,11,50,0.025
S_3992,11,117,0.0322
S_3993,17,53,0.0078
S_3994,13,97,0.0234
S_3995,12,68,0.0485
S_3996,12,1,0.0169
S_3997,17,70,0.0753
S_3998,17,113,0.0456
S_3999,16,66,0.0889
S_4000,13,63,0.0285
S_4001,12,80,0.0163
S_4002,13,104,0.0012
S_4003,12,67,0.0331
S_4004,13,48,0.0443
S_4005,15,4,0.1327
S_4006,17,13,0.0486
S_4007,15,77,0.0295
S_4008,14,74,0.0742
S_4009,20,28,0.0782
S_4010,4,86,0.0813
S_4011,16,33,0.0728
S_4012,16,36,0.146
S_4013,16,7,0.0454
S_4014,17,66,0.0501
S_4015,11,34,0.1204
S_4016,17,98,0.0046
S_4017,16,96,0.0847
S_4018,13,15,0.1253
S_4019,16,19,0.0271
S_4020,15,38,0.2016
S_4021,12,69,0.0793
S_4022,8,41,0.0306
S_4023,11,42,0.0673
S_4024,12,16,0.0586
S_4025,16,40,0.02
S_4026,10,56,0.1437
S_4027,16,118,0.0958
S_4028,15,100,0.0581
S_4029,21,95,0.0505
S_4030,16,67,0.1774
S_4031,8,43,0.0581
S_4032,18,102,0.0276
S_4033,12,41,0.0254
S_4034,12,71,0.0718
S_4035,14,30,0.0191
S_4036,16,93,0.0428
S_4037,14,61,0.0259
S_4038,15,107,0.0275
S_4039,12,68,0.0615
S_4040,11,19,0.1542
S_4041,15,119,0.0251
S_4042,10,60,0.0148
S_4043,12,30,0.0814
S_4044,14,39,0.08
S_4045,15,14,0.0154
S_4046,14,8,0.0469
S_4047,14,54,0.0325
S_4048,11,114,0.003
S_4049,13,14,0.0296
S_4050,14,108,0.0655
S_4051,16,95,0.0614
S_4052,12,96,0.0257
S_4053,12,85,0.0414
S_4054,11,71,0.0707
S_4055,15,14,0.0724
S_4056,13,69,0.0167
S_4057,14,42,0.0336
S_4058,13,12,0.0405
S_4059,13,96,0.084
S_4060,13,65,0.1294
S_4061,16,89,0.0393
S_4062,15,57,0.0307
S_4063,19,66,0.1002
S_4064,14,85,0.0262
S_4065,19,29,0.0227
S_4066,14,101,0.0165
S_4067,16,50,0.0141
S_4068,13,85,0.0792
S_4069,16,39,0.0644
S_4070,8,84,0.0225
S_4071,11,5,0.058
S_4072,12,111,0.057
S_4073,21,94,0.0193
S_4074,18,79,0.0579
S_4075,15,38,0.0973
S_4076,13,101,0.0495
S_4077,13,92,0.0499
S_4078,13,54,0.0455
S_4079,17,23,0.0087
S_4080,15,21,0.0424
S_4081,17,58,0.0759
S_4082,16,94,0.0914
S_4083,16,85,0.1189
S_4084,12,59,0.0265
S_4085,12,24,0.0921
S_4086,15,28,0.0725
S_4087,16,6,0.0882
S_4088,14,21,0.0263
S_4089,11,1,0.0296
S_4090,15,80,0.009
S_4091,17,70,0.1035
S_4092,11,118,0.0681
S_4093,14,91,0.0742
S_4094,12,29,0.0762
S_4095,17,84,0.0479
S_4096,20,1,0.0449
S_4097,18,118,0.0689
S_4098,10,73,0.0227
S_4099,16,14,0.0351
S_4100,16,59,0.0494
S_4101,20,112,0.0347
S_4102,13,101,0.0836
S_4103,14,35,0.0771
S_4104,11,47,0.05
S_4105,10,102,0.0072
S_4106,15,108,0.0353
S_4107,19,109,0.0617
S_4108,15,113,0.0319
S_4109,15,60,0.0601
S_4110,11,103,0.0402
S_4111,15,41,0.0547
S_4112,13,100,0.0286
S_4113,13,41,0.0311
S_4114,20,72,0.072
S_4115,13,56,0.2487
S_4116,13,107,0.0977
S_4117,15,7,0.0773
S_4118,4,113,0.0231
S_4119,12,55,0.1078
S_4120,9,57,0.0365
S_4121,13,99,0.0587
S_4122,20,79,0.0883
S_4123,6,114,0.0278
S_4124,10,65,0.0437
S_4125,19,67,0.0586
S_4126,14,116,0.0023
S_4127,16,111,0.0186
S_4128,15,25,0.0965
S_4129,15,36,0.0111
S_4130,13,75,0.0349
S_4131,5,112,0.0876
S_4132,14,67,0.0668
S_4133,18,87,0.0377
S_4134,18,11,0.0656
S_4135,16,62,0.0081
S_4136,14,17,0.0766
S_4137,15,31,0.0918
S_4138,17,19,0.1042
S_4139,10,19,0.0654
S_4140,20,119,0.0222
S_4141,18,35,0.0125
S_4142,20,67,0.1241
S_4143,15,2,0.0956
S_4144,13,96,0.0156
S_4145,16,81,0.0533
S_4146,17,27,0.0136
S_4147,20,4,0.1145
S_4148,14,32,0.0101
S_4149,13,75,0.1155
S_4150,18,1,0.0145
S_4151,14,9,0.0291
S_4152,13,49,0.0781
S_4153,13,21,0.0364
S_4154,8,75,0.1126
S_4155,12,20,0.044
S_4156,16,119,0.0239
S_4157,14,52,0.0455
S_4158,16,17,0.0844
S_4159,18,8,0.0483
S_4160,21,50,0.041
S_4161,14,97,0.0124
S_4162,11,52,0.0584
S_4163,13,16,0.0096
S_4164,17,58,0.0299
S_4165,21,40,0.0719
S_4166,15,60,0.0358
S_4167,16,46,0.0395
S_4168,14,77,0.0933
S_4169,15,96,0.0791
S_4170,18,106,0.0405
S_4171,17,88,0.0118
S_4172,14,42,0.0373
S_4173,15,53,0.0323
S_4174,13,77,0.008
S_4175,18,26,0.0423
S_4176,20,84,0.0413
S_4177,12,77,0.0319
S_4178,12,78,0.1172
S_4179,13,39,0.03
S_4180,17,72,0.0552
S_4181,13,23,0.0853
S_4182,17,22,0.0676
S_4183,10,92,0.0306
S_4184,14,45,0.0077
S_4185,15,65,0.0757
S_4186,12,35,0.0303
S_4187,14,28,0.0568
S_4188,18,93,0.0738
S_4189,14,95,0.04
S_4190,16,100,0.0914
S_4191,19,102,0.0726
S_4192,12,49,0.0355
S_4193,15,97,0.0546
S_4194,6,41,0.0469
S_4195,10,6,0.03
S_4196,17,82,0.0051
S_4197,13,23,0.0111
S_4198,15,54,0.0796
S_4199,10,19,0.0499
S_4200,6,46,0.0602
S_4201,12,106,0.036
S_4202,13,73,0.0154
S_4203,13,17,0.0437
S_4204,19,87,0.0203
S_4205,8,101,0.0772
S_4206,12,19,0.0495
S_4207,13,89,0.0902
S_4208,14,65,0.0491
S_4209,17,72,0.0297
S_4210,14,112,0.1123
S_4211,17,4,0.0094
S_4212,18,76,0.0399
S_4213,10,9,0.0204
S_4214,18,94,0.0773
S_4215,14,107,0.029
S_4216,15,10,0.0308
S_4217,15,3,0.0939
S_4218,16,114,0.0454
S_4219,10,111,0.087
S_4220,10,110,0.085
S_4221,13,112,0.0953
S_4222,16,60,0.0104
S_4223,18,117,0.0094
S_4224,12,107,0.077
S_4225,17,11,0.0515
S_4226,14,97,0.0385
S_4227,15,85,0.0209
S_4228,13,16,0.0194
S_4229,15,88,0.0821
S_4230,12,58,0.1154
S_4231,15,102,0.0649
S_4232,17,98,0.0226
S_4233,13,113,0.0506
S_4234,15,9,0.062
S_4235,16,85,0.0771
S_4236,18,45,0.1147
S_4237,9,93,0.0958
S_4238,17,72,0.0478
S_4239,11,59,0.0595
S_4240,11,0,0.024
S_4241,13,72,0.0655
S_4242,12,50,0.0851
S_4243,15,39,0.0131
S_4244,12,118,0.0071
S_4245,16,84,0.0087
S_4246,8,64,0.0558
S_4247,18,104,0.0773
S_4248,10,27,0.0575
S_4249,16,74,0.0154
S_4250,12,103,0.0263
S_4251,13,14,0.0485
S_4252,12,28,0.0509
S_4253,8,9,0.0672
S_4254,13,119,0.0386
S_4255,11,69,0.029
S_4256,10,58,0.0452
S_4257,13,40,0.1307
S_4258,14,53,0.0016
S_4259,15,93,0.0263
S_4260,16,110,0.087
S_4261,11,12,0.0153
S_4262,10,35,0.0134
S_4263,17,22,0.0501
S_4264,14,52,0.0835
S_4265,20,63,0.0107
S_4266,8,86,0.0281
S_4267,16,105,0.076
S_4268,12,65,0.0348
S_4269,12,58,0.0374
S_4270,13,69,0.0318
S_4271,19,106,0.043
S_4272,9,77,0.0367
S_4273,9,94,0.0508
S_4274,16,86,0.0346
S_4275,20,110,0.0278
S_4276,12,98,0.0331
S_4277,18,40,0.0428
S_4278,17,102,0.0241
S_4279,15,56,0.0591
S_4280,15,101,0.0269
S_4281,13,108,0.0402
S_4282,17,82,0.0408
S_4283,16,86,0.0542
S_4284,13,16,0.028
S_4285,10,38,0.111
S_4286,12,66,0.0916
S_4287,11,0,0.1179
S_4288,14,101,0.0457
S_4289,16,44,0.037
S_4290,16,86,0.0695
S_4291,16,92,0.0913
S_4292,15,65,0.0473
S_4293,14,94,0.1311
S_4294,14,81,0.0318
S_4295,18,43,0.0363
S_4296,13,97,0.0321
S_4297,14,76,0.1435
S_4298,8,19,0.0557
S_4299,13,92,0.0337
S_4300,14,81,0.0144
S_4301,18,34,0.0419
S_4302,10,101,0.0242
S_4303,14,44,0.1199
S_4304,14,66,0.0076
S_4305,16,41,0.0608
S_4306,13,86,0.0644
S_4307,16,69,0.0073
S_4308,15,56,0.1263
S_4309,12,2,0.0218
S_4310,11,72,0.0879
S_4311,21,74,0.0356
S_4312,13,21,0.0159
S_4313,9,39,0.0454
S_4314,13,105,0.1228
S_4315,12,65,0.0285
S_4316,11,52,0.1135
S_4317,14,112,0.0295
S_4318,15,97,0.0141
S_4319,8,11,0.007
S_4320,15,103,0.0328
S_4321,17,17,0.0697
S_4322,12,20,0.0243
S_4323,10,9,0.0457
S_4324,11,57,0.013
S_4325,13,77,0.0295
S_4326,14,90,0.0131
S_4327,11,3,0.0383
S_4328,13,21,0.0613
S_4329,14,74,0.0499
S_4330,15,63,0.0144
S_4331,10,6,0.0309
S_4332,12,112,0.0394
S_4333,12,91,0.0275
S_4334,19,43,0.0662
S_4335,17,64,0.053
S_4336,14,44,0.0601
S_4337,10,54,0.1048
S_4338,17,71,0.0079
S_4339,18,47,0.0187
S_4340,14,74,0.1129
S_4341,13,55,0.0061
S_4342,12,78,0.0269
S_4343,16,31,0.0956
S_4344,16,20,0.0511
S_4345,11,1,0.0378
S_4346,12,72,0.0329
S_4347,11,117,0.0332
S_4348,19,50,0.0694
S_4349,15,25,0.0623
S_4350,17,1,0.0307
S_4351,14,61,0.0781
S_4352,15,119,0.0931
S_4353,13,118,0.0766
S_4354,18,12,0.0375
S_4355,15,97,0.03
S_4356,14,20,0.0391
S_4357,9,97,0.011
S_4358,16,102,0.0507
S_4359,16,0,0.0567
S_4360,18,28,0.0307
S_4361,13,6,0.0545
S_4362,12,59,0.0689
S_4363,20,3,0.0294
S_4364,10,75,0.0475
S_4365,12,66,0.0207
S_4366,19,45,0.0633
S_4367,17,55,0.1089
S_4368,13,118,0.0112
S_4369,14,20,0.0223
S_4370,14,87,0.0522
S_4371,17,77,0.0247
S_4372,17,79,0.018
S_4373,16,41,0.0238
S_4374,17,25,0.0044
S_4375,16,78,0.0191
S_4376,7,109,0.078
S_4377,15,117,0.0991
S_4378,13,57,0.041
S_4379,21,51,0.0501
S_4380,10,41,0.093
S_4381,11,97,0.0673
S_4382,15,30,0.0572
S_4383,11,61,0.0209
S_4384,21,41,0.0548
S_4385,16,105,0.0452
S_4386,13,33,0.0148
S_4387,16,82,0.018
S_4388,15,70,0.1297
S_4389,13,39,0.0203
S_4390,11,30,0.0587
S_4391,11,96,0.0061
S_4392,13,61,0.0494
S_4393,17,73,0.0557
S_4394,16,115,0.0481
S_4395,21,47,0.0427
S_4396,12,97,0.0317
S_4397,11,76,0.0213
S_4398,14,71,0.0406
S_4399,16,6,0.0083
S_4400,16,109,0.0532
S_4401,16,27,0.0157
S_4402,15,56,0.0189
S_4403,13,90,0.1345
S_4404,13,62,0.0156
S_4405,19,0,0.0467
S_4406,11,113,0.0144
S_4407,15,2,0.0937
S_4408,18,10,0.0397
S_4409,11,26,0.0309
S_4410,11,71,0.097
S_4411,15,116,0.024
S_4412,16,110,0.0658
S_4413,14,78,0.1239
S_4414,16,89,0.0563
S_4415,10,85,0.0605
S_4416,13,82,0.0105
S_4417,18,97,0.0716
S_4418,9,40,0.0463
S_4419,21,26,0.0897
S_4420,14,41,0.0595
S_4421,19,5,0.0517
S_4422,18,116,0.1057
S_4423,15,88,0.0253
S_4424,15,25,0.0566
S_4425,20,30,0.0592
S_4426,11,119,0.0901
S_4427,14,92,0.0218
S_4428,13,51,0.0835
S_4429,12,24,0.0255
S_4430,18,4,0.0219
S_4431,16,80,0.068
S_4432,16,93,0.0434
S_4433,16,12,0.072
S_4434,17,0,0.0361
S_4435,14,42,0.0798
S_4436,18,80,0.0147
S_4437,14,110,0.0052
S_4438,15,105,0.088
S_4439,13,82,0.0376
S_4440,14,97,0.0202
S_4441,15,42,0.0178
S_4442,14,29,0.0319
S_4443,12,14,0.0187
S_4444,14,21,0.0871
S_4445,14,115,0.0071
S_4446,14,111,0.1134
S_4447,9,5,0.0053
S_4448,17,56,0.0475
S_4449,14,44,0.024
S_4450,15,78,0.0471
S_4451,16,39,0.005
S_4452,11,33,0.0581
S_4453,16,97,0.0711
S_4454,11,113,0.0207
S_4455,15,24,0.0173
S_4456,9,28,0.0226
S_4457,8,50,0.0313
S_4458,17,84,0.008
S_4459,16,20,0.0148
S_4460,14,56,0.0663
S_4461,14,100,0.0244
S_4462,10,28,0.0271
S_4463,14,5,0.0492
S_4464,15,108,0.0449
S_4465,13,94,0.1296
S_4466,14,83,0.076
S_4467,11,10,0.0328
S_4468,10,107,0.0283
S_4469,15,36,0.0597
S_4470,11,25,0.1038
S_4471,16,58,0.0183
S_4472,15,110,0.0527
S_4473,17,119,0.0853
S_4474,15,73,0.0216
S_4475,21,114,0.0788
S_4476,13,54,0.0389
S_4477,15,3,0.0485
S_4478,12,33,0.053
S_4479,17,36,0.0529
S_4480,15,93,0.1006
S_4481,9,14,0.0346
S_4482,12,20,0.0399
S_4483,14,73,0.0693
S_4484,10,15,0.0547
S_4485,16,59,0.0424
S_4486,10,4,0.0423
S_4487,14,80,0.015
S_4488,13,109,0.0262
S_4489,17,104,0.0216
S_4490,14,8,0.0517
S_4491,17,70,0.0592
S_4492,15,12,0.058
S_4493,11,6,0.0561
S_4494,21,73,0.1141
S_4495,17,68,0.0234
S_4496,11,11,0.0888
S_4497,11,43,0.0552
S_4498,18,37,0.0306
S_4499,17,41,0.0207
S_4500,16,39,0.0855
S_4501,11,98,0.0164
S_4502,12,42,0.061
S_4503,18,39,0.0231
S_4504,16,3,0.0249
S_4505,12,94,0.0567
S_4506,18,79,0.0224
S_4507,20,40,0.0725
S_4508,13,54,0.0172
S_4509,12,95,0.1544
S_4510,19,41,0.0321
S_4511,19,56,0.0599
S_4512,19,2,0.0485
S_4513,15,110,0.0441
S_4514,13,44,0.0583
S_4515,17,35,0.128
S_4516,13,73,0.0146
S_4517,13,63,0.0372
S_4518,15,48,0.0835
S_4519,14,110,0.0668
S_4520,13,43,0.1116
S_4521,11,119,0.0069
S_4522,14,94,0.0332
S_4523,12,108,0.0195
S_4524,10,33,0.0378
S_4525,15,8,0.0217
S_4526,15,50,0.0518
S_4527,17,37,0.0978
S_4528,15,7,0.0509
S_4529,14,8,0.0898
S_4530,17,20,0.0167
S_4531,15,45,0.0249
S_4532,15,112,0.0818
S_4533,16,78,0.0208
S_4534,13,47,0.0641
S_4535,17,95,0.0215
S_4536,14,68,0.0059
S_4537,14,50,0.0575
S_4538,17,17,0.0344
S_4539,13,111,0.0175
S_4540,13,74,0.0302
S_4541,16,52,0.0676
S_4542,15,52,0.0458
S_4543,21,91,0.0698
S_4544,18,21,0.0486
S_4545,7,50,0.1105
S_4546,15,7,0.0826
S_4547,9,9,0.0129
S_4548,13,63,0.0353
S_4549,15,45,0.0448
S_4550,13,86,0.0156
S_4551,8,118,0.0437
S_4552,15,103,0.0775
S_4553,13,53,0.0428
S_4554,16,45,0.04
S_4555,9,70,0.0199
S_4556,12,10,0.0115
S_4557,17,118,0.0535
S_4558,8,117,0.0633
S_4559,16,110,0.049
S_4560,12,79,0.0508
S_4561,14,60,0.0644
S_4562,11,84,0.0805
S_4563,14,37,0.019
S_4564,11,102,0.0107
S_4565,11,16,0.0845
S_4566,17,96,0.0268
S_4567,14,104,0.0431
S_4568,15,20,0.1069
S_4569,15,57,0.045
S_4570,18,106,0.016
S_4571,16,115,0.0199
S_4572,16,97,0.0355
S_4573,17,112,0.1254
S_4574,12,112,0.023
S_4575,20,117,0.1286
S_4576,10,49,0.0721
S_4577,15,34,0.0537
S_4578,15,75,0.0739
S_4579,21,22,0.0239
S_4580,16,66,0.0454
S_4581,12,69,0.0305
S_4582,13,96,0.0293
S_4583,13,43,0.1116
S_4584,15,72,0.0147
S_4585,15,108,0.0896
S_4586,16,50,0.0893
S_4587,15,68,0.0378
S_4588,16,94,0.0059
S_4589,11,29,0.0817
S_4590,10,12,0.0203
S_4591,18,81,0.0068
S_4592,10,44,0.0763
S_4593,14,45,0.0113
S_4594,12,111,0.0127
S_4595,20,48,0.057
S_4596,20,114,0.0667
S_4597,15,12,0.0582
S_4598,14,41,0.0433
S_4599,14,83,0.042
S_4600,15,15,0.003
S_4601,17,46,0.0642
S_4602,21,102,0.0425
S_4603,11,91,0.0539
S_4604,15,33,0.0561
S_4605,14,42,0.0139
S_4606,13,60,0.0209
S_4607,13,87,0.017
S_4608,14,18,0.0168
S_4609,15,63,0.1057
S_4610,16,8,0.0058
S_4611,16,47,0.0797
S_4612,10,22,0.0698
S_4613,12,37,0.0377
S_4614,16,39,0.1223
S_4615,19,92,0.0295
S_4616,16,31,0.0648
S_4617,14,79,0.0654
S_4618,16,63,0.0738
S_4619,15,96,0.1089
S_4620,11,38,0.05
S_4621,14,119,0.0479
S_4622,15,35,0.1099
S_4623,17,69,0.0424
S_4624,19,75,0.0175
S_4625,20,64,0.1118
S_4626,9,103,0.0721
S_4627,14,13,0.0418
S_4628,19,71,0.0223
S_4629,17,60,0.0265
S_4630,17,50,0.0151
S_4631,12,41,0.0591
S_4632,12,18,0.0336
S_4633,16,77,0.0331
S_4634,13,14,0.0381
S_4635,11,99,0.035
S_4636,15,53,0.0584
S_4637,14,72,0.0673
S_4638,17,9,0.0551
S_4639,16,11,0.0118
S_4640,20,28,0.0263
S_4641,12,93,0.1369
S_4642,15,58,0.0095
S_4643,16,37,0.0089
S_4644,16,101,0.0703
S_4645,15,23,0.0651
S_4646,9,31,0.0488
S_4647,9,93,0.0239
S_4648,11,3,0.0261
S_4649,16,26,0.0572
S_4650,9,62,0.0726
S_4651,16,109,0.021
S_4652,14,31,0.0243
S_4653,13,25,0.0699
S_4654,20,116,0.0721
S_4655,20,62,0.0415
S_4656,12,7,0.0585
S_4657,17,33,0.0457
S_4658,15,64,0.0198
S_4659,17,8,0.0649
S_4660,13,83,0.0168
S_4661,10,62,0.007
S_4662,14,85,0.0754
S_4663,17,41,0.0322
S_4664,14,50,0.0502
S_4665,17,111,0.0716
S_4666,18,25,0.0144
S_4667,18,4,0.0484
S_4668,16,117,0.0193
S_4669,11,0,0.0481
S_4670,9,106,0.1022
S_4671,16,99,0.0225
S_4672,17,58,0.056
S_4673,15,84,0.081
S_4674,15,12,0.0494
S_4675,14,91,0.076
S_4676,15,94,0.0231
S_4677,16,6,0.0145
S_4678,17,59,0.0368
S_4679,15,113,0.0547
S_4680,15,114,0.1023
S_4681,14,118,0.0906
S_4682,15,78,0.0272
S_4683,8,16,0.0211
S_4684,17,49,0.0817
S_4685,14,87,0.0564
S_4686,12,34,0.059
S_4687,19,97,0.0891
S_4688,14,103,0.0679
S_4689,11,91,0.0524
S_4690,17,41,0.0157
S_4691,13,88,0.029
S_4692,13,8,0.1307
S_4693,17,40,0.2109
S_4694,17,91,0.0923
S_4695,10,95,0.0243
S_4696,14,38,0.036
S_4697,10,115,0.0614
S_4698,13,32,0.0192
S_4699,12,79,0.0691
S_4700,18,105,0.0425
S_4701,11,66,0.1153
S_4702,16,49,0.0175
S_4703,14,25,0.031
S_4704,10,23,0.1308
S_4705,12,19,0.0141
S_4706,11,53,0.0654
S_4707,12,65,0.1208
S_4708,11,100,0.0511
S_4709,14,26,0.0398
S_4710,17,90,0.0172
S_4711,12,83,0.0715
S_4712,11,76,0.0294
S_4713,13,40,0.0603
S_4714,14,38,0.0586
S_4715,12,91,0.0891
S_4716,11,32,0.0213
S_4717,17,39,0.0583
S_4718,16,115,0.0163
S_4719,14,119,0.0542
S_4720,19,0,0.0452
S_4721,21,82,0.113
S_4722,18,64,0.0279
S_4723,8,55,0.0186
S_4724,15,33,0.1105
S_4725,12,60,0.0071
S_4726,13,54,0.0905
S_4727,10,48,0.0293
S_4728,15,101,0.0283
S_4729,20,32,0.0171
S_4730,14,71,0.0183
S_4731,18,103,0.0152
S_4732,16,117,0.0315
S_4733,17,72,0.0803
S_4734,8,62,0.0419
S_4735,16,100,0.0397
S_4736,17,22,0.0084
S_4737,20,75,0.0378
S_4738,10,7,0.0668
S_4739,19,79,0.0182
S_4740,14,95,0.062
S_4741,15,7,0.0716
S_4742,17,101,0.0838
S_4743,17,14,0.0316
S_4744,9,21,0.0168
S_4745,15,100,0.0773
S_4746,11,14,0.0651
S_4747,15,80,0.0405
S_4748,13,35,0.0462
S_4749,10,29,0.0279
S_4750,11,78,0.0277
S_4751,16,12,0.1296
S_4752,16,68,0.0815
S_4753,11,110,0.015
S_4754,13,102,0.0353
S_4755,15,102,0.1068
S_4756,15,36,0.0207
S_4757,17,84,0.0094
S_4758,15,93,0.0785
S_4759,16,108,0.0508
S_4760,14,31,0.07
S_4761,16,91,0.025
S_4762,19,27,0.0127
S_4763,19,3,0.0906
S_4764,15,57,0.0752
S_4765,11,91,0.0567
S_4766,19,25,0.0428
S_4767,7,5,0.035
S_4768,16,44,0.0695
S_4769,16,24,0.0667
S_4770,15,45,0.0828
S_4771,16,110,0.1356
S_4772,11,89,0.1008
S_4773,11,44,0.0356
S_4774,11,39,0.029
S_4775,11,110,0.0121
S_4776,12,106,0.0737
S_4777,14,72,0.0354
S_4778,17,42,0.027
S_4779,20,95,0.0274
S_4780,12,79,0.0143
S_4781,14,67,0.0242
S_4782,15,88,0.0546
S_4783,12,16,0.0324
S_4784,13,111,0.0249
S_4785,20,116,0.0741
S_4786,18,42,0.0447
S_4787,18,113,0.0586
S_4788,16,95,0.0307
S_4789,17,112,0.0634
S_4790,16,110,0.0384
S_4791,19,24,0.0532
S_4792,6,31,0.0077
S_4793,11,31,0.004
S_4794,10,11,0.0164
S_4795,12,47,0.0489
S_4796,15,43,0.055
S_4797,14,41,0.1122
S_4798,12,41,0.0229
S_4799,15,7,0.0242
S_4800,16,22,0.0591
S_4801,16,35,0.0578
S_4802,17,106,0.0124
S_4803,13,111,0.0474
S_4804,18,34,0.0742
S_4805,14,83,0.0237
S_4806,17,102,0.0813
S_4807,13,60,0.051
S_4808,20,90,0.0657
S_4809,16,117,0.0458
S_4810,15,19,0.0258
S_4811,11,8,0.0352
S_4812,18,76,0.0605
S_4813,11,61,0.0987
S_4814,21,35,0.0664
S_4815,17,109,0.0573
S_4816,11,101,0.0628
S_4817,15,31,0.0639
S_4818,20,92,0.0365
S_4819,14,99,0.0458
S_4820,13,39,0.0552
S_4821,15,11,0.0437
S_4822,12,102,0.0067
S_4823,19,11,0.0288
S_4824,12,57,0.0189
S_4825,16,23,0.0577
S_4826,18,111,0.0461
S_4827,15,12,0.0565
S_4828,18,14,0.0235
S_4829,14,84,0.0323
S_4830,11,24,0.098
S_4831,17,15,0.0208
S_4832,16,20,0.0303
S_4833,12,71,0.0487
S_4834,14,26,0.0261
S_4835,12,45,0.0639
S_4836,14,101,0.0114
S_4837,21,21,0.0296
S_4838,17,99,0.0788
S_4839,16,93,0.0775
S_4840,15,99,0.0493
S_4841,18,41,0.011
S_4842,15,56,0.1102
S_4843,9,84,0.0365
S_4844,10,4,0.0382
S_4845,13,79,0.0324
S_4846,13,14,0.0245
S_4847,15,34,0.0949
S_4848,18,97,0.0419
S_4849,16,76,0.0501
S_4850,15,74,0.052
S_4851,11,27,0.0307
S_4852,14,80,0.0233
S_4853,13,15,0.0465
S_4854,11,115,0.0688
S_4855,5,30,0.0246
S_4856,11,99,0.0633
S_4857,20,110,0.0424
S_4858,18,20,0.0598
S_4859,12,1,0.0776
S_4860,13,104,0.0686
S_4861,21,91,0.0292
S_4862,21,18,0.1291
S_4863,15,99,0.0086
S_4864,17,97,0.0222
S_4865,15,55,0.0636
S_4866,14,113,0.0312
S_4867,15,69,0.0244
S_4868,16,53,0.0812
S_4869,18,1,0.02
S_4870,15,114,0.0097
S_4871,15,15,0.0246
S_4872,11,35,0.0228
S_4873,12,87,0.0167
S_4874,9,0,0.0249
S_4875,16,65,0.0962
S_4876,13,19,0.0445
S_4877,14,2,0.0794
S_4878,15,76,0.0811
S_4879,15,72,0.0134
S_4880,9,88,0.0568
S_4881,16,74,0.0424
S_4882,13,53,0.0743
S_4883,17,57,0.0114
S_4884,14,26,0.0641
S_4885,13,10,0.0402
S_4886,18,103,0.0152
S_4887,12,82,0.0417
S_4888,13,14,0.0788
S_4889,12,31,0.0144
S_4890,13,103,0.0586
S_4891,20,115,0.1423
S_4892,11,94,0.0129
S_4893,14,68,0.028
S_4894,17,104,0.0526
S_4895,14,75,0.0211
S_4896,16,83,0.052
S_4897,13,99,0.0833
S_4898,14,42,0.1421
S_4899,14,94,0.0145
S_4900,14,24,0.0153
S_4901,18,23,0.0733
S_4902,13,97,0.032
S_4903,15,67,0.1023
S_4904,17,49,0.1341
S_4905,16,62,0.0426
S_4906,14,117,0.0352
S_4907,19,107,0.0144
S_4908,15,60,0.0672
S_4909,17,65,0.0253
S_4910,13,73,0.0527
S_4911,16,94,0.0516
S_4912,17,104,0.0728
S_4913,12,17,0.0741
S_4914,19,75,0.0505
S_4915,18,27,0.0155
S_4916,13,74,0.0076
S_4917,10,20,0.0249
S_4918,14,96,0.0189
S_4919,14,79,0.0356
S_4920,13,103,0.0862
S_4921,13,113,0.0548
S_4922,17,112,0.0746
S_4923,19,17,0.0713
S_4924,17,45,0.0126
S_4925,18,57,0.1277
S_4926,15,94,0.0952
S_4927,10,1,0.075
S_4928,13,111,0.1894
S_4929,12,48,0.0578
S_4930,17,75,0.0265
S_4931,8,117,0.083
S_4932,15,105,0.0127
S_4933,14,43,0.1149
S_4934,16,58,0.0684
S_4935,12,92,0.0254
S_4936,18,89,0.0337
S_4937,15,84,0.061
S_4938,11,1,0.1092
S_4939,12,23,0.0303
S_4940,13,26,0.0117
S_4941,16,30,0.0037
S_4942,12,11,0.0346
S_4943,16,96,0.1217
S_4944,14,40,0.0209
S_4945,19,93,0.0885
S_4946,13,111,0.0134
S_4947,14,37,0.0283
S_4948,17,54,0.1497
S_4949,12,10,0.0131
S_4950,12,35,0.1158
S_4951,11,65,0.1247
S_4952,16,21,0.1223
S_4953,10,64,0.0731
S_4954,15,37,0.0339
S_4955,12,118,0.0777
S_4956,12,45,0.0202
S_4957,9,4,0.135
S_4958,14,56,0.0079
S_4959,12,40,0.0378
S_4960,14,44,0.0037
S_4961,14,44,0.0526
S_4962,20,105,0.0229
S_4963,12,59,0.0444
S_4964,16,30,0.0252
S_4965,13,95,0.0574
S_4966,16,53,0.0572
S_4967,14,17,0.0864
S_4968,20,119,0.0293
S_4969,14,3,0.0936
S_4970,15,85,0.0859
S_4971,18,101,0.0171
S_4972,13,42,0.0377
S_4973,18,18,0.0258
S_4974,18,52,0.029
S_4975,13,57,0.0292
S_4976,17,119,0.1155
S_4977,12,2,0.022
S_4978,15,78,0.0157
S_4979,13,96,0.1382
S_4980,14,74,0.0486
S_4981,17,75,0.1164
S_4982,18,105,0.0485
S_4983,7,67,0.0384
S_4984,12,105,0.0294
S_4985,19,25,0.0411
S_4986,15,61,0.0512
S_4987,14,4,0.0868
S_4988,17,96,0.1029
S_4989,7,93,0.0327
S_4990,12,64,0.0346
S_4991,17,47,0.0578
S_4992,9,44,0.0106
S_4993,15,24,0.0381
S_4994,8,51,0.0139
S_4995,13,36,0.1098
S_4996,18,69,0.0651
S_4997,9,94,0.0529
S_4998,14,83,0.0371
S_4999,17,61,0.0544
S_5000,12,113,0.0306
S_5001,15,23,0.0821
S_5002,20,76,0.0643
S_5003,17,10,0.0684
S_5004,15,80,0.0075
S_5005,19,87,0.0783
S_5006,15,93,0.0533
S_5007,14,79,0.081
S_5008,11,14,0.0349
S_5009,17,5,0.0595
S_5010,21,85,0.0812
S_5011,8,95,0.1325
S_5012,12,3,0.0394
S_5013,14,17,0.0419
S_5014,12,94,0.0111
S_5015,17,116,0.0813
S_5016,16,62,0.0177
S_5017,16,18,0.0765
S_5018,20,38,0.012
S_5019,15,93,0.0361
S_5020,13,65,0.0329
S_5021,11,6,0.0825
S_5022,16,37,0.0068
S_5023,11,90,0.0619
S_5024,17,39,0.0384
S_5025,13,51,0.0466
S_5026,8,108,0.0582
S_5027,18,118,0.1229
S_5028,16,90,0.0747
S_5029,17,28,0.0417
S_5030,10,29,0.1291
S_5031,18,36,0.0457
S_5032,20,19,0.0539
S_5033,12,21,0.0942
S_5034,16,30,0.0283
S_5035,13,79,0.0139
S_5036,13,73,0.0312
S_5037,15,40,0.0041
S_5038,13,23,0.0169
S_5039,14,74,0.0335
S_5040,20,15,0.0337
S_5041,11,17,0.004
S_5042,16,46,0.1113
S_5043,21,68,0.0249
S_5044,15,87,0.0533
S_5045,17,82,0.0668
S_5046,12,45,0.0376
S_5047,12,78,0.0112
S_5048,10,25,0.0963
S_5049,15,59,0.0373
S_5050,20,73,0.0233
S_5051,16,89,0.038
S_5052,15,9,0.0502
S_5053,13,12,0.1006
S_5054,13,8,0.0664
S_5055,12,65,0.0627
S_5056,12,68,0.0146
S_5057,16,1,0.0662
S_5058,21,78,0.0621
S_5059,17,91,0.0487
S_5060,13,13,0.063
S_5061,12,40,0.025
S_5062,12,101,0.0411
S_5063,21,82,0.0185
S_5064,17,36,0.0109
S_5065,16,89,0.0728
S_5066,18,106,0.0346
S_5067,17,37,0.0279
S_5068,8,82,0.0137
S_5069,11,11,0.0318
S_5070,18,7,0.0196
S_5071,21,70,0.0885
S_5072,19,59,0.0914
S_5073,14,97,0.0664
S_5074,16,93,0.0379
S_5075,12,34,0.0266
S_5076,16,61,0.0213
S_5077,15,90,0.0504
S_5078,15,32,0.0418
S_5079,17,43,0.0778
S_5080,15,7,0.038
S_5081,6,15,0.0167
S_5082,13,73,0.042
S_5083,12,59,0.054
S_5084,14,20,0.0441
S_5085,15,0,0.0249
S_5086,16,20,0.1079
S_5087,14,89,0.026
S_5088,14,11,0.0494
S_5089,7,48,0.0686
S_5090,18,28,0.0248
S_5091,15,65,0.0533
S_5092,14,61,0.0438
S_5093,14,117,0.0169
S_5094,10,92,0.0771
S_5095,20,112,0.0352
S_5096,13,69,0.0449
S_5097,10,88,0.0371
S_5098,14,107,0.0658
S_5099,15,4,0.0564
S_5100,18,109,0.0095
S_5101,14,25,0.0774
S_5102,14,84,0.1158
S_5103,12,92,0.0292
S_5104,10,13,0.0339
S_5105,11,114,0.0281
S_5106,16,111,0.0089
S_5107,16,78,0.0441
S_5108,17,18,0.022
S_5109,14,67,0.0747
S_5110,19,41,0.0599
S_5111,12,111,0.0244
S_5112,13,48,0.03
S_5113,14,83,0.1157
S_5114,14,76,0.0048
S_5115,12,32,0.1262
S_5116,12,64,0.106
S_5117,7,49,0.0536
S_5118,19,44,0.0125
S_5119,15,103,0.1149
S_5120,13,16,0.0308
S_5121,12,49,0.0503
S_5122,15,0,0.0106
S_5123,14,31,0.0304
S_5124,20,74,0.0302
S_5125,13,10,0.058
S_5126,14,32,0.0471
S_5127,17,105,0.0287
S_5128,16,83,0.0561
S_5129,11,8,0.1663
S_5130,16,119,0.0449
S_5131,18,113,0.011
S_5132,19,17,0.0237
S_5133,11,110,0.0649
S_5134,14,65,0.0557
S_5135,11,111,0.0424
S_5136,17,116,0.007
S_5137,15,83,0.0326
S_5138,18,34,0.0278
S_5139,16,110,0.0469
S_5140,12,68,0.0092
S_5141,15,40,0.0259
S_5142,12,55,0.0544
S_5143,11,48,0.1487
S_5144,13,112,0.0179
S_5145,15,98,0.0622
S_5146,12,3,0.0444
S_5147,15,1,0.0112
S_5148,10,8,0.0156
S_5149,9,73,0.0549
S_5150,20,97,0.0459
S_5151,13,61,0.0847
S_5152,14,64,0.0633
S_5153,13,28,0.0302
S_5154,16,55,0.0581
S_5155,15,30,0.0127
S_5156,17,32,0.0518
S_5157,15,46,0.0959
S_5158,14,5,0.1197
S_5159,18,114,0.0023
S_5160,13,109,0.0333
S_5161,14,95,0.0362
S_5162,14,68,0.109
S_5163,19,97,0.1599
S_5164,16,116,0.058
S_5165,15,34,0.0263
S_5166,8,43,0.0308
S_5167,16,87,0.0513
S_5168,17,77,0.0424
S_5169,17,98,0.013
S_5170,14,41,0.0399
S_5171,16,37,0.1238
S_5172,16,70,0.0503
S_5173,8,17,0.0282
S_5174,18,4,0.0178
S_5175,14,29,0.0652
S_5176,15,18,0.1153
S_5177,13,0,0.0134
S_5178,17,93,0.0341
S_5179,16,65,0.0245
S_5180,9,80,0.0383
S_5181,12,19,0.0591
S_5182,19,30,0.053
S_5183,17,7,0.0082
S_5184,14,119,0.0494
S_5185,14,12,0.0391
S_5186,12,10,0.142
S_5187,12,73,0.0413
S_5188,15,39,0.0973
S_5189,19,106,0.0507
S_5190,14,99,0.0922
S_5191,15,104,0.0375
S_5192,12,88,0.0411
S_5193,14,15,0.028
S_5194,16,7,0.0241
S_5195,20,7,0.0422
S_5196,18,96,0.085
S_5197,18,78,0.0205
S_5198,13,117,0.0513
S_5199,12,77,0.0282
S_5200,15,29,0.0258
S_5201,13,10,0.0881
S_5202,13,43,0.1163
S_5203,15,23,0.0306
S_5204,16,75,0.0147
S_5205,18,11,0.0287
S_5206,16,92,0.0513
S_5207,15,83,0.0391
S_5208,12,88,0.0374
S_5209,18,115,0.0589
S_5210,17,78,0.0455
S_5211,13,94,0.0428
S_5212,17,10,0.0437
S_5213,15,113,0.0224
S_5214,18,26,0.1302
S_5215,14,59,0.0661
S_5216,14,114,0.0781
S_5217,10,21,0.0565
S_5218,13,4,0.0202
S_5219,19,35,0.0253
S_5220,21,18,0.0512
S_5221,16,80,0.084
S_5222,13,33,0.0174
S_5223,14,7,0.0438
S_5224,14,107,0.0399
S_5225,14,5,0.0431
S_5226,17,32,0.0387
S_5227,10,28,0.0443
S_5228,15,2,0.0768
S_5229,20,19,0.0984
S_5230,18,97,0.0463
S_5231,21,4,0.1391
S_5232,14,2,0.0182
S_5233,13,76,0.0715
S_5234,15,10,0.0668
S_5235,12,44,0.128
S_5236,13,0,0.0312
S_5237,14,43,0.017
S_5238,18,38,0.0554
S_5239,17,73,0.044
S_5240,16,59,0.0727
S_5241,15,81,0.0831
S_5242,20,112,0.0235
S_5243,16,95,0.0818
S_5244,12,112,0.032
S_5245,15,6,0.0206
S_5246,12,118,0.046
S_5247,13,38,0.0798
S_5248,19,33,0.0862
S_5249,15,48,0.1165
S_5250,15,93,0.033
S_5251,15,114,0.0649
S_5252,14,66,0.0548
S_5253,8,18,0.0283
S_5254,17,25,0.0463
S_5255,17,48,0.0413
S_5256,15,43,0.0204
S_5257,12,28,0.0156
S_5258,20,102,0.0374
S_5259,13,33,0.0099
S_5260,12,71,0.1055
S_5261,15,57,0.0374
S_5262,17,110,0.0209
S_5263,16,75,0.042
S_5264,16,39,0.0135
S_5265,18,76,0.0545
S_5266,15,38,0.0814
S_5267,19,10,0.0391
S_5268,16,58,0.0334
S_5269,14,103,0.0691
S_5270,13,109,0.0493
S_5271,19,65,0.0134
S_5272,16,83,0.045
S_5273,14,73,0.0864
S_5274,13,97,0.0223
S_5275,11,12,0.0529
S_5276,20,48,0.0083
S_5277,16,30,0.0192
S_5278,19,0,0.1162
S_5279,21,99,0.0027
S_5280,20,16,0.0135
S_5281,13,38,0.0776
S_5282,21,104,0.105
S_5283,17,86,0.1578
S_5284,11,68,0.026
S_5285,15,37,0.0285
S_5286,15,61,0.0367
S_5287,16,6,0.0259
S_5288,15,87,0.0399
S_5289,16,28,0.0166
S_5290,12,57,0.0159
S_5291,15,11,0.0376
S_5292,13,85,0.011
S_5293,15,107,0.0268
S_5294,14,54,0.0283
S_5295,13,9,0.0588
S_5296,17,113,0.1076
S_5297,16,53,0.0663
S_5298,16,9,0.0401
S_5299,13,22,0.0075
S_5300,16,14,0.0323
S_5301,14,23,0.0292
S_5302,13,18,0.0651
S_5303,18,110,0.0244
S_5304,17,25,0.0507
S_5305,5,53,0.0504
S_5306,8,87,0.0145
S_5307,19,81,0.0852
S_5308,11,114,0.0356
S_5309,11,115,0.0346
S_5310,14,68,0.0134
S_5311,15,90,0.077
S_5312,13,46,0.0245
S_5313,5,51,0.0058
S_5314,15,12,0.0386
S_5315,20,80,0.0915
S_5316,10,32,0.0457
S_5317,19,9,0.0558
S_5318,14,11,0.0345
S_5319,20,86,0.0096
S_5320,16,27,0.0305
S_5321,13,92,0.0651
S_5322,16,108,0.0575
S_5323,18,40,0.0292
S_5324,10,95,0.0691
S_5325,15,51,0.0111
S_5326,18,92,0.0135
S_5327,13,36,0.0702
S_5328,11,111,0.0142
S_5329,21,118,0.0169
S_5330,9,46,0.0161
S_5331,14,23,0.0071
S_5332,14,82,0.046
S_5333,21,70,0.0379
S_5334,8,118,0.0956
S_5335,14,97,0.0658
S_5336,13,100,0.0749
S_5337,13,87,0.0761
S_5338,19,42,0.029
S_5339,12,112,0.0602
S_5340,11,55,0.0135
S_5341,11,47,0.0613
S_5342,15,23,0.0583
S_5343,14,36,0.0419
S_5344,14,0,0.0465
S_5345,13,79,0.0133
S_5346,19,72,0.0248
S_5347,9,48,0.1124
S_5348,18,116,0.0397
S_5349,10,83,0.0433
S_5350,18,29,0.0144
S_5351,17,45,0.0095
S_5352,16,61,0.0675
S_5353,14,65,0.0977
S_5354,13,33,0.0147
S_5355,15,29,0.0205
S_5356,18,35,0.119
S_5357,14,115,0.012
S_5358,13,43,0.0259
S_5359,14,44,0.014
S_5360,14,86,0.0383
S_5361,14,19,0.0246
S_5362,19,77,0.0285
S_5363,12,79,0.0829
S_5364,18,7,0.0255
S_5365,17,22,0.0196
S_5366,10,55,0.1011
S_5367,12,100,0.0423
S_5368,14,87,0.0433
S_5369,14,104,0.0489
S_5370,13,102,0.0785
S_5371,18,61,0.0554
S_5372,15,74,0.1095
S_5373,15,110,0.0618
S_5374,18,88,0.005
S_5375,12,42,0.0161
S_5376,13,42,0.0271
S_5377,13,43,0.0483
S_5378,10,59,0.023
S_5379,14,43,0.0247
S_5380,16,22,0.1367
S_5381,11,71,0.0157
S_5382,11,104,0.089
S_5383,15,59,0.0247
S_5384,16,26,0.0317
S_5385,14,97,0.1294
S_5386,13,90,0.0947
S_5387,19,84,0.0229
S_5388,13,80,0.0838
S_5389,19,93,0.0628
S_5390,13,99,0.0457
S_5391,16,107,0.0901
S_5392,13,73,0.0352
S_5393,13,47,0.0373
S_5394,13,10,0.012
S_5395,17,86,0.1042
S_5396,19,16,0.0758
S_5397,15,104,0.0726
S_5398,11,48,0.0591
S_5399,16,105,0.0702
S_5400,19,62,0.053
S_5401,17,54,0.0047
S_5402,10,43,0.0633
S_5403,13,7,0.0725
S_5404,12,1,0.0425
S_5405,15,61,0.0255
S_5406,16,108,0.0513
S_5407,18,70,0.0313
S_5408,16,103,0.0391
S_5409,19,119,0.0349
S_5410,20,21,0.0291
S_5411,19,79,0.0435
S_5412,12,50,0.0082
S_5413,17,25,0.0767
S_5414,16,28,0.0566
S_5415,20,29,0.0581
S_5416,21,87,0.0755
S_5417,13,42,0.044
S_5418,15,30,0.0472
S_5419,15,106,0.0636
S_5420,18,4,0.0573
S_5421,14,88,0.0679
S_5422,17,115,0.0279
S_5423,15,75,0.0936
S_5424,10,65,0.0278
S_5425,15,7,0.111
S_5426,15,60,0.0315
S_5427,16,43,0.0758
S_5428,18,93,0.1475
S_5429,14,97,0.004
S_5430,12,20,0.1426
S_5431,19,62,0.1312
S_5432,13,103,0.0211
S_5433,15,74,0.0519
S_5434,15,57,0.0501
S_5435,10,107,0.1198
S_5436,19,115,0.0437
S_5437,16,28,0.065
S_5438,17,21,0.071
S_5439,19,103,0.1008
S_5440,14,29,0.0234
S_5441,17,101,0.0394
S_5442,15,36,0.0425
S_5443,17,2,0.044
S_5444,14,50,0.0657
S_5445,20,4,0.0557
S_5446,11,24,0.0233
S_5447,19,57,0.0173
S_5448,19,4,0.0278
S_5449,16,3,0.0368
S_5450,15,18,0.02
S_5451,19,55,0.0014
S_5452,18,116,0.058
S_5453,12,11,0.0317
S_5454,17,74,0.0503
S_5455,14,59,0.0294
S_5456,16,7,0.0081
S_5457,17,4,0.0178
S_5458,12,26,0.0424
S_5459,11,82,0.0516
S_5460,13,115,0.0074
S_5461,19,66,0.1026
S_5462,15,5,0.0598
S_5463,19,30,0.0279
S_5464,20,113,0.0547
S_5465,15,1,0.1063
S_5466,16,72,0.0116
S_5467,17,21,0.0143
S_5468,9,7,0.0703
S_5469,13,30,0.0084
S_5470,15,112,0.054
S_5471,18,91,0.0674
S_5472,10,20,0.0975
S_5473,17,7,0.1239
S_5474,13,59,0.089
S_5475,16,6,0.0161
S_5476,14,48,0.0509
S_5477,14,96,0.0555
S_5478,13,60,0.0179
S_5479,14,107,0.0174
S_5480,18,94,0.0341
S_5481,12,66,0.0329
S_5482,11,94,0.1211
S_5483,11,11,0.1085
S_5484,13,24,0.037
S_5485,14,84,0.0528
S_5486,15,0,0.0143
S_5487,14,0,0.0538
S_5488,13,45,0.0559
S_5489,21,104,0.049
S_5490,17,117,0.072
S_5491,13,77,0.0986
S_5492,15,114,0.0474
S_5493,18,101,0.1079
S_5494,13,24,0.0545
S_5495,14,48,0.073
S_5496,14,74,0.0269
S_5497,18,18,0.0099
S_5498,16,37,0.0762
S_5499,13,90,0.0063
S_5500,21,41,0.049
S_5501,12,111,0.0479
S_5502,15,48,0.0372
S_5503,18,26,0.0395
S_5504,14,25,0.0814
S_5505,14,82,0.0032
S_5506,16,44,0.0383
S_5507,15,28,0.1437
S_5508,12,83,0.0686
S_5509,17,50,0.1054
S_5510,12,101,0.0685
S_5511,11,65,0.0483
S_5512,15,116,0.026
S_5513,12,44,0.1107
S_5514,15,33,0.0579
S_5515,16,77,0.0163
S_5516,15,85,0.063
S_5517,21,2,0.0276
S_5518,19,80,0.0426
S_5519,17,21,0.0276
S_5520,16,115,0.05
S_5521,17,69,0.104
S_5522,15,15,0.0237
S_5523,15,6,0.0024
S_5524,15,105,0.0666
S_5525,14,102,0.0411
S_5526,21,52,0.0595
S_5527,12,10,0.0581
S_5528,18,46,0.0255
S_5529,17,91,0.0456
S_5530,17,79,0.0096
S_5531,15,103,0.0839
S_5532,12,90,0.0629
S_5533,16,39,0.0674
S_5534,16,40,0.012
S_5535,21,77,0.0174
S_5536,17,37,0.0335
S_5537,16,104,0.0475
S_5538,15,39,0.0021
S_5539,14,58,0.0519
S_5540,16,5,0.0174
S_5541,17,14,0.0335
S_5542,13,15,0.098
S_5543,14,41,0.0135
S_5544,12,13,0.0109
S_5545,17,54,0.0549
S_5546,18,32,0.0247
S_5547,7,32,0.0182
S_5548,14,53,0.0446
S_5549,20,102,0.0278
S_5550,17,91,0.1288
S_5551,16,106,0.0399
S_5552,11,118,0.0278
S_5553,18,1,0.0123
S_5554,15,83,0.0851
S_5555,17,14,0.0349
S_5556,21,112,0.0469
S_5557,11,27,0.0144
S_5558,19,41,0.0281
S_5559,14,117,0.0239
S_5560,19,104,0.0133
S_5561,13,5,0.042
S_5562,12,5,0.0655
S_5563,17,98,0.037
S_5564,10,8,0.1451
S_5565,13,102,0.1255
S_5566,13,110,0.0162
S_5567,13,2,0.0756
S_5568,17,26,0.0587
S_5569,17,2,0.0229
S_5570,15,8,0.0442
S_5571,13,64,0.0566
S_5572,14,87,0.0526
S_5573,11,57,0.0315
S_5574,11,46,0.0814
S_5575,13,24,0.0284
S_5576,11,28,0.046
S_5577,15,69,0.0448
S_5578,17,102,0.0315
S_5579,15,48,0.0624
S_5580,12,112,0.0292
S_5581,14,6,0.0911
S_5582,18,99,0.0524
S_5583,18,40,0.0168
S_5584,11,104,0.0237
S_5585,16,110,0.0144
S_5586,12,84,0.0855
S_5587,18,42,0.0382
S_5588,19,54,0.1376
S_5589,7,66,0.0585
S_5590,12,55,0.0252
S_5591,16,94,0.1056
S_5592,8,92,0.0253
S_5593,19,1,0.0119
S_5594,16,18,0.0755
S_5595,10,43,0.0103
S_5596,18,80,0.0964
S_5597,18,27,0.0583
S_5598,17,38,0.0314
S_5599,16,55,0.048
S_5600,17,70,0.0402
S_5601,11,108,0.0493
S_5602,15,96,0.0123
S_5603,12,43,0.0189
S_5604,18,92,0.0118
S_5605,15,99,0.0464
S_5606,8,62,0.0846
S_5607,10,35,0.0493
S_5608,14,113,0.0724
S_5609,13,115,0.0296
S_5610,13,26,0.0194
S_5611,12,94,0.0684
S_5612,12,5,0.0445
S_5613,16,0,0.0137
S_5614,17,42,0.0673
S_5615,15,55,0.0549
S_5616,16,65,0.0385
S_5617,15,45,0.0149
S_5618,10,15,0.1478
S_5619,19,41,0.0136
S_5620,19,98,0.0271
S_5621,16,40,0.0595
S_5622,11,71,0.0784
S_5623,10,81,0.0139
S_5624,12,87,0.0327
S_5625,21,58,0.0696
S_5626,16,15,0.0254
S_5627,15,108,0.0591
S_5628,15,31,0.0347
S_5629,13,40,0.0172
S_5630,14,92,0.0477
S_5631,15,91,0.0443
S_5632,13,107,0.048
S_5633,11,4,0.0224
S_5634,15,104,0.0259
S_5635,12,95,0.1193
S_5636,18,63,0.0507
S_5637,16,19,0.0421
S_5638,14,65,0.1685
S_5639,12,23,0.0159
S_5640,17,115,0.0151
S_5641,17,85,0.0817
S_5642,13,71,0.0443
S_5643,16,97,0.0325
S_5644,12,63,0.0411
S_5645,15,7,0.0433
S_5646,12,31,0.0686
S_5647,13,117,0.0473
S_5648,17,102,0.0609
S_5649,18,111,0.0297
S_5650,10,11,0.1458
S_5651,14,29,0.0444
S_5652,17,7,0.0259
S_5653,11,98,0.0301
S_5654,13,20,0.0664
S_5655,16,49,0.0537
S_5656,13,32,0.0155
S_5657,11,111,0.0563
S_5658,13,73,0.0428
S_5659,14,95,0.0428
S_5660,19,72,0.0869
S_5661,21,73,0.0381
S_5662,16,45,0.0503
S_5663,15,28,0.0916
S_5664,11,41,0.0799
S_5665,10,35,0.0293
S_5666,18,82,0.0267
S_5667,10,50,0.0246
S_5668,16,66,0.1083
S_5669,21,92,0.0252
S_5670,11,31,0.1074
S_5671,9,50,0.0331
S_5672,16,62,0.0517
S_5673,18,6,0.0407
S_5674,12,18,0.0103
S_5675,17,7,0.0504
S_5676,18,90,0.0675
S_5677,16,35,0.1138
S_5678,13,50,0.0275
S_5679,17,80,0.0548
S_5680,13,115,0.0091
S_5681,14,97,0.0544
S_5682,13,6,0.0264
S_5683,15,36,0.1275
S_5684,15,5,0.0422
S_5685,14,7,0.0011
S_5686,14,15,0.0179
S_5687,16,38,0.053
S_5688,12,27,0.0327
S_5689,12,42,0.0341
S_5690,18,98,0.0595
S_5691,17,95,0.0109
S_5692,12,42,0.025
S_5693,12,79,0.0481
S_5694,12,44,0.2234
S_5695,9,46,0.026
S_5696,17,81,0.0506
S_5697,16,46,0.0167
S_5698,12,65,0.0334
S_5699,17,13,0.0508
S_5700,17,64,0.0406
S_5701,14,89,0.0837
S_5702,16,106,0.0217
S_5703,16,17,0.1035
S_5704,14,49,0.0139
S_5705,15,58,0.0499
S_5706,16,108,0.0171
S_5707,15,30,0.0077
S_5708,13,19,0.043
S_5709,13,16,0.038
S_5710,19,18,0.0266
S_5711,13,104,0.0946
S_5712,11,74,0.0507
S_5713,18,50,0.0536
S_5714,14,104,0.0238
S_5715,14,35,0.031
S_5716,14,111,0.0148
S_5717,18,91,0.0301
S_5718,12,2,0.0845
S_5719,18,55,0.0086
S_5720,15,101,0.0871
S_5721,17,47,0.0711
S_5722,13,118,0.0103
S_5723,21,101,0.0331
S_5724,14,90,0.0157
S_5725,14,16,0.0482
S_5726,12,12,0.0363
S_5727,14,76,0.0185
S_5728,12,79,0.0149
S_5729,21,17,0.0509
S_5730,9,102,0.024
S_5731,8,104,0.0271
S_5732,13,49,0.0531
S_5733,16,72,0.069
S_5734,19,61,0.0418
S_5735,15,4,0.0522
S_5736,14,10,0.0543
S_5737,15,93,0.095
S_5738,17,58,0.1285
S_5739,11,73,0.0235
S_5740,17,73,0.0165
S_5741,9,45,0.0279
S_5742,14,3,0.0387
S_5743,14,94,0.0729
S_5744,10,56,0.0379
S_5745,15,16,0.017
S_5746,13,2,0.0207
S_5747,15,2,0.1176
S_5748,15,4,0.0303
S_5749,16,18,0.0163
S_5750,13,27,0.0298
S_5751,15,29,0.0076
S_5752,18,75,0.0278
S_5753,17,28,0.0761
S_5754,15,80,0.0699
S_5755,12,98,0.0061
S_5756,7,46,0.0155
S_5757,9,86,0.0608
S_5758,16,12,0.0396
S_5759,12,39,0.141
S_5760,11,81,0.0133
S_5761,13,111,0.0136
S_5762,14,73,0.0158
S_5763,15,43,0.0602
S_5764,12,37,0.0157
S_5765,17,46,0.0192
S_5766,14,78,0.0446
S_5767,14,39,0.0409
S_5768,12,56,0.0628
S_5769,20,91,0.0205
S_5770,14,28,0.0344
S_5771,16,85,0.0851
S_5772,15,91,0.0881
S_5773,18,103,0.0294
S_5774,12,2,0.0647
S_5775,16,13,0.0234
S_5776,14,114,0.0738
S_5777,15,15,0.0236
S_5778,13,58,0.0468
S_5779,20,20,0.0485
S_5780,14,97,0.0467
S_5781,10,11,0.0574
S_5782,14,10,0.0501
S_5783,15,60,0.0617
S_5784,15,28,0.0325
S_5785,11,79,0.0641
S_5786,11,82,0.041
S_5787,20,70,0.0567
S_5788,14,100,0.042
S_5789,14,83,0.0151
S_5790,21,22,0.0201
S_5791,17,9,0.2126
S_5792,14,89,0.0322
S_5793,15,88,0.0245
S_5794,20,102,0.0556
S_5795,13,24,0.0934
S_5796,17,26,0.0637
S_5797,17,69,0.022
S_5798,15,18,0.0381
S_5799,13,35,0.013
S_5800,16,97,0.0066
S_5801,14,40,0.0261
S_5802,17,1,0.0374
S_5803,10,78,0.1082
S_5804,21,21,0.0315
S_5805,16,23,0.0781
S_5806,16,1,0.0511
S_5807,21,69,0.0184
S_5808,13,67,0.0301
S_5809,12,11,0.1255
S_5810,14,6,0.1134
S_5811,21,58,0.0401
S_5812,14,93,0.0135
S_5813,21,114,0.0044
S_5814,13,9,0.0231
S_5815,7,84,0.0304
S_5816,9,22,0.0434
S_5817,16,4,0.1372
S_5818,16,40,0.0562
S_5819,16,68,0.0455
S_5820,11,72,0.0206
S_5821,11,5,0.0683
S_5822,10,111,0.0604
S_5823,14,6,0.0215
S_5824,16,26,0.0231
S_5825,18,51,0.0388
S_5826,17,113,0.0534
S_5827,15,118,0.0462
S_5828,21,0,0.0155
S_5829,15,26,0.0109
S_5830,8,60,0.0462
S_5831,11,83,0.0202
S_5832,15,78,0.0934
S_5833,10,30,0.0539
S_5834,18,23,0.1493
S_5835,15,1,0.0335
S_5836,19,101,0.1118
S_5837,15,45,0.0502
S_5838,7,103,0.0485
S_5839,19,38,0.0386
S_5840,14,90,0.1353
S_5841,14,8,0.044
S_5842,16,97,0.0267
S_5843,14,106,0.0063
S_5844,16,31,0.0219
S_5845,15,17,0.0093
S_5846,14,23,0.0075
S_5847,10,104,0.1108
S_5848,15,34,0.0126
S_5849,14,27,0.0468
S_5850,17,117,0.0438
S_5851,17,80,0.0714
S_5852,14,99,0.006
S_5853,14,89,0.1031
S_5854,18,44,0.0228
S_5855,17,103,0.0435
S_5856,13,70,0.0808
S_5857,10,78,0.0577
S_5858,20,39,0.0106
S_5859,17,117,0.0106
S_5860,17,102,0.0336
S_5861,11,17,0.0245
S_5862,17,24,0.0771
S_5863,12,89,0.069
S_5864,18,3,0.0554
S_5865,14,40,0.0676
S_5866,11,63,0.0693
S_5867,15,24,0.0234
S_5868,16,104,0.0152
S_5869,16,106,0.0373
S_5870,15,114,0.0324
S_5871,8,17,0.075
S_5872,19,9,0.0261
S_5873,16,66,0.1075
S_5874,15,95,0.0582
S_5875,18,34,0.0891
S_5876,11,28,0.0145
S_5877,13,62,0.0278
S_5878,18,57,0.0943
S_5879,21,57,0.0453
S_5880,13,48,0.0189
S_5881,9,87,0.101
S_5882,17,73,0.0311
S_5883,19,58,0.0683
S_5884,9,86,0.0547
S_5885,14,31,0.1163
S_5886,18,107,0.0232
S_5887,19,46,0.0306
S_5888,10,39,0.0927
S_5889,14,65,0.0051
S_5890,13,32,0.0224
S_5891,11,32,0.0034
S_5892,15,9,0.0664
S_5893,15,78,0.1997
S_5894,20,109,0.0624
S_5895,7,82,0.0881
S_5896,16,68,0.0435
S_5897,12,85,0.0568
S_5898,11,115,0.0442
S_5899,14,40,0.0515
S_5900,15,51,0.039
S_5901,13,34,0.0457
S_5902,14,2,0.0775
S_5903,14,41,0.0408
S_5904,16,8,0.0241
S_5905,18,103,0.0458
S_5906,14,85,0.0232
S_5907,15,36,0.1526
S_5908,15,39,0.0281
S_5909,20,68,0.0694
S_5910,16,95,0.0402
S_5911,16,86,0.0525
S_5912,14,3,0.0538
S_5913,15,94,0.0238
S_5914,9,105,0.0323
S_5915,13,10,0.044
S_5916,16,92,0.0117
S_5917,15,30,0.0107
S_5918,14,20,0.0289
S_5919,19,65,0.0497
S_5920,16,66,0.0123
S_5921,11,56,0.0418
S_5922,10,108,0.064
S_5923,17,28,0.0324
S_5924,12,72,0.0327
S_5925,15,49,0.056
S_5926,17,104,0.0632
S_5927,15,15,0.0478
S_5928,19,9,0.0866
S_5929,14,119,0.0112
S_5930,15,69,0.0164
S_5931,13,109,0.0026
S_5932,14,48,0.0375
S_5933,17,72,0.0671
S_5934,17,83,0.0253
S_5935,10,118,0.0183
S_5936,12,13,0.0168
S_5937,15,14,0.026
S_5938,16,62,0.0294
S_5939,11,6,0.1033
S_5940,13,87,0.0373
S_5941,16,118,0.0469
S_5942,17,97,0.0845
S_5943,16,31,0.0246
S_5944,14,95,0.0376
S_5945,12,75,0.0139
S_5946,13,14,0.0174
S_5947,18,67,0.0984
S_5948,17,107,0.0474
S_5949,12,34,0.0183
S_5950,19,79,0.0185
S_5951,12,4,0.0524
S_5952,15,100,0.0155
S_5953,11,24,0.0758
S_5954,20,73,0.0934
S_5955,17,62,0.0149
S_5956,15,65,0.0653
S_5957,13,30,0.0599
S_5958,21,67,0.0136
S_5959,16,72,0.0578
S_5960,21,51,0.0633
S_5961,15,75,0.0121
S_5962,15,22,0.0764
S_5963,17,61,0.0159
S_5964,15,86,0.0239
S_5965,15,44,0.0829
S_5966,16,49,0.0798
S_5967,17,19,0.0442
S_5968,12,73,0.0884
S_5969,15,14,0.0272
S_5970,13,60,0.0128
S_5971,16,25,0.0309
S_5972,15,23,0.0131
S_5973,13,11,0.0911
S_5974,19,42,0.0095
S_5975,18,104,0.0575
S_5976,18,72,0.0074
S_5977,18,93,0.078
S_5978,16,13,0.0539
S_5979,17,37,0.0048
S_5980,14,46,0.0082
S_5981,19,103,0.0761
S_5982,15,79,0.0595
S_5983,13,58,0.0772
S_5984,16,36,0.0464
S_5985,13,91,0.0788
S_5986,17,106,0.1137
S_5987,17,64,0.0104
S_5988,17,5,0.0634
S_5989,10,32,0.0119
S_5990,9,89,0.0629
S_5991,15,46,0.0148
S_5992,15,75,0.0393
S_5993,19,62,0.041
S_5994,13,108,0.098
S_5995,12,36,0.0688
S_5996,12,53,0.0561
S_5997,11,7,0.0586
S_5998,13,96,0.0375
S_5999,11,39,0.0516
S_6000,15,86,0.0435
S_6001,15,0,0.0539
S_6002,12,104,0.0175
S_6003,12,116,0.0165
S_6004,11,56,0.0195
S_6005,7,57,0.0349
S_6006,12,73,0.023
S_6007,13,117,0.0741
S_6008,8,67,0.0087
S_6009,19,8,0.0399
S_6010,17,67,0.0946
S_6011,14,50,0.099
S_6012,8,91,0.0341
S_6013,18,36,0.0976
S_6014,13,110,0.0456
S_6015,10,96,0.0761
S_6016,11,39,0.037
S_6017,13,42,0.0346
S_6018,12,62,0.071
S_6019,13,11,0.0863
S_6020,9,82,0.023
S_6021,19,73,0.1485
S_6022,17,38,0.0133
S_6023,12,76,0.1044
S_6024,17,11,0.0095
S_6025,13,114,0.079
S_6026,15,8,0.0282
S_6027,11,39,0.0441
S_6028,16,116,0.0519
S_6029,17,47,0.0739
S_6030,15,106,0.0813
S_6031,13,18,0.0453
S_6032,9,8,0.0424
S_6033,17,12,0.0479
S_6034,14,116,0.0267
S_6035,12,10,0.1023
S_6036,13,78,0.0737
S_6037,15,52,0.0212
S_6038,11,103,0.0246
S_6039,16,35,0.055
S_6040,14,3,0.0107
S_6041,12,89,0.0478
S_6042,12,70,0.0174
S_6043,16,52,0.0769
S_6044,7,38,0.0232
S_6045,13,107,0.0323
S_6046,16,14,0.0788
S_6047,14,16,0.0445
S_6048,18,1,0.0723
S_6049,15,8,0.0673
S_6050,13,102,0.0386
S_6051,14,95,0.0273
S_6052,15,12,0.1146
S_6053,12,93,0.038
S_6054,16,76,0.1287
S_6055,20,46,0.0119
S_6056,11,10,0.0812
S_6057,16,72,0.0804
S_6058,12,100,0.1007
S_6059,12,50,0.0285
S_6060,13,50,0.0316
S_6061,13,99,0.0522
S_6062,16,25,0.0709
S_6063,15,20,0.032
S_6064,14,83,0.0538
S_6065,16,78,0.0669
S_6066,16,109,0.0259
S_6067,14,40,0.0494
S_6068,18,24,0.0299
S_6069,15,51,0.1081
S_6070,21,46,0.0163
S_6071,12,112,0.0285
S_6072,10,110,0.0405
S_6073,15,51,0.0808
S_6074,17,49,0.1076
S_6075,13,53,0.0238
S_6076,12,87,0.0082
S_6077,15,66,0.0974
S_6078,14,34,0.0037
S_6079,14,92,0.1107
S_6080,12,108,0.0035
S_6081,13,86,0.0653
S_6082,17,23,0.0389
S_6083,18,95,0.0381
S_6084,14,118,0.1143
S_6085,11,82,0.0658
S_6086,11,29,0.0424
S_6087,11,0,0.0393
S_6088,17,46,0.042
S_6089,15,56,0.0732
S_6090,14,109,0.0611
S_6091,17,74,0.0538
S_6092,16,33,0.0177
S_6093,7,83,0.0296
S_6094,12,11,0.0218
S_6095,14,25,0.0054
S_6096,20,89,0.0618
S_6097,19,35,0.0478
S_6098,8,3,0.0375
S_6099,11,59,0.0694
S_6100,15,78,0.0239
S_6101,16,94,0.0048
S_6102,13,36,0.0764
S_6103,16,50,0.0186
S_6104,13,66,0.0162
S_6105,13,8,0.076
S_6106,11,23,0.082
S_6107,10,44,0.0079
S_6108,13,32,0.0356
S_6109,18,55,0.0344
S_6110,16,78,0.0204
S_6111,15,64,0.0579
S_6112,14,92,0.037
S_6113,16,75,0.025
S_6114,13,35,0.0642
S_6115,12,14,0.0133
S_6116,16,76,0.124
S_6117,13,25,0.0798
S_6118,11,38,0.084
S_6119,16,95,0.1095
S_6120,10,26,0.0722
S_6121,16,64,0.0412
S_6122,16,11,0.035
S_6123,11,49,0.0722
S_6124,11,117,0.0176
S_6125,18,114,0.021
S_6126,16,113,0.0299
S_6127,16,71,0.0394
S_6128,15,35,0.0724
S_6129,17,42,0.0464
S_6130,17,24,0.0674
S_6131,12,11,0.1248
S_6132,14,20,0.0847
S_6133,13,56,0.0468
S_6134,16,3,0.0799
S_6135,15,112,0.0833
S_6136,18,67,0.1195
S_6137,15,20,0.0637
S_6138,15,49,0.0236
S_6139,17,45,0.0096
S_6140,17,100,0.0434
S_6141,18,14,0.0256
S_6142,15,51,0.117
S_6143,21,85,0.0318
S_6144,17,44,0.0491
S_6145,21,42,0.0562
S_6146,15,40,0.0226
S_6147,21,91,0.1881
S_6148,17,14,0.0373
S_6149,11,102,0.0247
S_6150,12,8,0.0165
S_6151,14,38,0.0485
S_6152,14,46,0.0856
S_6153,16,47,0.0792
S_6154,20,22,0.0112
S_6155,15,72,0.0398
S_6156,11,54,0.0074
S_6157,16,68,0.0201
S_6158,13,73,0.0446
S_6159,13,22,0.0421
S_6160,14,110,0.0307
S_6161,13,99,0.0244
S_6162,11,99,0.0164
S_6163,15,63,0.0239
S_6164,20,98,0.011
S_6165,17,75,0.0441
S_6166,11,54,0.0219
S_6167,7,90,0.0598
S_6168,15,71,0.0042
S_6169,16,0,0.0251
S_6170,16,119,0.048
S_6171,15,51,0.0847
S_6172,11,68,0.1333
S_6173,19,48,0.0323
S_6174,14,12,0.0755
S_6175,13,100,0.0523
S_6176,16,81,0.0396
S_6177,13,99,0.1562
S_6178,11,58,0.0244
S_6179,13,95,0.0987
S_6180,15,95,0.1308
S_6181,18,40,0.0989
S_6182,9,0,0.0853
S_6183,16,103,0.0592
S_6184,17,22,0.031
S_6185,16,104,0.0214
S_6186,16,74,0.0527
S_6187,19,76,0.0328
S_6188,17,29,0.0369
S_6189,13,48,0.0257
S_6190,17,37,0.0745
S_6191,15,22,0.0472
S_6192,17,86,0.0407
S_6193,11,11,0.0692
S_6194,14,61,0.0523
S_6195,16,64,0.0142
S_6196,14,114,0.0022
S_6197,16,104,0.0221
S_6198,19,59,0.0777
S_6199,14,101,0.0604
S_6200,17,94,0.0579
S_6201,11,3,0.0378
S_6202,17,110,0.0149
S_6203,10,82,0.0389
S_6204,15,80,0.0405
S_6205,15,85,0.0538
S_6206,20,26,0.0544
S_6207,13,3,0.0568
S_6208,9,27,0.0556
S_6209,16,95,0.1468
S_6210,11,71,0.0228
S_6211,15,43,0.0713
S_6212,13,28,0.0449
S_6213,14,95,0.0757
S_6214,8,54,0.0192
S_6215,9,73,0.0699
S_6216,16,1,0.1123
S_6217,14,51,0.0516
S_6218,11,1,0.0586
S_6219,13,94,0.0199
S_6220,16,29,0.0098
S_6221,14,20,0.0624
S_6222,16,111,0.1177
S_6223,12,2,0.0622
S_6224,16,23,0.1087
S_6225,14,28,0.0296
S_6226,16,98,0.0175
S_6227,15,85,0.0756
S_6228,13,116,0.0844
S_6229,13,83,0.0165
S_6230,14,28,0.1614
S_6231,17,20,0.0874
S_6232,20,90,0.0424
S_6233,12,108,0.065
S_6234,17,109,0.0391
S_6235,14,92,0.0115
S_6236,14,95,0.0221
S_6237,15,79,0.0598
S_6238,13,88,0.0229
S_6239,13,13,0.064
S_6240,20,39,0.0388
S_6241,15,54,0.018
S_6242,16,79,0.0347
S_6243,20,50,0.0342
S_6244,20,44,0.0724
S_6245,14,67,0.0629
S_6246,12,47,0.0179
S_6247,11,8,0.0809
S_6248,11,116,0.0242
S_6249,13,111,0.025
S_6250,11,4,0.0066
S_6251,14,63,0.0406
S_6252,12,85,0.0218
S_6253,13,73,0.0398
S_6254,14,42,0.0271
S_6255,14,96,0.0325
S_6256,11,73,0.02
S_6257,16,28,0.0159
S_6258,18,73,0.0261
S_6259,18,32,0.0557
S_6260,17,71,0.0869
S_6261,14,91,0.1511
S_6262,13,36,0.0071
S_6263,17,33,0.0541
S_6264,15,87,0.0561
S_6265,17,61,0.024
S_6266,20,16,0.0217
S_6267,14,65,0.0371
S_6268,12,79,0.0759
S_6269,13,58,0.0498
S_6270,15,74,0.0876
S_6271,13,43,0.0694
S_6272,17,105,0.0684
S_6273,17,28,0.0244
S_6274,18,33,0.0196
S_6275,18,92,0.0433
S_6276,7,6,0.047
S_6277,12,118,0.058
S_6278,15,75,0.0279
S_6279,11,96,0.1103
S_6280,14,70,0.0136
S_6281,12,94,0.0633
S_6282,13,52,0.0286
S_6283,20,69,0.0424
S_6284,18,79,0.0143
S_6285,15,108,0.0526
S_6286,12,4,0.0553
S_6287,16,13,0.0263
S_6288,8,82,0.0158
S_6289,17,41,0.0839
S_6290,16,81,0.0328
S_6291,11,27,0.055
S_6292,19,75,0.0154
S_6293,13,57,0.0287
S_6294,12,14,0.0337
S_6295,15,111,0.0672
S_6296,11,95,0.01
S_6297,12,93,0.0254
S_6298,16,83,0.0126
S_6299,13,2,0.058
S_6300,19,60,0.057
S_6301,10,90,0.0594
S_6302,15,26,0.0693
S_6303,18,73,0.1085
S_6304,17,111,0.0671
S_6305,12,90,0.0242
S_6306,20,65,0.0156
S_6307,9,37,0.0151
S_6308,14,76,0.1273
S_6309,17,85,0.015
S_6310,18,76,0.0364
S_6311,12,90,0.0298
S_6312,15,33,0.058
S_6313,17,60,0.0443
S_6314,14,65,0.095
S_6315,11,10,0.0203
S_6316,9,21,0.0116
S_6317,13,36,0.0088
S_6318,13,5,0.03
S_6319,12,28,0.1027
S_6320,20,62,0.0925
S_6321,16,65,0.005
S_6322,14,29,0.0862
S_6323,14,113,0.0623
S_6324,14,56,0.0592
S_6325,16,76,0.0321
S_6326,11,3,0.0609
S_6327,12,47,0.0819
S_6328,14,65,0.0613
S_6329,6,37,0.0976
S_6330,12,20,0.0257
S_6331,17,24,0.0165
S_6332,17,55,0.0619
S_6333,10,8,0.0727
S_6334,14,28,0.0439
S_6335,11,86,0.0263
S_6336,12,25,0.0893
S_6337,13,14,0.0305
S_6338,16,10,0.0519
S_6339,17,118,0.0228
S_6340,13,10,0.0929
S_6341,10,52,0.0025
S_6342,9,61,0.0088
S_6343,18,115,0.0327
S_6344,14,106,0.1011
S_6345,14,28,0.0289
S_6346,11,10,0.0982
S_6347,17,52,0.0723
S_6348,16,12,0.0268
S_6349,13,104,0.0606
S_6350,12,84,0.0165
S_6351,15,113,0.0193
S_6352,9,68,0.0601
S_6353,16,43,0.0592
S_6354,14,60,0.0068
S_6355,15,19,0.1346
S_6356,14,55,0.0355
S_6357,17,119,0.0178
S_6358,17,82,0.0383
S_6359,18,7,0.0522
S_6360,15,87,0.0494
S_6361,14,12,0.0947
S_6362,12,46,0.0214
S_6363,13,94,0.058
S_6364,16,15,0.0124
S_6365,15,35,0.03
S_6366,18,23,0.0688
S_6367,14,104,0.1517
S_6368,10,17,0.017
S_6369,15,64,0.0371
S_6370,17,33,0.0093
S_6371,16,60,0.0096
S_6372,16,20,0.0103
S_6373,18,90,0.0904
S_6374,15,77,0.0562
S_6375,10,5,0.0223
S_6376,17,113,0.0191
S_6377,15,107,0.0656
S_6378,14,35,0.065
S_6379,11,35,0.0792
S_6380,12,59,0.0281
S_6381,9,74,0.0328
S_6382,13,34,0.0457
S_6383,13,95,0.013
S_6384,14,9,0.0444
S_6385,19,47,0.082
S_6386,17,66,0.0258
S_6387,15,95,0.105
S_6388,12,104,0.0361
S_6389,11,29,0.0437
S_6390,18,28,0.0387
S_6391,11,44,0.056
S_6392,11,51,0.0249
S_6393,21,101,0.0616
S_6394,14,0,0.0259
S_6395,21,82,0.0571
S_6396,13,26,0.0539
S_6397,18,105,0.0824
S_6398,15,38,0.0597
S_6399,12,64,0.0335
S_6400,12,39,0.0699
S_6401,8,51,0.0159
S_6402,12,62,0.0621
S_6403,17,89,0.0236
S_6404,14,14,0.065
S_6405,13,42,0.0193
S_6406,14,76,0.0127
S_6407,17,70,0.0166
S_6408,10,93,0.0196
S_6409,16,106,0.038
S_6410,10,11,0.0093
S_6411,6,85,0.0237
S_6412,13,34,0.0219
S_6413,13,57,0.0098
S_6414,13,75,0.0038
S_6415,14,18,0.0465
S_6416,16,41,0.0374
S_6417,12,117,0.0123
S_6418,10,16,0.056
S_6419,18,9,0.0441
S_6420,18,100,0.0115
S_6421,15,51,0.1035
S_6422,16,80,0.0301
S_6423,17,36,0.061
S_6424,17,23,0.0125
S_6425,11,25,0.0564
S_6426,14,23,0.0243
S_6427,9,29,0.0486
S_6428,15,26,0.1272
S_6429,16,97,0.047
S_6430,10,63,0.0108
S_6431,16,35,0.0241
S_6432,17,41,0.0055
S_6433,19,114,0.0078
S_6434,14,22,0.0269
S_6435,16,106,0.0562
S_6436,18,88,0.1371
S_6437,11,73,0.0321
S_6438,14,74,0.123
S_6439,11,50,0.0406
S_6440,15,52,0.0365
S_6441,14,95,0.0361
S_6442,13,97,0.0752
S_6443,16,68,0.0345
S_6444,12,92,0.0337
S_6445,13,97,0.0043
S_6446,18,39,0.0127
S_6447,21,74,0.0581
S_6448,19,52,0.0316
S_6449,15,11,0.0325
S_6450,17,77,0.0465
S_6451,15,70,0.0331
S_6452,8,12,0.078
S_6453,10,8,0.0806
S_6454,14,29,0.0447
S_6455,20,100,0.0308
S_6456,11,7,0.0313
S_6457,17,55,0.0775
S_6458,11,21,0.0936
S_6459,17,30,0.0181
S_6460,16,92,0.0091
S_6461,11,102,0.0137
S_6462,15,69,0.0851
S_6463,16,103,0.0386
S_6464,15,102,0.0262
S_6465,18,26,0.0326
S_6466,17,77,0.033
S_6467,20,93,0.0457
S_6468,19,67,0.061
S_6469,16,96,0.1457
S_6470,17,75,0.0154
S_6471,14,34,0.1052
S_6472,16,82,0.0647
S_6473,17,70,0.0417
S_6474,13,74,0.101
S_6475,19,11,0.0095
S_6476,13,15,0.0093
S_6477,15,97,0.0334
S_6478,14,51,0.0578
S_6479,19,25,0.0276
S_6480,10,11,0.011
S_6481,11,31,0.0711
S_6482,13,35,0.1887
S_6483,13,117,0.0337
S_6484,15,100,0.0357
S_6485,11,9,0.0342
S_6486,15,89,0.0614
S_6487,11,67,0.0091
S_6488,15,27,0.0384
S_6489,18,89,0.0334
S_6490,17,3,0.0192
S_6491,13,87,0.0704
S_6492,13,107,0.0606
S_6493,21,105,0.0099
S_6494,17,92,0.0519
S_6495,16,112,0.0123
S_6496,18,84,0.0874
S_6497,16,82,0.0673
S_6498,16,3,0.068
S_6499,16,20,0.0054
S_6500,15,93,0.1246
S_6501,14,119,0.0108
S_6502,14,86,0.0246
S_6503,19,69,0.0719
S_6504,17,22,0.0886
S_6505,12,113,0.0941
S_6506,17,77,0.0695
S_6507,14,58,0.0802
S_6508,12,103,0.0448
S_6509,16,114,0.0427
S_6510,12,44,0.0394
S_6511,12,61,0.0291
S_6512,18,13,0.0321
S_6513,11,115,0.083
S_6514,15,14,0.0763
S_6515,17,111,0.0243
S_6516,12,22,0.0136
S_6517,18,109,0.0411
S_6518,16,54,0.0166
S_6519,21,71,0.0455
S_6520,15,4,0.0324
S_6521,20,47,0.0304
S_6522,11,59,0.0465
S_6523,12,1,0.0233
S_6524,18,79,0.0699
S_6525,13,100,0.0322
S_6526,13,2,0.0405
S_6527,20,59,0.0478
S_6528,17,4,0.03
S_6529,16,104,0.0305
S_6530,15,19,0.046
S_6531,16,7,0.1098
S_6532,9,102,0.0497
S_6533,15,53,0.0274
S_6534,13,11,0.0098
S_6535,18,77,0.0365
S_6536,12,84,0.006
S_6537,13,68,0.0276
S_6538,10,39,0.0387
S_6539,16,50,0.0265
S_6540,19,114,0.0217
S_6541,12,64,0.0076
S_6542,13,47,0.1118
S_6543,18,84,0.0638
S_6544,14,9,0.1223
S_6545,15,34,0.0839
S_6546,16,27,0.0322
S_6547,14,81,0.0385
S_6548,13,72,0.0543
S_6549,12,91,0.0724
S_6550,11,51,0.062
S_6551,9,20,0.0422
S_6552,15,21,0.0655
S_6553,15,107,0.0169
S_6554,16,8,0.0478
S_6555,17,71,0.0434
S_6556,15,27,0.0361
S_6557,10,25,0.028
S_6558,12,11,0.1148
S_6559,12,117,0.0531
S_6560,12,7,0.0389
S_6561,16,17,0.2365
S_6562,15,43,0.0144
S_6563,12,54,0.043
S_6564,17,114,0.0025
S_6565,14,29,0.0192
S_6566,12,86,0.0628
S_6567,16,78,0.0939
S_6568,19,62,0.0347
S_6569,13,31,0.01
S_6570,12,18,0.0251
S_6571,16,21,0.0381
S_6572,15,41,0.0423
S_6573,13,16,0.1079
S_6574,13,119,0.1015
S_6575,15,53,0.1239
S_6576,11,64,0.0293
S_6577,13,73,0.004
S_6578,12,23,0.0476
S_6579,12,57,0.0903
S_6580,15,7,0.0325
S_6581,20,116,0.0311
S_6582,10,56,0.0368
S_6583,17,3,0.1488
S_6584,15,71,0.0183
S_6585,3,12,0.025
S_6586,13,94,0.0734
S_6587,21,114,0.0274
S_6588,8,109,0.0684
S_6589,18,51,0.0208
S_6590,16,85,0.0278
S_6591,12,18,0.056
S_6592,16,9,0.0367
S_6593,16,98,0.028
S_6594,14,83,0.0339
S_6595,14,108,0.0268
S_6596,13,109,0.0398
S_6597,15,41,0.0393
S_6598,16,38,0.0201
S_6599,17,53,0.0616
S_6600,14,79,0.0823
S_6601,16,0,0.0175
S_6602,11,64,0.1324
S_6603,9,2,0.0303
S_6604,13,54,0.018
S_6605,11,9,0.0562
S_6606,14,67,0.0303
S_6607,16,37,0.0177
S_6608,15,57,0.0435
S_6609,13,114,0.0494
S_6610,12,40,0.1299
S_6611,17,86,0.0463
S_6612,18,81,0.0644
S_6613,15,104,0.0067
S_6614,12,40,0.0713
S_6615,17,6,0.0055
S_6616,11,116,0.0614
S_6617,11,43,0.0776
S_6618,16,23,0.0201
S_6619,10,109,0.0333
S_6620,11,22,0.07
S_6621,18,63,0.1108
S_6622,10,90,0.0288
S_6623,14,87,0.0587
S_6624,20,3,0.0083
S_6625,16,24,0.05
S_6626,11,106,0.0228
S_6627,16,66,0.0604
S_6628,16,82,0.0298
S_6629,11,48,0.0112
S_6630,16,89,0.0866
S_6631,18,34,0.0458
S_6632,19,27,0.0836
S_6633,16,119,0.0898
S_6634,17,18,0.0212
S_6635,12,117,0.039
S_6636,20,111,0.0356
S_6637,12,85,0.0205
S_6638,12,69,0.124
S_6639,13,0,0.0147
S_6640,13,76,0.0368
S_6641,11,92,0.0768
S_6642,14,87,0.0161
S_6643,19,20,0.011
S_6644,13,65,0.0106
S_6645,13,66,0.0397
S_6646,19,78,0.0207
S_6647,9,99,0.0238
S_6648,17,83,0.0114
S_6649,14,16,0.0274
S_6650,16,2,0.0401
S_6651,15,16,0.0384
S_6652,19,4,0.0944
S_6653,11,52,0.0481
S_6654,10,34,0.0213
S_6655,16,0,0.0949
S_6656,11,9,0.0216
S_6657,17,47,0.0308
S_6658,16,112,0.0454
S_6659,16,119,0.0534
S_6660,12,6,0.0758
S_6661,14,99,0.0544
S_6662,14,57,0.0074
S_6663,20,74,0.1275
S_6664,14,60,0.011
S_6665,13,110,0.019
S_6666,18,57,0.0459
S_6667,12,20,0.0464
S_6668,20,93,0.0217
S_6669,10,61,0.0192
S_6670,20,14,0.0828
S_6671,15,55,0.0236
S_6672,13,82,0.0227
S_6673,20,35,0.0397
S_6674,14,109,0.0269
S_6675,11,101,0.0718
S_6676,14,68,0.0898
S_6677,16,6,0.0318
S_6678,14,69,0.043
S_6679,14,49,0.0207
S_6680,14,86,0.0591
S_6681,16,32,0.025
S_6682,11,72,0.0195
S_6683,16,66,0.0556
S_6684,19,63,0.022
S_6685,19,13,0.1045
S_6686,19,58,0.0409
S_6687,12,66,0.0329
S_6688,20,111,0.0255
S_6689,14,55,0.0356
S_6690,16,76,0.0314
S_6691,15,68,0.0626
S_6692,13,23,0.0527
S_6693,15,22,0.0493
S_6694,17,88,0.032
S_6695,16,62,0.0214
S_6696,16,107,0.0876
S_6697,12,108,0.0498
S_6698,14,35,0.0925
S_6699,15,12,0.0607
S_6700,10,41,0.0178
S_6701,16,8,0.0378
S_6702,16,93,0.0257
S_6703,19,17,0.0324
S_6704,13,103,0.0488
S_6705,14,49,0.0593
S_6706,14,33,0.0599
S_6707,17,60,0.0856
S_6708,13,72,0.0513
S_6709,18,84,0.0538
S_6710,14,40,0.1062
S_6711,15,117,0.0229
S_6712,12,50,0.0161
S_6713,11,100,0.002
S_6714,14,4,0.0171
S_6715,12,93,0.0051
S_6716,11,66,0.0411
S_6717,14,76,0.0615
S_6718,10,44,0.0901
S_6719,14,65,0.0215
S_6720,15,111,0.0298
S_6721,18,46,0.0386
S_6722,14,12,0.0445
S_6723,16,86,0.0509
S_6724,11,60,0.0765
S_6725,11,50,0.0286
S_6726,17,93,0.0379
S_6727,12,67,0.0338
S_6728,12,75,0.0264
S_6729,11,111,0.1369
S_6730,13,7,0.0674
S_6731,16,31,0.0535
S_6732,8,107,0.0341
S_6733,21,95,0.0043
S_6734,15,22,0.0322
S_6735,12,20,0.0455
S_6736,14,99,0.0429
S_6737,12,66,0.0548
S_6738,15,103,0.0398
S_6739,12,110,0.128
S_6740,15,8,0.0132
S_6741,13,116,0.014
S_6742,16,85,0.086
S_6743,20,100,0.0068
S_6744,12,75,0.0257
S_6745,14,36,0.2026
S_6746,16,71,0.0319
S_6747,18,61,0.09
S_6748,16,111,0.0569
S_6749,12,66,0.0313
S_6750,11,3,0.0545
S_6751,15,82,0.0624
S_6752,17,6,0.0783
S_6753,16,113,0.0275
S_6754,16,58,0.0333
S_6755,11,116,0.0498
S_6756,13,3,0.0397
S_6757,14,63,0.117
S_6758,15,27,0.0321
S_6759,15,76,0.0864
S_6760,16,59,0.0051
S_6761,9,67,0.0283
S_6762,11,43,0.0457
S_6763,15,6,0.0696
S_6764,15,12,0.0622
S_6765,14,103,0.0903
S_6766,16,84,0.023
S_6767,16,92,0.0396
S_6768,11,14,0.0321
S_6769,9,5,0.0749
S_6770,13,2,0.0502
S_6771,17,62,0.0242
S_6772,15,60,0.054
S_6773,14,13,0.0999
S_6774,18,41,0.0185
S_6775,21,63,0.0261
S_6776,17,81,0.0344
S_6777,19,97,0.0174
S_6778,10,76,0.047
S_6779,15,3,0.0993
S_6780,13,70,0.0068
S_6781,17,10,0.0956
S_6782,11,67,0.0036
S_6783,14,45,0.016
S_6784,13,34,0.0232
S_6785,17,57,0.0007
S_6786,13,45,0.016
S_6787,10,99,0.0764
S_6788,16,27,0.0268
S_6789,17,16,0.0901
S_6790,12,100,0.0932
S_6791,17,29,0.0243
S_6792,15,3,0.0873
S_6793,15,46,0.0199
S_6794,8,98,0.0292
S_6795,18,51,0.1233
S_6796,16,56,0.0249
S_6797,15,5,0.0396
S_6798,16,85,0.0447
S_6799,15,41,0.0372
S_6800,19,87,0.0535
S_6801,18,49,0.0063
S_6802,13,63,0.0388
S_6803,21,70,0.0084
S_6804,17,23,0.1207
S_6805,20,35,0.0598
S_6806,15,70,0.0218
S_6807,15,98,0.1087
S_6808,11,115,0.0478
S_6809,9,62,0.0628
S_6810,15,8,0.0412
S_6811,13,114,0.0248
S_6812,16,50,0.076
S_6813,12,12,0.0367
S_6814,17,116,0.0623
S_6815,17,33,0.0859
S_6816,20,78,0.0281
S_6817,21,17,0.1028
S_6818,17,86,0.0128
S_6819,21,117,0.0782
S_6820,16,118,0.081
S_6821,15,15,0.0768
S_6822,12,92,0.0095
S_6823,15,79,0.0371
S_6824,14,96,0.0387
S_6825,12,39,0.0244
S_6826,10,48,0.0322
S_6827,14,41,0.0323
S_6828,11,91,0.0262
S_6829,14,97,0.0119
S_6830,17,29,0.0298
S_6831,12,68,0.0854
S_6832,11,15,0.0845
S_6833,11,1,0.0177
S_6834,12,73,0.0976
S_6835,13,100,0.1488
S_6836,11,108,0.0079
S_6837,17,74,0.0362
S_6838,16,97,0.0646
S_6839,10,48,0.039
S_6840,11,105,0.071
S_6841,17,92,0.09
S_6842,11,37,0.0576
S_6843,12,71,0.0293
S_6844,14,6,0.0076
S_6845,12,17,0.0659
S_6846,21,113,0.0799
S_6847,16,1,0.0404
S_6848,15,24,0.0565
S_6849,14,16,0.0128
S_6850,17,83,0.007
S_6851,15,12,0.0456
S_6852,13,2,0.0447
S_6853,10,111,0.0559
S_6854,13,104,0.0611
S_6855,13,43,0.0174
S_6856,16,12,0.0154
S_6857,17,81,0.068
S_6858,14,105,0.0422
S_6859,15,116,0.0691
S_6860,11,15,0.032
S_6861,12,72,0.0262
S_6862,9,51,0.0662
S_6863,13,18,0.0069
S_6864,15,96,0.0761
S_6865,16,93,0.046
S_6866,12,115,0.0588
S_6867,18,10,0.0975
S_6868,19,28,0.1635
S_6869,17,99,0.0203
S_6870,18,47,0.0269
S_6871,12,57,0.02
S_6872,10,73,0.0389
S_6873,17,49,0.0167
S_6874,19,4,0.0536
S_6875,19,72,0.0108
S_6876,9,27,0.0503
S_6877,15,116,0.0222
S_6878,11,82,0.1663
S_6879,14,100,0.0246
S_6880,17,114,0.0454
S_6881,16,7,0.0856
S_6882,10,17,0.1154
S_6883,14,96,0.0183
S_6884,13,106,0.0214
S_6885,17,0,0.0189
S_6886,12,113,0.0146
S_6887,15,54,0.1166
S_6888,14,55,0.0762
S_6889,20,105,0.0781
S_6890,17,34,0.1047
S_6891,14,70,0.0917
S_6892,13,40,0.0176
S_6893,14,13,0.0959
S_6894,21,43,0.0395
S_6895,16,20,0.1129
S_6896,15,62,0.1735
S_6897,17,63,0.1441
S_6898,16,52,0.0329
S_6899,16,20,0.0414
S_6900,17,14,0.0971
S_6901,12,12,0.0314
S_6902,11,13,0.1207
S_6903,17,35,0.0414
S_6904,16,0,0.0853
S_6905,13,7,0.0286
S_6906,12,56,0.0331
S_6907,16,21,0.062
S_6908,16,31,0.0779
S_6909,10,42,0.0305
S_6910,15,4,0.0192
S_6911,14,26,0.0913
S_6912,14,93,0.0751
S_6913,11,40,0.0816
S_6914,12,22,0.0366
S_6915,14,23,0.054
S_6916,9,118,0.0852
S_6917,18,17,0.0151
S_6918,14,108,0.0506
S_6919,13,9,0.0178
S_6920,11,104,0.0194
S_6921,15,60,0.1093
S_6922,9,73,0.0773
S_6923,17,29,0.1275
S_6924,17,107,0.0928
S_6925,13,70,0.0637
S_6926,8,81,0.0888
S_6927,13,66,0.1237
S_6928,14,15,0.0718
S_6929,14,100,0.1536
S_6930,20,22,0.0143
S_6931,16,35,0.0465
S_6932,20,80,0.0955
S_6933,17,11,0.0889
S_6934,16,112,0.0443
S_6935,15,14,0.0762
S_6936,9,80,0.0354
S_6937,8,76,0.1275
S_6938,17,83,0.0258
S_6939,14,52,0.0348
S_6940,18,45,0.0126
S_6941,10,117,0.0408
S_6942,15,98,0.0345
S_6943,16,58,0.0727
S_6944,13,21,0.0163
S_6945,11,106,0.0083
S_6946,11,77,0.0173
S_6947,12,16,0.0019
S_6948,13,21,0.0048
S_6949,13,64,0.0125
S_6950,15,60,0.1955
S_6951,14,49,0.0685
S_6952,11,51,0.0206
S_6953,16,20,0.0744
S_6954,11,30,0.0208
S_6955,13,59,0.024
S_6956,11,7,0.0951
S_6957,12,42,0.1148
S_6958,13,25,0.0872
S_6959,13,20,0.0494
S_6960,14,17,0.0352
S_6961,14,16,0.0685
S_6962,18,19,0.0466
S_6963,11,44,0.0714
S_6964,6,12,0.037
S_6965,11,107,0.0447
S_6966,18,59,0.0233
S_6967,16,60,0.0314
S_6968,12,25,0.0457
S_6969,13,104,0.0216
S_6970,8,99,0.1075
S_6971,12,4,0.0658
S_6972,12,87,0.0146
S_6973,17,22,0.1562
S_6974,14,66,0.0578
S_6975,11,104,0.024
S_6976,10,112,0.0379
S_6977,17,22,0.043
S_6978,14,112,0.0644
S_6979,12,8,0.0364
S_6980,17,109,0.0226
S_6981,17,92,0.0411
S_6982,13,109,0.076
S_6983,11,43,0.0165
S_6984,19,112,0.0458
S_6985,16,98,0.0656
S_6986,14,39,0.0104
S_6987,11,40,0.0652
S_6988,16,42,0.0889
S_6989,11,70,0.0106
S_6990,16,21,0.0098
S_6991,16,52,0.0196
S_6992,12,8,0.0518
S_6993,16,42,0.0618
S_6994,13,80,0.0241
S_6995,17,70,0.1117
S_6996,13,37,0.04
S_6997,17,30,0.1112
S_6998,21,39,0.0789
S_6999,12,8,0.0657
S_7000,10,30,0.0247
S_7001,15,84,0.0327
S_7002,16,21,0.0447
S_7003,12,16,0.0983
S_7004,14,101,0.0119
S_7005,12,28,0.0452
S_7006,10,30,0.0366
S_7007,15,55,0.0591
S_7008,14,56,0.0689
S_7009,11,22,0.0443
S_7010,12,66,0.0897
S_7011,13,83,0.0123
S_7012,14,58,0.077
S_7013,10,107,0.0611
S_7014,12,118,0.0534
S_7015,18,63,0.076
S_7016,16,116,0.0661
S_7017,13,77,0.0661
S_7018,18,63,0.0244
S_7019,14,104,0.0284
S_7020,13,115,0.0199
S_7021,15,119,0.0327
S_7022,15,91,0.1393
S_7023,19,58,0.1267
S_7024,11,35,0.0063
S_7025,17,66,0.059
S_7026,14,93,0.0619
S_7027,11,3,0.0302
S_7028,15,32,0.0361
S_7029,13,42,0.1176
S_7030,18,93,0.0749
S_7031,12,73,0.0434
S_7032,13,51,0.0718
S_7033,15,110,0.0462
S_7034,9,64,0.0883
S_7035,17,86,0.0507
S_7036,18,78,0.0093
S_7037,16,103,0.0426
S_7038,15,97,0.0435
S_7039,16,118,0.0033
S_7040,15,45,0.0106
S_7041,17,19,0.0614
S_7042,20,91,0.0333
S_7043,14,104,0.091
S_7044,14,6,0.0335
S_7045,14,39,0.0089
S_7046,11,96,0.0199
S_7047,15,82,0.0064
S_7048,10,90,0.0096
S_7049,18,65,0.0152
S_7050,18,45,0.0635
S_7051,12,97,0.0443
S_7052,11,66,0.0451
S_7053,17,61,0.0295
S_7054,10,88,0.0678
S_7055,12,22,0.0424
S_7056,11,70,0.0493
S_7057,16,36,0.0851
S_7058,16,2,0.0373
S_7059,15,89,0.1334
S_7060,14,56,0.039
S_7061,16,108,0.1115
S_7062,14,60,0.1717
S_7063,19,1,0.0576
S_7064,17,49,0.0853
S_7065,12,20,0.0515
S_7066,13,110,0.022
S_7067,14,53,0.0153
S_7068,11,61,0.0393
S_7069,18,43,0.0688
S_7070,17,62,0.0339
S_7071,13,9,0.0409
S_7072,16,55,0.0045
S_7073,13,79,0.0266
S_7074,17,44,0.011
S_7075,14,47,0.0794
S_7076,8,100,0.0383
S_7077,10,64,0.0355
S_7078,18,70,0.0072
S_7079,14,35,0.059
S_7080,15,57,0.069
S_7081,14,6,0.0634
S_7082,10,51,0.0348
S_7083,11,96,0.0194
S_7084,18,19,0.067
S_7085,17,91,0.0378
S_7086,10,44,0.1068
S_7087,18,3,0.0311
S_7088,13,114,0.0648
S_7089,15,21,0.0025
S_7090,14,40,0.0737
S_7091,16,57,0.0642
S_7092,17,113,0.018
S_7093,13,69,0.0467
S_7094,18,108,0.0389
S_7095,19,67,0.0333
S_7096,16,24,0.0611
S_7097,11,67,0.0467
S_7098,16,12,0.1019
S_7099,13,14,0.1969
S_7100,13,13,0.0694
S_7101,12,1,0.0376
S_7102,19,18,0.0325
S_7103,14,42,0.0529
S_7104,19,8,0.047
S_7105,17,0,0.0332
S_7106,12,13,0.07
S_7107,12,112,0.1211
S_7108,14,63,0.0346
S_7109,14,52,0.0665
S_7110,13,58,0.0169
S_7111,18,66,0.1213
S_7112,15,12,0.0072
S_7113,15,70,0.0337
S_7114,11,100,0.057
S_7115,9,67,0.0933
S_7116,17,105,0.0328
S_7117,11,16,0.0962
S_7118,14,99,0.0524
S_7119,14,79,0.2727
S_7120,15,72,0.0815
S_7121,13,70,0.0593
S_7122,12,14,0.0783
S_7123,13,77,0.1169
S_7124,9,47,0.0316
S_7125,16,7,0.1196
S_7126,16,24,0.0519
S_7127,16,53,0.0917
S_7128,15,119,0.0071
S_7129,18,51,0.0287
S_7130,18,17,0.0713
S_7131,18,108,0.0115
S_7132,14,4,0.0406
S_7133,14,15,0.0316
S_7134,15,56,0.0813
S_7135,13,11,0.0646
S_7136,15,68,0.0473
S_7137,15,18,0.0328
S_7138,17,78,0.0559
S_7139,19,14,0.0253
S_7140,15,97,0.0463
S_7141,17,88,0.0178
S_7142,14,111,0.0292
S_7143,17,8,0.0533
S_7144,17,66,0.0697
S_7145,19,85,0.0593
S_7146,9,108,0.0467
S_7147,16,57,0.0628
S_7148,14,114,0.0494
S_7149,16,14,0.0132
S_7150,16,51,0.0576
S_7151,12,30,0.083
S_7152,9,18,0.085
S_7153,15,34,0.0803
S_7154,13,79,0.0445
S_7155,17,57,0.0378
S_7156,14,21,0.0734
S_7157,17,3,0.0291
S_7158,15,110,0.0093
S_7159,10,37,0.0513
S_7160,15,15,0.056
S_7161,14,17,0.0102
S_7162,14,30,0.0278
S_7163,16,27,0.1145
S_7164,12,33,0.0532
S_7165,19,27,0.0546
S_7166,10,51,0.0153
S_7167,10,91,0.0221
S_7168,16,3,0.0246
S_7169,21,22,0.0412
S_7170,13,85,0.0417
S_7171,16,17,0.0386
S_7172,18,88,0.05
S_7173,14,61,0.0543
S_7174,13,105,0.0529
S_7175,18,1,0.0028
S_7176,16,94,0.039
S_7177,16,68,0.019
S_7178,11,56,0.0478
S_7179,16,17,0.0819
S_7180,17,28,0.018
S_7181,16,94,0.0574
S_7182,16,17,0.031
S_7183,19,63,0.0421
S_7184,16,24,0.0271
S_7185,18,58,0.0207
S_7186,17,30,0.0256
S_7187,13,42,0.0127
S_7188,15,96,0.0674
S_7189,16,4,0.0412
S_7190,8,110,0.0687
S_7191,15,38,0.0219
S_7192,18,71,0.0525
S_7193,12,26,0.0544
S_7194,11,43,0.0136
S_7195,16,55,0.0366
S_7196,11,82,0.0268
S_7197,18,104,0.0058
S_7198,13,103,0.0187
S_7199,17,40,0.0481
S_7200,12,10,0.036
S_7201,21,111,0.0775
S_7202,21,3,0.0462
S_7203,18,105,0.0172
S_7204,12,3,0.0516
S_7205,14,117,0.0392
S_7206,9,1,0.0309
S_7207,18,2,0.0179
S_7208,15,61,0.0199
S_7209,14,80,0.0514
S_7210,12,42,0.0423
S_7211,17,72,0.0474
S_7212,16,101,0.0235
S_7213,15,95,0.0489
S_7214,16,106,0.0184
S_7215,20,19,0.0145
S_7216,12,26,0.0212
S_7217,11,70,0.0116
S_7218,12,86,0.0669
S_7219,18,12,0.0363
S_7220,15,21,0.0609
S_7221,12,110,0.0082
S_7222,16,3,0.0163
S_7223,13,48,0.0242
S_7224,15,25,0.0631
S_7225,16,92,0.0194
S_7226,13,103,0.0126
S_7227,9,29,0.0248
S_7228,15,70,0.0292
S_7229,14,101,0.0308
S_7230,13,71,0.0402
S_7231,15,72,0.0747
S_7232,16,49,0.0251
S_7233,8,78,0.0977
S_7234,15,115,0.0448
S_7235,14,35,0.048
S_7236,13,24,0.0343
S_7237,16,114,0.0047
S_7238,9,7,0.0452
S_7239,6,100,0.0732
S_7240,10,109,0.1311
S_7241,17,26,0.0716
S_7242,13,51,0.0437
S_7243,14,14,0.041
S_7244,20,44,0.0492
S_7245,16,54,0.0514
S_7246,18,61,0.0768
S_7247,14,14,0.0156
S_7248,8,48,0.0752
S_7249,14,75,0.0983
S_7250,12,60,0.0726
S_7251,12,100,0.0983
S_7252,16,114,0.0829
S_7253,8,98,0.0204
S_7254,12,5,0.018
S_7255,13,25,0.0438
S_7256,16,10,0.0948
S_7257,21,52,0.0071
S_7258,8,86,0.0602
S_7259,15,3,0.0155
S_7260,13,32,0.0845
S_7261,15,11,0.0624
S_7262,21,49,0.0609
S_7263,10,111,0.0485
S_7264,13,49,0.0714
S_7265,18,76,0.0478
S_7266,16,46,0.0522
S_7267,17,87,0.0136
S_7268,13,89,0.0644
S_7269,17,16,0.029
S_7270,17,78,0.019
S_7271,16,46,0.0625
S_7272,20,103,0.009
S_7273,15,18,0.0468
S_7274,16,107,0.0368
S_7275,13,61,0.1057
S_7276,16,30,0.0723
S_7277,15,40,0.0168
S_7278,17,0,0.0181
S_7279,16,113,0.0495
S_7280,16,26,0.059
S_7281,13,109,0.0757
S_7282,17,102,0.0051
S_7283,15,41,0.1234
S_7284,14,25,0.1143
S_7285,12,51,0.0246
S_7286,17,112,0.0553
S_7287,17,102,0.0313
S_7288,14,58,0.0612
S_7289,11,65,0.0701
S_7290,19,49,0.0503
S_7291,18,113,0.0694
S_7292,21,118,0.0688
S_7293,9,34,0.0362
S_7294,14,113,0.0202
S_7295,12,114,0.0734
S_7296,9,56,0.0781
S_7297,15,49,0.0916
S_7298,15,104,0.0334
S_7299,14,113,0.0178
S_7300,10,48,0.0275
S_7301,16,59,0.0268
S_7302,11,40,0.0381
S_7303,18,25,0.0495
S_7304,17,119,0.0181
S_7305,16,22,0.021
S_7306,13,97,0.0121
S_7307,15,50,0.0442
S_7308,13,10,0.0571
S_7309,16,38,0.0241
S_7310,19,9,0.0721
S_7311,18,117,0.1074
S_7312,15,31,0.024
S_7313,19,89,0.038
S_7314,16,51,0.0516
S_7315,8,81,0.0374
S_7316,18,30,0.036
S_7317,15,11,0.0233
S_7318,16,97,0.0389
S_7319,13,86,0.0202
S_7320,19,13,0.0437
S_7321,12,87,0.0366
S_7322,18,71,0.0365
S_7323,12,20,0.0541
S_7324,15,99,0.0543
S_7325,19,83,0.0323
S_7326,19,60,0.0799
S_7327,17,21,0.0758
S_7328,18,64,0.0035
S_7329,17,19,0.0109
S_7330,13,22,0.0231
S_7331,16,28,0.0544
S_7332,15,78,0.0599
S_7333,18,81,0.0355
S_7334,18,8,0.0475
S_7335,15,78,0.0113
S_7336,14,4,0.0264
S_7337,18,108,0.0187
S_7338,14,93,0.1777
S_7339,18,86,0.0474
S_7340,15,28,0.0702
S_7341,13,118,0.0806
S_7342,13,110,0.0275
S_7343,6,58,0.0617
S_7344,14,4,0.0592
S_7345,16,61,0.1168
S_7346,21,18,0.0651
S_7347,13,71,0.0751
S_7348,13,118,0.0329
S_7349,12,90,0.0786
S_7350,12,38,0.1587
S_7351,16,47,0.0722
S_7352,13,113,0.0374
S_7353,12,13,0.0331
S_7354,16,106,0.0289
S_7355,16,8,0.0801
S_7356,12,49,0.0077
S_7357,18,89,0.0156
S_7358,20,47,0.0368
S_7359,17,68,0.1053
S_7360,16,58,0.058
S_7361,8,72,0.0179
S_7362,12,20,0.0349
S_7363,10,69,0.0412
S_7364,17,118,0.1365
S_7365,17,23,0.0323
S_7366,16,8,0.0903
S_7367,14,47,0.071
S_7368,14,44,0.0273
S_7369,21,15,0.0305
S_7370,17,68,0.06
S_7371,14,52,0.0031
S_7372,16,100,0.044
S_7373,11,50,0.0943
S_7374,16,118,0.0598
S_7375,14,93,0.124
S_7376,16,58,0.0373
S_7377,12,66,0.0267
S_7378,20,104,0.0459
S_7379,12,92,0.0661
S_7380,13,78,0.0099
S_7381,11,32,0.0181
S_7382,12,49,0.0642
S_7383,14,94,0.0508
S_7384,15,75,0.0506
S_7385,14,114,0.0168
S_7386,16,104,0.1223
S_7387,21,51,0.0269
S_7388,14,35,0.0109
S_7389,13,14,0.0404
S_7390,19,48,0.0672
S_7391,12,27,0.0607
S_7392,19,2,0.0777
S_7393,9,16,0.0521
S_7394,18,54,0.0253
S_7395,12,107,0.0283
S_7396,12,38,0.0184
S_7397,16,52,0.0383
S_7398,17,46,0.104
S_7399,17,44,0.0681
S_7400,12,86,0.0097
S_7401,17,60,0.0977
S_7402,12,49,0.0409
S_7403,14,113,0.0632
S_7404,13,33,0.0104
S_7405,14,99,0.1082
S_7406,13,61,0.0286
S_7407,15,53,0.0457
S_7408,10,7,0.0449
S_7409,16,103,0.014
S_7410,13,32,0.0478
S_7411,11,81,0.0226
S_7412,18,104,0.0612
S_7413,20,64,0.0888
S_7414,16,76,0.0406
S_7415,15,40,0.0932
S_7416,13,87,0.0599
S_7417,11,78,0.0177
S_7418,16,53,0.0496
S_7419,10,76,0.02
S_7420,16,31,0.0444
S_7421,9,78,0.0468
S_7422,15,80,0.0476
S_7423,18,53,0.0281
S_7424,16,29,0.009
S_7425,18,96,0.0479
S_7426,19,90,0.0181
S_7427,15,6,0.0433
S_7428,20,59,0.0389
S_7429,14,11,0.0328
S_7430,12,38,0.0472
S_7431,12,50,0.0169
S_7432,17,21,0.004
S_7433,14,56,0.0826
S_7434,13,84,0.0191
S_7435,17,52,0.0242
S_7436,10,28,0.0349
S_7437,21,49,0.0092
S_7438,11,71,0.0308
S_7439,16,112,0.0202
S_7440,16,59,0.0063
S_7441,14,106,0.0318
S_7442,18,118,0.0131
S_7443,17,67,0.0469
S_7444,14,17,0.0346
S_7445,16,105,0.0858
S_7446,8,103,0.0189
S_7447,13,104,0.0249
S_7448,16,114,0.0065
S_7449,13,33,0.0562
S_7450,14,40,0.0303
S_7451,14,82,0.0674
S_7452,9,67,0.0411
S_7453,17,104,0.0193
S_7454,15,30,0.0556
S_7455,11,79,0.0172
S_7456,20,112,0.0308
S_7457,15,25,0.0276
S_7458,15,36,0.065
S_7459,14,48,0.0312
S_7460,20,10,0.1513
S_7461,17,21,0.0429
S_7462,12,45,0.0378
S_7463,8,8,0.0157
S_7464,17,43,0.0611
S_7465,14,29,0.0367
S_7466,13,103,0.0616
S_7467,14,73,0.0242
S_7468,9,107,0.04
S_7469,15,24,0.0613
S_7470,14,9,0.1665
S_7471,13,42,0.0032
S_7472,15,6,0.0527
S_7473,19,106,0.0172
S_7474,13,22,0.0509
S_7475,18,16,0.1592
S_7476,15,94,0.0224
S_7477,19,85,0.0344
S_7478,14,6,0.0636
S_7479,12,61,0.0579
S_7480,21,53,0.0457
S_7481,18,46,0.0084
S_7482,19,15,0.0175
S_7483,16,94,0.0321
S_7484,15,28,0.0603
S_7485,17,54,0.0894
S_7486,16,105,0.123
S_7487,13,38,0.0383
S_7488,16,4,0.089
S_7489,13,106,0.0667
S_7490,11,59,0.09
S_7491,14,59,0.0419
S_7492,13,66,0.0023
S_7493,21,21,0.0293
S_7494,11,85,0.0214
S_7495,13,27,0.0673
S_7496,13,36,0.0056
S_7497,17,75,0.066
S_7498,15,89,0.0896
S_7499,20,87,0.1005
S_7500,19,9,0.0106
S_7501,15,90,0.0607
S_7502,11,79,0.0504
S_7503,16,72,0.0204
S_7504,15,116,0.0463
S_7505,10,41,0.0294
S_7506,14,81,0.0633
S_7507,15,68,0.0117
S_7508,15,46,0.0313
S_7509,12,94,0.0658
S_7510,14,48,0.0834
S_7511,14,67,0.0925
S_7512,16,67,0.0725
S_7513,12,61,0.1112
S_7514,18,54,0.0623
S_7515,16,20,0.0253
S_7516,11,28,0.0317
S_7517,15,14,0.0644
S_7518,15,86,0.0301
S_7519,14,89,0.0637
S_7520,10,76,0.0955
S_7521,14,110,0.0106
S_7522,13,31,0.0214
S_7523,13,98,0.0396
S_7524,17,22,0.0629
S_7525,12,8,0.0394
S_7526,21,0,0.0287
S_7527,21,69,0.0231
S_7528,16,93,0.0505
S_7529,11,98,0.1064
S_7530,11,56,0.0734
S_7531,16,7,0.0291
S_7532,14,4,0.0267
S_7533,12,110,0.0607
S_7534,15,11,0.0233
S_7535,11,94,0.0364
S_7536,21,8,0.0403
S_7537,16,22,0.0215
S_7538,19,19,0.035
S_7539,17,33,0.0163
S_7540,17,48,0.0816
S_7541,12,14,0.0975
S_7542,7,116,0.0398
S_7543,18,0,0.0336
S_7544,15,92,0.0343
S_7545,21,63,0.0892
S_7546,13,10,0.0394
S_7547,15,14,0.029
S_7548,13,70,0.0848
S_7549,19,37,0.0436
S_7550,7,54,0.0907
S_7551,16,65,0.0866
S_7552,13,68,0.0393
S_7553,15,69,0.0625
S_7554,19,8,0.027
S_7555,11,88,0.0202
S_7556,11,35,0.0511
S_7557,20,13,0.0743
S_7558,13,12,0.0259
S_7559,13,28,0.0477
S_7560,13,75,0.0445
S_7561,10,56,0.0321
S_7562,19,12,0.0446
S_7563,19,3,0.0277
S_7564,9,2,0.0647
S_7565,13,50,0.0158
S_7566,10,94,0.027
S_7567,17,68,0.0084
S_7568,16,97,0.046
S_7569,12,38,0.1318
S_7570,13,16,0.0104
S_7571,19,96,0.0419
S_7572,14,87,0.0501
S_7573,13,70,0.0301
S_7574,17,106,0.0388
S_7575,15,75,0.0565
S_7576,18,63,0.0583
S_7577,17,60,0.0645
S_7578,16,74,0.0546
S_7579,12,61,0.0336
S_7580,19,32,0.0366
S_7581,15,114,0.0582
S_7582,15,114,0.0587
S_7583,10,20,0.1153
S_7584,12,63,0.0212
S_7585,12,94,0.02
S_7586,16,6,0.046
S_7587,17,14,0.0072
S_7588,14,65,0.0103
S_7589,15,3,0.0325
S_7590,14,99,0.01
S_7591,20,104,0.0357
S_7592,8,88,0.0063
S_7593,11,98,0.0787
S_7594,14,80,0.0722
S_7595,15,17,0.0044
S_7596,13,3,0.0369
S_7597,10,101,0.0419
S_7598,16,84,0.138
S_7599,20,47,0.0326
S_7600,10,95,0.024
S_7601,16,6,0.0198
S_7602,18,38,0.0241
S_7603,16,41,0.0112
S_7604,18,12,0.0602
S_7605,13,89,0.0243
S_7606,12,93,0.0408
S_7607,18,69,0.0777
S_7608,16,50,0.039
S_7609,15,72,0.0895
S_7610,15,107,0.0224
S_7611,10,42,0.0093
S_7612,13,40,0.0363
S_7613,15,74,0.0243
S_7614,20,82,0.0452
S_7615,11,54,0.0674
S_7616,12,103,0.0443
S_7617,16,42,0.0401
S_7618,7,76,0.0297
S_7619,14,80,0.0649
S_7620,11,35,0.0231
S_7621,21,2,0.0247
S_7622,17,99,0.0839
S_7623,12,57,0.0661
S_7624,15,11,0.0424
S_7625,12,114,0.1226
S_7626,11,35,0.043
S_7627,11,56,0.1049
S_7628,12,58,0.0156
S_7629,16,44,0.1124
S_7630,18,18,0.0057
S_7631,11,84,0.0337
S_7632,12,23,0.1147
S_7633,21,81,0.0381
S_7634,15,96,0.0136
S_7635,14,2,0.0132
S_7636,12,87,0.0496
S_7637,13,76,0.0618
S_7638,15,23,0.1155
S_7639,18,74,0.0831
S_7640,11,50,0.0343
S_7641,14,10,0.0244
S_7642,20,62,0.0226
S_7643,10,116,0.0631
S_7644,18,77,0.0141
S_7645,21,39,0.0493
S_7646,15,67,0.0995
S_7647,18,88,0.0568
S_7648,9,18,0.0393
S_7649,14,63,0.0414
S_7650,18,60,0.0126
S_7651,10,45,0.0413
S_7652,18,89,0.0892
S_7653,21,67,0.0794
S_7654,12,83,0.0319
S_7655,17,71,0.0297
S_7656,17,93,0.1301
S_7657,19,76,0.0768
S_7658,11,81,0.0147
S_7659,13,27,0.0194
S_7660,16,101,0.1354
S_7661,15,18,0.0272
S_7662,20,40,0.0797
S_7663,14,106,0.0401
S_7664,13,13,0.0656
S_7665,16,104,0.0086
S_7666,16,57,0.0654
S_7667,14,22,0.0083
S_7668,12,88,0.203
S_7669,15,34,0.0264
S_7670,16,81,0.032
S_7671,12,94,0.0878
S_7672,11,68,0.0526
S_7673,16,94,0.0397
S_7674,21,112,0.0672
S_7675,18,66,0.0478
S_7676,14,18,0.0471
S_7677,14,85,0.0466
S_7678,15,49,0.0447
S_7679,13,63,0.0296
S_7680,16,75,0.0564
S_7681,10,86,0.075
S_7682,13,76,0.0396
S_7683,19,27,0.0525
S_7684,17,89,0.0476
S_7685,17,96,0.0276
S_7686,18,4,0.023
S_7687,14,36,0.0352
S_7688,10,117,0.1002
S_7689,15,21,0.0145
S_7690,16,21,0.0769
S_7691,20,70,0.0401
S_7692,12,40,0.0077
S_7693,14,78,0.0841
S_7694,18,31,0.0159
S_7695,17,51,0.0668
S_7696,10,119,0.0149
S_7697,18,44,0.0385
S_7698,20,10,0.0409
S_7699,13,89,0.0623
S_7700,18,70,0.0262
S_7701,17,53,0.0743
S_7702,12,109,0.0481
S_7703,11,17,0.0229
S_7704,16,58,0.0749
S_7705,18,23,0.1149
S_7706,13,10,0.0515
S_7707,11,53,0.0499
S_7708,8,113,0.004
S_7709,15,86,0.0391
S_7710,12,28,0.0068
S_7711,12,55,0.0266
S_7712,20,95,0.0652
S_7713,17,23,0.088
S_7714,17,24,0.0221
S_7715,14,21,0.0474
S_7716,16,72,0.1141
S_7717,15,3,0.0345
S_7718,13,70,0.0738
S_7719,14,99,0.0531
S_7720,18,93,0.066
S_7721,16,80,0.0751
S_7722,21,26,0.0221
S_7723,18,97,0.0286
S_7724,14,114,0.0273
S_7725,15,22,0.1001
S_7726,15,109,0.0505
S_7727,19,102,0.0217
S_7728,11,117,0.0819
S_7729,14,38,0.0517
S_7730,17,112,0.0271
S_7731,16,21,0.0541
S_7732,19,21,0.0483
S_7733,13,12,0.0159
S_7734,10,51,0.0356
S_7735,16,1,0.0926
S_7736,15,45,0.0164
S_7737,16,75,0.0242
S_7738,13,9,0.0457
S_7739,16,98,0.0288
S_7740,14,35,0.0041
S_7741,17,5,0.0555
S_7742,14,44,0.0439
S_7743,19,16,0.0238
S_7744,9,95,0.0212
S_7745,9,40,0.0479
S_7746,16,14,0.0903
S_7747,10,54,0.0754
S_7748,15,54,0.0257
S_7749,13,33,0.0282
S_7750,19,39,0.0274
S_7751,15,92,0.039
S_7752,13,76,0.0358
S_7753,20,25,0.0117
S_7754,16,113,0.0138
S_7755,11,36,0.0693
S_7756,9,64,0.0764
S_7757,18,68,0.0754
S_7758,16,25,0.1099
S_7759,17,34,0.0306
S_7760,18,57,0.0232
S_7761,16,30,0.0514
S_7762,15,36,0.0576
S_7763,14,73,0.041
S_7764,16,88,0.1738
S_7765,14,96,0.0114
S_7766,19,14,0.0563
S_7767,17,88,0.0734
S_7768,19,112,0.0187
S_7769,16,69,0.0216
S_7770,15,72,0.0305
S_7771,14,114,0.0662
S_7772,20,104,0.0753
S_7773,11,66,0.0364
S_7774,9,91,0.0377
S_7775,14,21,0.0171
S_7776,14,49,0.0218
S_7777,18,85,0.0951
S_7778,19,34,0.0631
S_7779,14,54,0.0265
S_7780,13,20,0.0141
S_7781,7,107,0.0604
S_7782,21,107,0.074
S_7783,16,57,0.1261
S_7784,19,23,0.0801
S_7785,18,81,0.0079
S_7786,9,25,0.0012
S_7787,13,27,0.0333
S_7788,15,116,0.0377
S_7789,14,11,0.0635
S_7790,17,45,0.0229
S_7791,10,66,0.0323
S_7792,13,12,0.017
S_7793,15,4,0.0253
S_7794,12,65,0.0104
S_7795,17,13,0.0232
S_7796,15,30,0.0354
S_7797,18,59,0.0049
S_7798,21,41,0.0591
S_7799,14,85,0.0808
S_7800,17,115,0.0142
S_7801,9,90,0.0555
S_7802,10,119,0.0456
S_7803,15,46,0.0637
S_7804,14,36,0.0565
S_7805,19,25,0.0625
S_7806,16,106,0.1416
S_7807,10,46,0.0637
S_7808,15,85,0.0403
S_7809,13,80,0.0097
S_7810,19,6,0.0709
S_7811,14,105,0.0106
S_7812,14,58,0.0649
S_7813,12,26,0.0154
S_7814,11,117,0.0436
S_7815,12,90,0.0188
S_7816,17,74,0.0952
S_7817,20,118,0.0341
S_7818,19,90,0.0585
S_7819,16,14,0.0502
S_7820,12,118,0.0115
S_7821,11,71,0.0249
S_7822,15,35,0.0336
S_7823,11,98,0.0239
S_7824,21,5,0.0491
S_7825,17,78,0.0823
S_7826,15,19,0.0407
S_7827,15,10,0.0355
S_7828,15,42,0.0831
S_7829,18,42,0.0243
S_7830,16,72,0.0333
S_7831,13,67,0.0674
S_7832,16,82,0.0345
S_7833,14,20,0.1232
S_7834,13,104,0.0323
S_7835,14,103,0.0168
S_7836,14,25,0.0079
S_7837,6,56,0.1508
S_7838,16,58,0.0206
S_7839,17,110,0.0804
S_7840,11,108,0.0659
S_7841,10,8,0.0319
S_7842,19,114,0.0629
S_7843,21,8,0.0515
S_7844,14,65,0.0328
S_7845,18,37,0.0192
S_7846,14,46,0.0474
S_7847,15,75,0.053
S_7848,13,70,0.0522
S_7849,17,20,0.0449
S_7850,15,116,0.0137
S_7851,19,3,0.0452
S_7852,14,41,0.0554
S_7853,16,96,0.054
S_7854,17,102,0.0217
S_7855,16,95,0.0278
S_7856,16,44,0.0141
S_7857,19,80,0.0291
S_7858,11,91,0.0141
S_7859,16,69,0.0094
S_7860,12,81,0.1382
S_7861,12,66,0.0393
S_7862,13,6,0.0718
S_7863,16,32,0.033
S_7864,16,84,0.1472
S_7865,14,28,0.0315
S_7866,17,54,0.0566
S_7867,17,64,0.0266
S_7868,20,80,0.012
S_7869,13,31,0.0205
S_7870,12,71,0.0691
S_7871,15,71,0.0474
S_7872,10,101,0.034
S_7873,21,66,0.0112
S_7874,14,35,0.0632
S_7875,12,62,0.0318
S_7876,15,12,0.0462
S_7877,15,72,0.1025
S_7878,15,109,0.0408
S_7879,16,63,0.0277
S_7880,12,35,0.0692
S_7881,16,48,0.0299
S_7882,14,108,0.0051
S_7883,13,97,0.0291
S_7884,17,96,0.0392
S_7885,10,67,0.0418
S_7886,17,47,0.0392
S_7887,20,15,0.0902
S_7888,16,117,0.0097
S_7889,21,21,0.003
S_7890,17,30,0.0952
S_7891,14,91,0.0523
S_7892,12,42,0.0963
S_7893,14,70,0.0279
S_7894,15,91,0.1148
S_7895,14,66,0.0574
S_7896,17,58,0.0059
S_7897,11,6,0.0215
S_7898,11,58,0.0358
S_7899,15,54,0.0389
S_7900,13,105,0.1568
S_7901,14,53,0.0746
S_7902,11,75,0.0185
S_7903,14,92,0.0333
S_7904,14,56,0.0768
S_7905,13,31,0.0442
S_7906,16,107,0.0175
S_7907,11,107,0.0277
S_7908,19,107,0.0667
S_7909,15,32,0.0304
S_7910,13,37,0.0417
S_7911,5,110,0.0602
S_7912,20,15,0.0265
S_7913,16,78,0.0321
S_7914,18,35,0.0247
S_7915,16,86,0.0531
S_7916,17,100,0.0919
S_7917,15,48,0.1207
S_7918,16,18,0.1104
S_7919,15,87,0.0032
S_7920,17,6,0.0255
S_7921,17,1,0.0377
S_7922,16,105,0.0546
S_7923,17,98,0.0483
S_7924,17,69,0.0518
S_7925,13,79,0.0574
S_7926,13,114,0.0077
S_7927,17,7,0.0408
S_7928,12,25,0.0371
S_7929,16,87,0.061
S_7930,12,31,0.0456
S_7931,14,24,0.0448
S_7932,7,53,0.0288
S_7933,13,86,0.0535
S_7934,15,25,0.0628
S_7935,12,51,0.1575
S_7936,9,62,0.0584
S_7937,12,20,0.0367
S_7938,14,57,0.0263
S_7939,16,103,0.0184
S_7940,14,89,0.0432
S_7941,12,60,0.0566
S_7942,18,15,0.0147
S_7943,20,2,0.0469
S_7944,12,8,0.0128
S_7945,20,90,0.0179
S_7946,14,84,0.0568
S_7947,16,89,0.0825
S_7948,18,36,0.0382
S_7949,18,10,0.0475
S_7950,14,85,0.0784
S_7951,18,110,0.0624
S_7952,16,54,0.1098
S_7953,14,91,0.0688
S_7954,12,87,0.0762
S_7955,14,102,0.0179
S_7956,17,3,0.1007
S_7957,13,114,0.0569
S_7958,15,103,0.0387
S_7959,13,105,0.0032
S_7960,17,119,0.0107
S_7961,12,76,0.0971
S_7962,21,9,0.0396
S_7963,15,98,0.1349
S_7964,13,16,0.0206
S_7965,13,88,0.0805
S_7966,11,50,0.0481
S_7967,18,0,0.0901
S_7968,15,52,0.0118
S_7969,15,95,0.0269
S_7970,16,10,0.059
S_7971,12,0,0.0655
S_7972,14,54,0.0268
S_7973,9,0,0.0792
S_7974,20,112,0.0398
S_7975,10,98,0.0586
S_7976,13,75,0.0626
S_7977,14,2,0.0383
S_7978,15,68,0.0344
S_7979,15,80,0.0675
S_7980,16,70,0.0639
S_7981,21,113,0.0452
S_7982,16,99,0.0302
S_7983,11,43,0.0146
S_7984,19,83,0.0435
S_7985,19,55,0.0134
S_7986,15,111,0.0599
S_7987,16,74,0.0501
S_7988,12,69,0.1722
S_7989,18,60,0.1132
S_7990,12,45,0.0371
S_7991,12,17,0.021
S_7992,17,32,0.0504
S_7993,18,39,0.0566
S_7994,12,18,0.0245
S_7995,13,97,0.0885
S_7996,13,0,0.0872
S_7997,18,109,0.013
S_7998,13,15,0.0355
S_7999,14,6,0.0184
S_8000,19,119,0.0299
S_8001,10,119,0.123
S_8002,13,23,0.0836
S_8003,7,16,0.0455
S_8004,8,23,0.0914
S_8005,13,61,0.0798
S_8006,9,38,0.0489
S_8007,11,40,0.0246
S_8008,8,97,0.12
S_8009,14,106,0.0822
S_8010,17,116,0.0707
S_8011,14,61,0.0293
S_8012,17,29,0.0806
S_8013,11,66,0.0114
S_8014,20,104,0.0878
S_8015,14,3,0.0235
S_8016,11,109,0.1066
S_8017,14,27,0.1423
S_8018,16,37,0.0512
S_8019,17,43,0.0527
S_8020,18,109,0.0238
S_8021,15,21,0.0469
S_8022,14,26,0.0826
S_8023,16,87,0.0391
S_8024,18,112,0.0189
S_8025,12,12,0.0251
S_8026,12,62,0.1853
S_8027,14,109,0.051
S_8028,18,106,0.0362
S_8029,13,113,0.0437
S_8030,17,108,0.0321
S_8031,16,37,0.0183
S_8032,13,24,0.034
S_8033,13,108,0.0531
S_8034,16,85,0.0367
S_8035,11,45,0.096
S_8036,19,85,0.0115
S_8037,19,36,0.1529
S_8038,14,69,0.0991
S_8039,20,28,0.0527
S_8040,15,67,0.0246
S_8041,13,110,0.0396
S_8042,13,92,0.1022
S_8043,14,78,0.0297
S_8044,13,29,0.0055
S_8045,12,7,0.0608
S_8046,18,85,0.0367
S_8047,14,69,0.0332
S_8048,9,25,0.0394
S_8049,21,112,0.0956
S_8050,16,66,0.0135
S_8051,9,68,0.0267
S_8052,10,35,0.0368
S_8053,10,105,0.0325
S_8054,15,106,0.0505
S_8055,16,85,0.0094
S_8056,15,11,0.0587
S_8057,13,10,0.0043
S_8058,13,56,0.0094
S_8059,15,17,0.0538
S_8060,13,39,0.0885
S_8061,15,20,0.1346
S_8062,17,37,0.0604
S_8063,13,113,0.0342
S_8064,19,90,0.025
S_8065,10,16,0.0233
S_8066,13,80,0.027
S_8067,15,3,0.0459
S_8068,10,118,0.0155
S_8069,15,63,0.0741
S_8070,16,60,0.1743
S_8071,11,28,0.0576
S_8072,12,54,0.0995
S_8073,12,63,0.0342
S_8074,10,78,0.0592
S_8075,15,5,0.0596
S_8076,14,41,0.1056
S_8077,12,46,0.0854
S_8078,14,17,0.0219
S_8079,14,28,0.0081
S_8080,8,28,0.0533
S_8081,14,97,0.043
S_8082,12,82,0.0473
S_8083,9,110,0.0441
S_8084,17,37,0.0655
S_8085,12,105,0.0312
S_8086,19,103,0.0502
S_8087,15,53,0.0869
S_8088,15,75,0.0185
S_8089,16,71,0.0194
S_8090,20,36,0.019
S_8091,13,31,0.0523
S_8092,18,20,0.0853
S_8093,13,100,0.0789
S_8094,14,64,0.1156
S_8095,14,40,0.0291
S_8096,14,61,0.0414
S_8097,14,9,0.0346
S_8098,10,12,0.0902
S_8099,14,91,0.0802
S_8100,14,108,0.0708
S_8101,18,38,0.0477
S_8102,14,49,0.001
S_8103,9,44,0.0917
S_8104,13,57,0.0147
S_8105,16,49,0.0394
S_8106,10,46,0.0706
S_8107,8,79,0.0466
S_8108,16,32,0.1399
S_8109,17,113,0.0191
S_8110,17,37,0.0171
S_8111,18,25,0.0454
S_8112,11,116,0.1043
S_8113,15,27,0.0656
S_8114,16,64,0.135
S_8115,18,39,0.014
S_8116,17,9,0.0608
S_8117,17,114,0.0301
S_8118,13,44,0.0519
S_8119,9,77,0.0763
S_8120,8,103,0.011
S_8121,16,66,0.0561
S_8122,17,85,0.0551
S_8123,12,94,0.0289
S_8124,17,45,0.0631
S_8125,16,75,0.0529
S_8126,11,24,0.0365
S_8127,18,6,0.0519
S_8128,15,118,0.0182
S_8129,8,11,0.0444
S_8130,13,51,0.0304
S_8131,18,8,0.098
S_8132,12,110,0.0407
S_8133,18,13,0.0297
S_8134,18,94,0.0319
S_8135,12,85,0.0195
S_8136,11,5,0.0722
S_8137,16,86,0.0128
S_8138,16,116,0.028
S_8139,16,62,0.0361
S_8140,14,34,0.0501
S_8141,19,65,0.1341
S_8142,17,14,0.0147
S_8143,13,114,0.0066
S_8144,17,43,0.0299
S_8145,15,54,0.047
S_8146,10,48,0.1089
S_8147,10,3,0.0659
S_8148,14,4,0.0224
S_8149,13,67,0.0496
S_8150,11,60,0.0416
S_8151,13,118,0.0413
S_8152,16,31,0.0864
S_8153,15,44,0.0283
S_8154,14,118,0.0384
S_8155,10,5,0.0242
S_8156,9,77,0.0277
S_8157,18,12,0.0369
S_8158,14,113,0.1135
S_8159,17,34,0.0931
S_8160,15,97,0.0274
S_8161,12,109,0.0145
S_8162,13,101,0.0148
S_8163,18,66,0.0615
S_8164,16,116,0.0357
S_8165,12,81,0.0794
S_8166,17,94,0.0733
S_8167,12,29,0.0215
S_8168,16,50,0.0104
S_8169,10,71,0.0528
S_8170,14,17,0.0127
S_8171,15,115,0.021
S_8172,13,13,0.0325
S_8173,17,87,0.0794
S_8174,11,6,0.0845
S_8175,17,12,0.0712
S_8176,15,74,0.0224
S_8177,12,54,0.0211
S_8178,10,0,0.0187
S_8179,19,47,0.0578
S_8180,14,30,0.0419
S_8181,13,104,0.0186
S_8182,13,84,0.0119
S_8183,12,88,0.0194
S_8184,16,114,0.0202
S_8185,15,85,0.0504
S_8186,10,19,0.1496
S_8187,15,112,0.0594
S_8188,11,13,0.0415
S_8189,17,23,0.0966
S_8190,12,34,0.0329
S_8191,18,21,0.04
S_8192,19,2,0.019
S_8193,13,55,0.0331
S_8194,12,82,0.0113
S_8195,10,50,0.089
S_8196,9,28,0.0432
S_8197,10,105,0.0163
S_8198,13,46,0.118
S_8199,7,100,0.1176
S_8200,17,21,0.0289
S_8201,16,40,0.0163
S_8202,16,96,0.0328
S_8203,18,3,0.068
S_8204,11,110,0.0325
S_8205,11,47,0.0636
S_8206,18,117,0.0721
S_8207,13,84,0.0122
S_8208,16,113,0.0112
S_8209,8,7,0.0211
S_8210,18,86,0.0301
S_8211,16,105,0.0116
S_8212,10,118,0.0104
S_8213,19,4,0.0681
S_8214,15,9,0.1066
S_8215,20,87,0.0433
S_8216,8,4,0.1045
S_8217,16,1,0.0404
S_8218,13,65,0.0227
S_8219,14,63,0.0281
S_8220,15,73,0.0475
S_8221,9,1,0.05
S_8222,21,60,0.0615
S_8223,20,34,0.012
S_8224,15,90,0.0029
S_8225,11,41,0.0913
S_8226,14,42,0.034
S_8227,15,78,0.0098
S_8228,12,79,0.0571
S_8229,17,6,0.1465
S_8230,15,75,0.0097
S_8231,14,78,0.0268
S_8232,17,54,0.0276
S_8233,9,99,0.0683
S_8234,12,1,0.0286
S_8235,14,116,0.0338
S_8236,12,45,0.076
S_8237,10,71,0.0292
S_8238,11,4,0.0235
S_8239,14,85,0.047
S_8240,15,65,0.0065
S_8241,21,115,0.0659
S_8242,18,50,0.091
S_8243,11,86,0.1221
S_8244,18,8,0.0296
S_8245,15,7,0.0345
S_8246,14,113,0.0661
S_8247,12,30,0.0437
S_8248,10,109,0.0189
S_8249,15,10,0.0679
S_8250,11,76,0.012
S_8251,14,66,0.0109
S_8252,18,115,0.0497
S_8253,18,48,0.013
S_8254,14,5,0.0325
S_8255,18,56,0.0393
S_8256,15,98,0.0369
S_8257,19,6,0.0251
S_8258,11,4,0.0162
S_8259,14,98,0.0871
S_8260,13,98,0.0582
S_8261,16,23,0.0601
S_8262,16,78,0.017
S_8263,14,7,0.0166
S_8264,21,91,0.0392
S_8265,11,36,0.0249
S_8266,12,27,0.0505
S_8267,17,81,0.0359
S_8268,16,109,0.0324
S_8269,12,4,0.0491
S_8270,18,17,0.0254
S_8271,15,30,0.0078
S_8272,15,111,0.0555
S_8273,13,105,0.0503
S_8274,16,108,0.0092
S_8275,11,45,0.0469
S_8276,12,27,0.0505
S_8277,17,22,0.0296
S_8278,7,105,0.0386
S_8279,13,27,0.0717
S_8280,16,63,0.0137
S_8281,19,39,0.0775
S_8282,15,59,0.0356
S_8283,17,41,0.0497
S_8284,16,35,0.0416
S_8285,12,51,0.0788
S_8286,13,39,0.0379
S_8287,15,100,0.0552
S_8288,20,69,0.0323
S_8289,16,21,0.0373
S_8290,14,28,0.0813
S_8291,10,6,0.0193
S_8292,13,35,0.0378
S_8293,13,80,0.0337
S_8294,16,21,0.0384
S_8295,13,11,0.0633
S_8296,15,38,0.0487
S_8297,15,73,0.0689
S_8298,15,56,0.0035
S_8299,13,39,0.0477
S_8300,13,105,0.0398
S_8301,15,56,0.0629
S_8302,13,54,0.0791
S_8303,9,3,0.0331
S_8304,15,76,0.1725
S_8305,9,55,0.0716
S_8306,14,17,0.022
S_8307,11,29,0.0621
S_8308,14,24,0.0234
S_8309,20,14,0.025
S_8310,16,52,0.0312
S_8311,13,43,0.014
S_8312,10,43,0.0444
S_8313,9,30,0.0378
S_8314,10,52,0.0731
S_8315,12,65,0.0341
S_8316,11,73,0.1182
S_8317,16,26,0.0343
S_8318,14,87,0.0811
S_8319,19,3,0.0141
S_8320,11,90,0.0299
S_8321,13,33,0.006
S_8322,9,44,0.011
S_8323,15,69,0.0604
S_8324,9,73,0.0656
S_8325,11,50,0.0386
S_8326,14,112,0.0201
S_8327,5,102,0.0222
S_8328,12,27,0.0134
S_8329,13,70,0.0704
S_8330,17,86,0.0575
S_8331,16,26,0.0676
S_8332,14,2,0.1051
S_8333,12,117,0.1059
S_8334,14,115,0.0873
S_8335,16,38,0.0421
S_8336,15,28,0.0635
S_8337,19,18,0.009
S_8338,14,82,0.0322
S_8339,15,90,0.1402
S_8340,11,50,0.0021
S_8341,14,29,0.0296
S_8342,15,53,0.0238
S_8343,14,61,0.1398
S_8344,20,65,0.0631
S_8345,11,53,0.1008
S_8346,13,0,0.1776
S_8347,19,56,0.0474
S_8348,17,41,0.0242
S_8349,15,66,0.0409
S_8350,11,8,0.0197
S_8351,15,105,0.0587
S_8352,14,105,0.101
S_8353,18,67,0.0457
S_8354,15,88,0.0355
S_8355,19,52,0.0101
S_8356,20,70,0.0473
S_8357,15,74,0.0209
S_8358,16,42,0.0755
S_8359,14,115,0.0397
S_8360,10,72,0.0653
S_8361,10,118,0.0382
S_8362,17,51,0.069
S_8363,19,3,0.0443
S_8364,13,36,0.0431
S_8365,14,78,0.051
S_8366,14,109,0.1084
S_8367,12,73,0.0604
S_8368,21,56,0.0129
S_8369,13,9,0.0404
S_8370,18,17,0.0951
S_8371,8,6,0.0653
S_8372,18,85,0.0473
S_8373,21,99,0.0053
S_8374,15,19,0.0756
S_8375,17,39,0.0884
S_8376,17,57,0.0233
S_8377,16,17,0.0136
S_8378,14,49,0.0308
S_8379,12,116,0.0715
S_8380,17,86,0.0614
S_8381,11,20,0.0442
S_8382,17,11,0.0305
S_8383,11,53,0.0591
S_8384,11,118,0.0269
S_8385,8,95,0.0373
S_8386,13,35,0.0512
S_8387,18,3,0.0221
S_8388,16,49,0.1391
S_8389,13,19,0.0678
S_8390,12,21,0.0153
S_8391,19,19,0.0505
S_8392,8,86,0.0134
S_8393,14,4,0.027
S_8394,11,67,0.0578
S_8395,15,90,0.0314
S_8396,15,18,0.0942
S_8397,17,107,0.0614
S_8398,18,9,0.0577
S_8399,9,81,0.0659
S_8400,12,20,0.1698
S_8401,15,96,0.0311
S_8402,18,68,0.0181
S_8403,16,70,0.0986
S_8404,11,41,0.0217
S_8405,15,33,0.0575
S_8406,17,55,0.1241
S_8407,12,90,0.0691
S_8408,12,20,0.0866
S_8409,13,97,0.0069
S_8410,12,57,0.0075
S_8411,14,54,0.1923
S_8412,14,1,0.0635
S_8413,14,14,0.0548
S_8414,16,51,0.1346
S_8415,13,117,0.0263
S_8416,11,30,0.039
S_8417,12,1,0.0597
S_8418,16,52,0.0469
S_8419,12,1,0.0297
S_8420,16,40,0.0512
S_8421,16,42,0.0776
S_8422,18,0,0.0268
S_8423,12,93,0.024
S_8424,12,109,0.0336
S_8425,17,119,0.0332
S_8426,9,61,0.0397
S_8427,16,36,0.0757
S_8428,18,86,0.0317
S_8429,9,88,0.0151
S_8430,15,45,0.0245
S_8431,13,67,0.0352
S_8432,19,98,0.04
S_8433,20,22,0.0374
S_8434,21,2,0.0686
S_8435,19,64,0.0252
S_8436,19,79,0.0483
S_8437,21,68,0.0475
S_8438,15,71,0.0306
S_8439,16,47,0.0084
S_8440,19,78,0.0394
S_8441,14,5,0.042
S_8442,12,18,0.0017
S_8443,13,53,0.053
S_8444,14,113,0.0292
S_8445,14,77,0.065
S_8446,13,42,0.1196
S_8447,9,54,0.0119
S_8448,18,101,0.0031
S_8449,21,65,0.0036
S_8450,10,5,0.075
S_8451,11,50,0.0097
S_8452,13,46,0.0671
S_8453,11,107,0.1365
S_8454,13,36,0.0173
S_8455,14,7,0.0477
S_8456,16,42,0.0617
S_8457,13,5,0.053
S_8458,19,99,0.0297
S_8459,12,70,0.1028
S_8460,13,56,0.0052
S_8461,21,43,0.0541
S_8462,15,50,0.0461
S_8463,16,94,0.0394
S_8464,12,21,0.0438
S_8465,15,8,0.0559
S_8466,15,67,0.0831
S_8467,15,103,0.1185
S_8468,16,67,0.0181
S_8469,18,95,0.0159
S_8470,11,107,0.037
S_8471,16,9,0.1298
S_8472,15,70,0.048
S_8473,17,99,0.0536
S_8474,17,77,0.0665
S_8475,14,70,0.0843
S_8476,14,94,0.0797
S_8477,16,84,0.0729
S_8478,12,60,0.1339
S_8479,14,5,0.0593
S_8480,15,73,0.0886
S_8481,18,25,0.0843
S_8482,15,30,0.0811
S_8483,15,81,0.0236
S_8484,14,54,0.0983
S_8485,15,86,0.1467
S_8486,15,47,0.0235
S_8487,13,104,0.1012
S_8488,16,51,0.1291
S_8489,11,59,0.172
S_8490,15,15,0.0381
S_8491,20,60,0.0505
S_8492,10,28,0.0168
S_8493,12,91,0.0598
S_8494,18,85,0.0535
S_8495,17,1,0.0632
S_8496,12,59,0.071
S_8497,11,5,0.0196
S_8498,8,68,0.0468
S_8499,9,108,0.0297
S_8500,14,104,0.0196
S_8501,18,29,0.0853
S_8502,18,16,0.0344
S_8503,17,94,0.0309
S_8504,10,65,0.0619
S_8505,19,50,0.0611
S_8506,16,97,0.0372
S_8507,10,30,0.0783
S_8508,11,26,0.0084
S_8509,17,73,0.0255
S_8510,17,32,0.0531
S_8511,13,51,0.0673
S_8512,13,54,0.0303
S_8513,16,24,0.0367
S_8514,15,7,0.0252
S_8515,16,92,0.0169
S_8516,10,94,0.0401
S_8517,14,71,0.0379
S_8518,16,17,0.1627
S_8519,15,57,0.036
S_8520,15,21,0.0794
S_8521,12,105,0.0687
S_8522,16,83,0.0422
S_8523,9,3,0.0374
S_8524,15,0,0.2392
S_8525,19,118,0.0217
S_8526,15,4,0.0252
S_8527,12,103,0.0573
S_8528,14,114,0.0794
S_8529,12,36,0.0208
S_8530,15,64,0.0178
S_8531,15,77,0.0269
S_8532,12,62,0.0541
S_8533,18,25,0.047
S_8534,14,69,0.0083
S_8535,16,31,0.0266
S_8536,19,19,0.062
S_8537,11,60,0.0599
S_8538,19,44,0.0495
S_8539,13,3,0.0196
S_8540,18,113,0.0264
S_8541,18,4,0.0583
S_8542,13,108,0.0223
S_8543,14,22,0.0276
S_8544,9,17,0.175
S_8545,13,8,0.0244
S_8546,12,51,0.0131
S_8547,12,70,0.0176
S_8548,15,108,0.1009
S_8549,16,94,0.0226
S_8550,13,19,0.0223
S_8551,15,20,0.0855
S_8552,13,0,0.0464
S_8553,16,82,0.0284
S_8554,14,2,0.0833
S_8555,11,16,0.0429
S_8556,12,76,0.0276
S_8557,14,18,0.0629
S_8558,16,18,0.0259
S_8559,19,28,0.0148
S_8560,13,46,0.0761
S_8561,9,0,0.0083
S_8562,18,89,0.0198
S_8563,16,92,0.0195
S_8564,15,44,0.1783
S_8565,11,95,0.0163
S_8566,14,34,0.064
S_8567,17,118,0.0358
S_8568,10,47,0.0934
S_8569,17,80,0.0807
S_8570,16,38,0.0562
S_8571,18,54,0.0456
S_8572,17,77,0.03
S_8573,8,41,0.0726
S_8574,11,78,0.023
S_8575,17,17,0.017
S_8576,11,58,0.0917
S_8577,12,32,0.1417
S_8578,14,110,0.0224
S_8579,13,98,0.0372
S_8580,9,58,0.054
S_8581,16,54,0.0401
S_8582,14,100,0.0334
S_8583,15,82,0.0195
S_8584,14,81,0.0296
S_8585,8,65,0.1069
S_8586,13,103,0.0227
S_8587,12,22,0.0901
S_8588,15,103,0.0613
S_8589,16,62,0.0312
S_8590,13,74,0.0979
S_8591,16,115,0.0214
S_8592,19,50,0.022
S_8593,16,80,0.0725
S_8594,20,62,0.0091
S_8595,11,111,0.0345
S_8596,18,58,0.0489
S_8597,13,30,0.0217
S_8598,15,57,0.0594
S_8599,10,110,0.0257
S_8600,20,60,0.0158
S_8601,12,17,0.0308
S_8602,17,64,0.0136
S_8603,20,46,0.0017
S_8604,14,77,0.016
S_8605,18,28,0.204
S_8606,11,38,0.0313
S_8607,17,61,0.067
S_8608,15,14,0.0246
S_8609,14,25,0.1016
S_8610,13,96,0.009
S_8611,10,112,0.0755
S_8612,15,116,0.0222
S_8613,13,112,0.0506
S_8614,16,113,0.052
S_8615,15,98,0.0584
S_8616,15,88,0.0163
S_8617,16,27,0.0262
S_8618,11,53,0.0091
S_8619,10,47,0.0094
S_8620,12,87,0.0577
S_8621,14,57,0.0075
S_8622,12,43,0.0576
S_8623,11,97,0.0773
S_8624,10,89,0.048
S_8625,14,44,0.0155
S_8626,14,50,0.055
S_8627,14,107,0.0795
S_8628,17,87,0.1535
S_8629,15,82,0.0534
S_8630,16,85,0.0479
S_8631,16,12,0.083
S_8632,11,67,0.0282
S_8633,21,34,0.0101
S_8634,12,10,0.0438
S_8635,14,87,0.0481
S_8636,13,36,0.0177
S_8637,14,37,0.0621
S_8638,18,76,0.0141
S_8639,18,79,0.0614
S_8640,13,56,0.0005
S_8641,10,66,0.0366
S_8642,20,101,0.0045
S_8643,19,12,0.0181
S_8644,8,7,0.076
S_8645,15,78,0.0366
S_8646,10,72,0.0795
S_8647,14,22,0.0465
S_8648,15,62,0.0482
S_8649,16,89,0.0231
S_8650,9,87,0.0451
S_8651,19,71,0.034
S_8652,11,15,0.099
S_8653,13,36,0.0359
S_8654,15,48,0.0363
S_8655,13,94,0.0278
S_8656,16,65,0.0424
S_8657,16,87,0.0459
S_8658,16,110,0.0199
S_8659,15,74,0.1002
S_8660,10,28,0.0574
S_8661,16,16,0.0247
S_8662,19,0,0.0075
S_8663,13,21,0.0074
S_8664,14,32,0.0067
S_8665,17,32,0.0184
S_8666,17,80,0.1116
S_8667,12,18,0.0363
S_8668,12,52,0.0237
S_8669,15,0,0.0426
S_8670,15,31,0.0176
S_8671,17,4,0.0361
S_8672,8,85,0.041
S_8673,14,42,0.0107
S_8674,15,57,0.0239
S_8675,10,91,0.0743
S_8676,15,103,0.0698
S_8677,12,62,0.0288
S_8678,18,77,0.0711
S_8679,13,88,0.0658
S_8680,14,34,0.0325
S_8681,11,84,0.0816
S_8682,18,78,0.0493
S_8683,17,53,0.0666
S_8684,15,40,0.0596
S_8685,14,116,0.0206
S_8686,17,118,0.0177
S_8687,17,83,0.0235
S_8688,12,46,0.018
S_8689,12,90,0.0763
S_8690,12,81,0.0324
S_8691,14,65,0.0465
S_8692,13,15,0.0574
S_8693,18,113,0.0337
S_8694,18,27,0.0492
S_8695,14,47,0.0481
S_8696,16,41,0.0868
S_8697,17,18,0.1156
S_8698,21,2,0.0753
S_8699,17,111,0.0011
S_8700,16,88,0.0098
S_8701,7,2,0.0309
S_8702,18,82,0.14
S_8703,15,15,0.0577
S_8704,12,86,0.0774
S_8705,12,60,0.0626
S_8706,16,117,0.0165
S_8707,10,51,0.0231
S_8708,11,89,0.0874
S_8709,17,4,0.0154
S_8710,18,112,0.0356
S_8711,19,67,0.0639
S_8712,11,37,0.0085
S_8713,12,15,0.1042
S_8714,15,76,0.0108
S_8715,17,89,0.0237
S_8716,16,10,0.0231
S_8717,15,19,0.0317
S_8718,13,46,0.02
S_8719,11,102,0.0281
S_8720,10,117,0.0356
S_8721,13,89,0.0294
S_8722,12,0,0.0656
S_8723,13,108,0.0868
S_8724,15,3,0.0275
S_8725,16,107,0.0708
S_8726,13,49,0.1179
S_8727,15,89,0.0149
S_8728,16,10,0.0274
S_8729,13,19,0.0428
S_8730,13,54,0.014
S_8731,15,4,0.1095
S_8732,12,46,0.0545
S_8733,21,90,0.0463
S_8734,15,78,0.0135
S_8735,11,42,0.046
S_8736,16,1,0.0302
S_8737,13,32,0.0326
S_8738,17,93,0.0785
S_8739,15,40,0.025
S_8740,16,45,0.1059
S_8741,6,8,0.0261
S_8742,15,72,0.1118
S_8743,19,74,0.0252
S_8744,19,51,0.0935
S_8745,21,91,0.1526
S_8746,19,105,0.0091
S_8747,14,90,0.0594
S_8748,17,65,0.0148
S_8749,14,112,0.0904
S_8750,16,45,0.024
S_8751,17,78,0.0186
S_8752,15,69,0.058
S_8753,17,100,0.0644
S_8754,13,59,0.0272
S_8755,17,66,0.02
S_8756,15,54,0.0716
S_8757,13,16,0.0516
S_8758,17,106,0.007
S_8759,10,103,0.0607
S_8760,14,84,0.0469
S_8761,15,41,0.08
S_8762,19,42,0.0162
S_8763,14,4,0.0501
S_8764,14,9,0.0179
S_8765,18,61,0.0404
S_8766,15,5,0.0323
S_8767,12,11,0.0984
S_8768,21,30,0.0092
S_8769,17,44,0.0389
S_8770,14,58,0.0384
S_8771,14,38,0.0321
S_8772,11,112,0.0653
S_8773,15,114,0.081
S_8774,17,6,0.0214
S_8775,9,118,0.0355
S_8776,15,20,0.0635
S_8777,10,39,0.1247
S_8778,14,100,0.0461
S_8779,15,82,0.0673
S_8780,15,6,0.0449
S_8781,21,92,0.0067
S_8782,15,79,0.0072
S_8783,13,114,0.0504
S_8784,12,109,0.0832
S_8785,13,117,0.0201
S_8786,16,54,0.0553
S_8787,9,84,0.0429
S_8788,11,115,0.0136
S_8789,15,0,0.008
S_8790,14,94,0.0999
S_8791,16,6,0.051
S_8792,12,119,0.1047
S_8793,13,1,0.0574
S_8794,18,66,0.0566
S_8795,16,62,0.0311
S_8796,10,36,0.0355
S_8797,9,87,0.0358
S_8798,11,30,0.0298
S_8799,13,34,0.0282
S_8800,17,21,0.0583
S_8801,11,85,0.0427
S_8802,17,20,0.048
S_8803,13,107,0.0509
S_8804,14,34,0.0176
S_8805,13,62,0.0299
S_8806,15,57,0.0409
S_8807,17,84,0.013
S_8808,12,28,0.079
S_8809,18,100,0.008
S_8810,17,88,0.0735
S_8811,14,41,0.0051
S_8812,13,14,0.041
S_8813,19,60,0.0179
S_8814,14,117,0.0687
S_8815,14,2,0.0593
S_8816,16,101,0.0617
S_8817,17,83,0.1006
S_8818,19,21,0.0158
S_8819,16,57,0.0405
S_8820,15,75,0.0118
S_8821,15,83,0.0179
S_8822,11,110,0.0268
S_8823,14,104,0.0517
S_8824,12,39,0.1006
S_8825,17,14,0.1075
S_8826,13,12,0.0097
S_8827,18,116,0.0083
S_8828,13,114,0.1256
S_8829,12,98,0.0363
S_8830,12,117,0.0256
S_8831,10,32,0.0494
S_8832,12,99,0.0209
S_8833,12,60,0.0741
S_8834,17,95,0.0124
S_8835,14,73,0.0228
S_8836,14,101,0.0063
S_8837,13,47,0.0658
S_8838,18,118,0.0774
S_8839,15,26,0.0272
S_8840,12,80,0.0753
S_8841,11,96,0.1061
S_8842,13,70,0.0093
S_8843,18,34,0.062
S_8844,14,67,0.0206
S_8845,18,60,0.0424
S_8846,20,22,0.0256
S_8847,20,91,0.0887
S_8848,14,32,0.0232
S_8849,12,99,0.0068
S_8850,17,25,0.0966
S_8851,11,60,0.0996
S_8852,15,83,0.0701
S_8853,12,119,0.0747
S_8854,13,32,0.071
S_8855,14,76,0.0512
S_8856,13,18,0.0634
S_8857,17,98,0.0572
S_8858,15,103,0.0123
S_8859,12,106,0.0478
S_8860,12,113,0.0445
S_8861,13,42,0.1013
S_8862,18,79,0.0254
S_8863,17,37,0.104
S_8864,9,96,0.0489
S_8865,15,49,0.0967
S_8866,21,66,0.1362
S_8867,15,15,0.0761
S_8868,14,102,0.0308
S_8869,13,57,0.0956
S_8870,12,76,0.0191
S_8871,15,80,0.0519
S_8872,8,32,0.0818
S_8873,12,95,0.0225
S_8874,14,99,0.0299
S_8875,18,61,0.0469
S_8876,10,108,0.0655
S_8877,13,19,0.0159
S_8878,16,49,0.0503
S_8879,14,5,0.1834
S_8880,18,47,0.0497
S_8881,16,119,0.1055
S_8882,12,55,0.0314
S_8883,15,50,0.0648
S_8884,12,82,0.0489
S_8885,14,5,0.0533
S_8886,15,42,0.0636
S_8887,17,63,0.0397
S_8888,15,58,0.0578
S_8889,11,77,0.0211
S_8890,9,16,0.0723
S_8891,16,48,0.0324
S_8892,8,76,0.0586
S_8893,15,36,0.0675
S_8894,12,73,0.0273
S_8895,14,114,0.0263
S_8896,14,111,0.0163
S_8897,15,87,0.0397
S_8898,14,21,0.0216
S_8899,16,94,0.073
S_8900,15,53,0.0812
S_8901,18,114,0.1033
S_8902,13,73,0.0803
S_8903,11,26,0.0299
S_8904,15,37,0.0177
S_8905,14,38,0.0108
S_8906,16,33,0.0396
S_8907,14,92,0.0694
S_8908,18,40,0.0211
S_8909,16,23,0.0779
S_8910,11,71,0.0364
S_8911,13,55,0.0217
S_8912,15,2,0.1286
S_8913,13,33,0.0325
S_8914,13,4,0.0185
S_8915,18,92,0.028
S_8916,17,114,0.0196
S_8917,12,60,0.0894
S_8918,17,66,0.154
S_8919,17,101,0.0868
S_8920,16,2,0.0151
S_8921,10,19,0.0274
S_8922,15,78,0.0398
S_8923,12,89,0.179
S_8924,14,75,0.0223
S_8925,18,112,0.0429
S_8926,13,47,0.0523
S_8927,14,66,0.012
S_8928,10,114,0.028
S_8929,15,107,0.0872
S_8930,19,3,0.0888
S_8931,21,42,0.0155
S_8932,17,88,0.03
S_8933,13,0,0.0445
S_8934,16,103,0.0514
S_8935,13,60,0.0719
S_8936,15,10,0.0888
S_8937,16,53,0.0365
S_8938,10,59,0.0318
S_8939,17,44,0.0191
S_8940,16,54,0.0804
S_8941,12,106,0.0493
S_8942,9,38,0.1884
S_8943,15,115,0.0125
S_8944,17,82,0.0266
S_8945,14,107,0.0636
S_8946,14,25,0.0234
S_8947,16,59,0.0512
S_8948,13,67,0.0346
S_8949,17,10,0.1018
S_8950,14,59,0.0364
S_8951,15,103,0.0572
S_8952,16,6,0.035
S_8953,19,77,0.0711
S_8954,15,118,0.0574
S_8955,12,63,0.0456
S_8956,13,36,0.069
S_8957,13,70,0.0656
S_8958,16,64,0.0556
S_8959,14,12,0.0722
S_8960,14,25,0.0726
S_8961,18,80,0.084
S_8962,17,71,0.0356
S_8963,14,41,0.0184
S_8964,20,117,0.0422
S_8965,21,77,0.0647
S_8966,12,27,0.0195
S_8967,13,56,0.0487
S_8968,11,85,0.0514
S_8969,19,80,0.0156
S_8970,12,29,0.0219
S_8971,13,77,0.0715
S_8972,21,39,0.0547
S_8973,17,54,0.0311
S_8974,14,80,0.0425
S_8975,14,69,0.0482
S_8976,9,85,0.0535
S_8977,14,45,0.0622
S_8978,15,90,0.0777
S_8979,11,1,0.0248
S_8980,15,22,0.0466
S_8981,21,116,0.0072
S_8982,19,10,0.0396
S_8983,19,79,0.0391
S_8984,14,110,0.0627
S_8985,13,103,0.0961
S_8986,16,109,0.0388
S_8987,13,118,0.0613
S_8988,17,42,0.0584
S_8989,17,39,0.0388
S_8990,21,14,0.0203
S_8991,11,24,0.0041
S_8992,18,78,0.0515
S_8993,13,39,0.0251
S_8994,19,40,0.0329
S_8995,16,77,0.0551
S_8996,15,12,0.0378
S_8997,17,6,0.0365
S_8998,17,96,0.0569
S_8999,13,94,0.065
S_9000,15,46,0.0463
S_9001,13,71,0.0086
S_9002,15,28,0.0196
S_9003,17,44,0.0614
S_9004,19,4,0.0548
S_9005,9,32,0.0323
S_9006,18,1,0.0229
S_9007,17,50,0.0176
S_9008,11,62,0.0317
S_9009,10,59,0.0526
S_9010,15,40,0.0517
S_9011,14,24,0.0812
S_9012,15,54,0.027
S_9013,19,104,0.0623
S_9014,10,117,0.0055
S_9015,11,37,0.1008
S_9016,10,116,0.0124
S_9017,18,52,0.0794
S_9018,17,73,0.0214
S_9019,15,96,0.0324
S_9020,13,43,0.0352
S_9021,14,24,0.0167
S_9022,13,32,0.0244
S_9023,16,100,0.018
S_9024,20,112,0.0502
S_9025,11,15,0.019
S_9026,13,83,0.0633
S_9027,14,4,0.0232
S_9028,7,104,0.0091
S_9029,17,102,0.0516
S_9030,15,92,0.0843
S_9031,16,98,0.0633
S_9032,13,72,0.0528
S_9033,16,17,0.0339
S_9034,14,109,0.0514
S_9035,15,16,0.003
S_9036,18,27,0.0154
S_9037,16,51,0.0231
S_9038,10,59,0.0463
S_9039,14,11,0.0273
S_9040,18,91,0.0242
S_9041,14,16,0.0174
S_9042,17,78,0.0245
S_9043,19,54,0.0552
S_9044,17,97,0.1285
S_9045,16,35,0.0637
S_9046,15,100,0.0878
S_9047,14,30,0.0306
S_9048,14,68,0.0942
S_9049,19,58,0.0729
S_9050,17,42,0.0513
S_9051,14,1,0.0286
S_9052,14,47,0.0606
S_9053,15,14,0.0396
S_9054,15,27,0.0836
S_9055,13,82,0.0332
S_9056,11,68,0.0126
S_9057,16,63,0.0183
S_9058,13,67,0.0235
S_9059,13,14,0.0329
S_9060,13,19,0.0298
S_9061,13,65,0.0559
S_9062,17,48,0.0238
S_9063,17,55,0.0239
S_9064,17,105,0.0159
S_9065,15,22,0.025
S_9066,11,109,0.0246
S_9067,16,102,0.0342
S_9068,20,108,0.0843
S_9069,14,76,0.0564
S_9070,10,103,0.0835
S_9071,17,118,0.0067
S_9072,9,56,0.1063
S_9073,12,103,0.0276
S_9074,14,108,0.0428
S_9075,18,37,0.0323
S_9076,15,53,0.0516
S_9077,13,68,0.0506
S_9078,13,41,0.0606
S_9079,11,38,0.0369
S_9080,13,45,0.0434
S_9081,14,50,0.0456
S_9082,15,30,0.1321
S_9083,16,56,0.0749
S_9084,15,93,0.0218
S_9085,11,74,0.0392
S_9086,8,45,0.0349
S_9087,13,18,0.0313
S_9088,21,98,0.0289
S_9089,14,61,0.0178
S_9090,15,116,0.1623
S_9091,10,30,0.0092
S_9092,13,21,0.0818
S_9093,16,0,0.0099
S_9094,16,9,0.115
S_9095,15,46,0.0093
S_9096,16,23,0.1143
S_9097,18,4,0.0206
S_9098,15,27,0.1689
S_9099,19,87,0.0166
S_9100,16,88,0.0144
S_9101,13,17,0.0126
S_9102,12,112,0.0144
S_9103,13,19,0.0571
S_9104,14,10,0.0318
S_9105,17,19,0.0507
S_9106,18,16,0.0378
S_9107,14,75,0.0518
S_9108,16,18,0.0119
S_9109,15,76,0.0657
S_9110,14,33,0.0507
S_9111,16,29,0.0513
S_9112,16,107,0.0056
S_9113,21,25,0.0099
S_9114,20,103,0.0893
S_9115,18,36,0.0721
S_9116,14,118,0.059
S_9117,11,117,0.0125
S_9118,16,99,0.0517
S_9119,9,104,0.1002
S_9120,14,98,0.0384
S_9121,16,75,0.0518
S_9122,11,97,0.0281
S_9123,15,75,0.0169
S_9124,17,101,0.0902
S_9125,14,112,0.066
S_9126,15,90,0.0323
S_9127,17,115,0.0089
S_9128,20,53,0.0484
S_9129,15,111,0.007
S_9130,17,27,0.0437
S_9131,14,3,0.0013
S_9132,17,15,0.0735
S_9133,17,19,0.0453
S_9134,16,98,0.0416
S_9135,20,48,0.0727
S_9136,14,27,0.0378
S_9137,15,97,0.0318
S_9138,19,24,0.0452
S_9139,14,9,0.0813
S_9140,17,55,0.0371
S_9141,20,8,0.0251
S_9142,17,33,0.0269
S_9143,16,84,0.0038
S_9144,14,44,0.0309
S_9145,18,10,0.0349
S_9146,12,48,0.0712
S_9147,10,61,0.1456
S_9148,12,30,0.0082
S_9149,15,20,0.0421
S_9150,11,91,0.0187
S_9151,21,8,0.041
S_9152,12,114,0.0494
S_9153,17,0,0.0357
S_9154,12,78,0.0237
S_9155,14,16,0.0493
S_9156,15,65,0.0812
S_9157,11,22,0.0689
S_9158,15,4,0.0196
S_9159,19,103,0.0429
S_9160,14,50,0.0611
S_9161,15,33,0.0276
S_9162,16,113,0.0549
S_9163,16,9,0.0271
S_9164,9,41,0.021
S_9165,17,21,0.0682
S_9166,16,118,0.0627
S_9167,15,65,0.0427
S_9168,19,97,0.0822
S_9169,18,19,0.1341
S_9170,16,36,0.0415
S_9171,13,74,0.03
S_9172,14,21,0.0195
S_9173,14,60,0.0834
S_9174,16,111,0.0365
S_9175,14,111,0.0777
S_9176,15,42,0.034
S_9177,11,61,0.0721
S_9178,17,23,0.0205
S_9179,18,117,0.0699
S_9180,13,62,0.0518
S_9181,13,24,0.0667
S_9182,13,101,0.0241
S_9183,20,50,0.0314
S_9184,17,76,0.0284
S_9185,14,101,0.1017
S_9186,13,37,0.1063
S_9187,11,69,0.0439
S_9188,17,6,0.0238
S_9189,14,28,0.0226
S_9190,16,16,0.0713
S_9191,19,77,0.0237
S_9192,11,30,0.0219
S_9193,13,91,0.0543
S_9194,16,91,0.033
S_9195,14,94,0.0546
S_9196,14,15,0.0203
S_9197,17,63,0.0455
S_9198,17,81,0.184
S_9199,13,38,0.039
S_9200,13,31,0.0448
S_9201,14,86,0.0256
S_9202,18,42,0.0553
S_9203,10,29,0.113
S_9204,14,67,0.0734
S_9205,16,74,0.0196
S_9206,13,93,0.0478
S_9207,10,4,0.0958
S_9208,11,20,0.0026
S_9209,16,93,0.0705
S_9210,14,63,0.0525
S_9211,9,96,0.0699
S_9212,13,53,0.0668
S_9213,18,55,0.0786
S_9214,14,45,0.0138
S_9215,16,82,0.0409
S_9216,14,70,0.0033
S_9217,17,47,0.0363
S_9218,16,22,0.0494
S_9219,15,0,0.0399
S_9220,12,10,0.0141
S_9221,16,12,0.0364
S_9222,10,68,0.0455
S_9223,16,91,0.0529
S_9224,17,54,0.082
S_9225,13,49,0.0808
S_9226,11,15,0.012
S_9227,17,108,0.0789
S_9228,15,88,0.054
S_9229,14,50,0.084
S_9230,15,11,0.0847
S_9231,13,101,0.0396
S_9232,10,20,0.0797
S_9233,13,80,0.0264
S_9234,15,40,0.0036
S_9235,15,103,0.0859
S_9236,9,70,0.0962
S_9237,14,27,0.1384
S_9238,19,1,0.0917
S_9239,15,25,0.0944
S_9240,17,43,0.0274
S_9241,16,85,0.052
S_9242,13,25,0.0537
S_9243,13,31,0.0371
S_9244,16,52,0.0395
S_9245,13,5,0.0538
S_9246,18,92,0.0509
S_9247,14,9,0.0304
S_9248,17,88,0.0486
S_9249,16,32,0.0281
S_9250,16,55,0.0715
S_9251,13,49,0.0151
S_9252,18,30,0.0469
S_9253,21,30,0.1024
S_9254,12,113,0.0404
S_9255,17,36,0.0514
S_9256,15,21,0.0335
S_9257,12,30,0.0877
S_9258,11,83,0.0484
S_9259,12,37,0.0156
S_9260,12,20,0.0391
S_9261,11,49,0.0435
S_9262,18,14,0.0105
S_9263,14,47,0.0999
S_9264,16,103,0.0362
S_9265,11,44,0.154
S_9266,18,61,0.0555
S_9267,13,94,0.0554
S_9268,18,61,0.0392
S_9269,16,5,0.0347
S_9270,12,25,0.0811
S_9271,16,107,0.0497
S_9272,14,96,0.0368
S_9273,12,91,0.0613
S_9274,11,65,0.1254
S_9275,17,42,0.0042
S_9276,18,83,0.02
S_9277,11,79,0.0082
S_9278,15,77,0.0026
S_9279,10,60,0.0188
S_9280,17,31,0.0137
S_9281,15,52,0.0089
S_9282,11,61,0.0232
S_9283,13,25,0.0068
S_9284,13,27,0.03
S_9285,12,95,0.0962
S_9286,17,38,0.0602
S_9287,12,116,0.0704
S_9288,20,52,0.0427
S_9289,17,73,0.1041
S_9290,14,60,0.0743
S_9291,21,59,0.074
S_9292,13,106,0.0257
S_9293,10,11,0.0364
S_9294,17,41,0.0329
S_9295,12,34,0.1824
S_9296,18,39,0.0501
S_9297,10,109,0.1193
S_9298,12,8,0.0356
S_9299,13,34,0.0605
S_9300,16,88,0.0067
S_9301,13,28,0.0165
S_9302,13,99,0.1267
S_9303,16,39,0.0229
S_9304,18,13,0.0213
S_9305,14,62,0.0138
S_9306,12,61,0.158
S_9307,19,4,0.1154
S_9308,14,86,0.0956
S_9309,16,17,0.0309
S_9310,13,25,0.05
S_9311,13,67,0.0692
S_9312,13,106,0.0162
S_9313,17,2,0.0509
S_9314,18,98,0.062
S_9315,13,90,0.0623
S_9316,13,19,0.0202
S_9317,18,44,0.0456
S_9318,20,108,0.0697
S_9319,16,17,0.0213
S_9320,16,13,0.0321
S_9321,20,88,0.0991
S_9322,15,56,0.0441
S_9323,15,34,0.0086
S_9324,13,20,0.0413
S_9325,17,86,0.0496
S_9326,13,52,0.0711
S_9327,13,28,0.0698
S_9328,14,113,0.0093
S_9329,16,67,0.0567
S_9330,14,42,0.0126
S_9331,17,86,0.0453
S_9332,12,59,0.0521
S_9333,14,1,0.0108
S_9334,15,100,0.113
S_9335,15,7,0.0068
S_9336,17,118,0.0186
S_9337,12,41,0.0145
S_9338,15,62,0.0526
S_9339,12,119,0.1095
S_9340,16,32,0.0338
S_9341,13,55,0.0029
S_9342,17,90,0.0421
S_9343,15,56,0.0583
S_9344,15,40,0.0166
S_9345,21,14,0.0857
S_9346,18,61,0.0665
S_9347,17,66,0.0525
S_9348,15,27,0.0425
S_9349,13,40,0.0449
S_9350,13,35,0.0392
S_9351,19,51,0.031
S_9352,13,95,0.2261
S_9353,16,39,0.0132
S_9354,13,32,0.0501
S_9355,12,100,0.0178
S_9356,13,97,0.0454
S_9357,17,95,0.0106
S_9358,18,89,0.1129
S_9359,15,106,0.0071
S_9360,14,85,0.0285
S_9361,16,20,0.0253
S_9362,14,3,0.0108
S_9363,13,21,0.0609
S_9364,12,43,0.0086
S_9365,18,6,0.0423
S_9366,13,90,0.0434
S_9367,12,76,0.0691
S_9368,14,86,0.0113
S_9369,17,11,0.0636
S_9370,17,39,0.1298
S_9371,14,55,0.0302
S_9372,13,72,0.1936
S_9373,21,96,0.0526
S_9374,12,117,0.023
S_9375,15,9,0.03
S_9376,13,76,0.0767
S_9377,17,16,0.0227
S_9378,17,35,0.0699
S_9379,12,92,0.0287
S_9380,15,119,0.0118
S_9381,8,63,0.0737
S_9382,15,42,0.0163
S_9383,6,25,0.0165
S_9384,16,93,0.0263
S_9385,14,108,0.0095
S_9386,10,101,0.0487
S_9387,16,61,0.0119
S_9388,15,70,0.0147
S_9389,12,100,0.0445
S_9390,17,111,0.0749
S_9391,14,112,0.0025
S_9392,16,82,0.1108
S_9393,14,23,0.0412
S_9394,14,37,0.0259
S_9395,19,31,0.1554
S_9396,13,20,0.0085
S_9397,15,30,0.0149
S_9398,15,104,0.0652
S_9399,11,92,0.1039
S_9400,15,5,0.0232
S_9401,10,17,0.0392
S_9402,21,118,0.0322
S_9403,19,27,0.0359
S_9404,9,76,0.1271
S_9405,18,24,0.0166
S_9406,15,28,0.0047
S_9407,10,59,0.0525
S_9408,9,58,0.0169
S_9409,14,77,0.061
S_9410,19,20,0.0166
S_9411,21,31,0.0817
S_9412,15,74,0.0411
S_9413,12,11,0.0284
S_9414,20,109,0.0376
S_9415,12,21,0.0444
S_9416,13,52,0.1003
S_9417,17,13,0.1013
S_9418,18,82,0.0918
S_9419,11,39,0.0192
S_9420,14,8,0.0499
S_9421,16,71,0.1433
S_9422,7,117,0.0363
S_9423,9,104,0.0381
S_9424,10,84,0.0131
S_9425,15,1,0.0974
S_9426,16,103,0.0316
S_9427,18,107,0.0232
S_9428,15,4,0.0747
S_9429,21,14,0.0415
S_9430,16,54,0.0673
S_9431,19,48,0.0589
S_9432,17,35,0.0352
S_9433,15,23,0.0425
S_9434,19,65,0.0171
S_9435,17,92,0.0168
S_9436,13,112,0.0542
S_9437,15,36,0.0048
S_9438,14,84,0.0221
S_9439,12,94,0.0954
S_9440,12,57,0.0299
S_9441,16,110,0.0454
S_9442,10,2,0.0917
S_9443,15,108,0.0371
S_9444,13,107,0.0186
S_9445,11,16,0.0454
S_9446,14,52,0.0111
S_9447,15,61,0.0109
S_9448,21,48,0.0071
S_9449,11,107,0.0332
S_9450,15,85,0.0332
S_9451,16,14,0.0323
S_9452,14,111,0.0237
S_9453,19,5,0.0642
S_9454,15,71,0.0176
S_9455,17,62,0.0269
S_9456,13,8,0.0606
S_9457,11,83,0.0479
S_9458,14,115,0.058
S_9459,14,55,0.0772
S_9460,13,61,0.0221
S_9461,15,46,0.0325
S_9462,13,105,0.0073
S_9463,13,111,0.1139
S_9464,19,47,0.0569
S_9465,12,106,0.0577
S_9466,19,24,0.077
S_9467,17,54,0.081
S_9468,18,30,0.0651
S_9469,18,26,0.0436
S_9470,14,102,0.0334
S_9471,12,85,0.0641
S_9472,14,8,0.0443
S_9473,14,90,0.0199
S_9474,11,68,0.0561
S_9475,16,94,0.029
S_9476,13,71,0.01
S_9477,15,45,0.0916
S_9478,14,59,0.0332
S_9479,17,16,0.006
S_9480,16,37,0.0298
S_9481,13,2,0.0638
S_9482,15,48,0.0553
S_9483,8,10,0.0413
S_9484,13,79,0.1223
S_9485,15,109,0.1041
S_9486,12,88,0.114
S_9487,17,24,0.0232
S_9488,11,60,0.0706
S_9489,15,85,0.0341
S_9490,14,96,0.0131
S_9491,18,33,0.0344
S_9492,13,57,0.013
S_9493,14,12,0.061
S_9494,18,87,0.024
S_9495,19,52,0.0354
S_9496,9,5,0.0468
S_9497,10,63,0.0442
S_9498,19,94,0.0877
S_9499,18,5,0.0243
S_9500,17,48,0.0184
S_9501,14,57,0.019
S_9502,14,119,0.0185
S_9503,10,26,0.0459
S_9504,13,98,0.0585
S_9505,17,17,0.019
S_9506,14,115,0.0272
S_9507,17,36,0.0667
S_9508,18,17,0.0736
S_9509,17,45,0.0493
S_9510,16,1,0.0714
S_9511,14,13,0.0448
S_9512,15,59,0.0348
S_9513,12,112,0.1468
S_9514,10,53,0.0524
S_9515,15,79,0.0127
S_9516,13,84,0.0188
S_9517,12,4,0.0341
S_9518,14,38,0.0367
S_9519,17,119,0.0207
S_9520,18,0,0.0031
S_9521,12,56,0.0372
S_9522,20,100,0.0337
S_9523,16,34,0.0584
S_9524,16,119,0.0337
S_9525,12,58,0.0526
S_9526,14,109,0.0381
S_9527,14,63,0.069
S_9528,9,47,0.0327
S_9529,14,85,0.0106
S_9530,17,114,0.0722
S_9531,13,45,0.0172
S_9532,12,103,0.0827
S_9533,18,79,0.1382
S_9534,15,45,0.0375
S_9535,14,6,0.0586
S_9536,15,37,0.0485
S_9537,16,99,0.0795
S_9538,17,11,0.0648
S_9539,18,68,0.0329
S_9540,16,61,0.2088
S_9541,18,79,0.084
S_9542,9,112,0.054
S_9543,18,90,0.0257
S_9544,14,61,0.0292
S_9545,11,99,0.0244
S_9546,18,84,0.0297
S_9547,15,107,0.0553
S_9548,17,86,0.0374
S_9549,14,90,0.0704
S_9550,16,10,0.0458
S_9551,14,0,0.0573
S_9552,15,114,0.0578
S_9553,13,30,0.005
S_9554,11,19,0.0748
S_9555,11,19,0.0316
S_9556,15,88,0.0502
S_9557,13,5,0.0377
S_9558,16,79,0.0622
S_9559,14,68,0.0643
S_9560,13,17,0.0984
S_9561,20,16,0.071
S_9562,13,15,0.0275
S_9563,15,31,0.029
S_9564,20,77,0.0466
S_9565,17,24,0.0842
S_9566,15,79,0.021
S_9567,12,116,0.1561
S_9568,8,103,0.0294
S_9569,7,95,0.1286
S_9570,13,113,0.0696
S_9571,20,73,0.0978
S_9572,12,92,0.0307
S_9573,11,92,0.1093
S_9574,14,116,0.0629
S_9575,15,77,0.0226
S_9576,15,32,0.0591
S_9577,18,23,0.0724
S_9578,12,36,0.0588
S_9579,18,91,0.0628
S_9580,16,78,0.0297
S_9581,13,26,0.0951
S_9582,12,103,0.0327
S_9583,11,117,0.1279
S_9584,18,90,0.0285
S_9585,14,7,0.0255
S_9586,14,75,0.0435
S_9587,15,112,0.0314
S_9588,11,37,0.077
S_9589,19,70,0.052
S_9590,15,27,0.0821
S_9591,15,105,0.0439
S_9592,14,104,0.0419
S_9593,10,43,0.1373
S_9594,18,41,0.0418
S_9595,21,0,0.0214
S_9596,12,38,0.0651
S_9597,12,93,0.0375
S_9598,12,3,0.0032
S_9599,12,24,0.0668
S_9600,19,87,0.0847
S_9601,11,77,0.0613
S_9602,21,118,0.0189
S_9603,20,46,0.0749
S_9604,17,15,0.0247
S_9605,16,79,0.0244
S_9606,17,9,0.0554
S_9607,13,14,0.0227
S_9608,11,68,0.0233
S_9609,15,56,0.0576
S_9610,10,31,0.0483
S_9611,12,57,0.0634
S_9612,17,104,0.0843
S_9613,16,86,0.021
S_9614,19,54,0.0943
S_9615,14,37,0.0634
S_9616,20,69,0.0561
S_9617,13,0,0.0174
S_9618,17,87,0.0559
S_9619,15,96,0.027
S_9620,18,14,0.0856
S_9621,12,48,0.0156
S_9622,17,17,0.1427
S_9623,16,113,0.0332
S_9624,12,99,0.0493
S_9625,21,2,0.1023
S_9626,14,116,0.0472
S_9627,17,17,0.0501
S_9628,16,10,0.0663
S_9629,11,3,0.022
S_9630,18,94,0.0235
S_9631,11,111,0.0497
S_9632,13,11,0.0188
S_9633,16,117,0.0642
S_9634,15,37,0.0525
S_9635,16,81,0.0287
S_9636,8,118,0.042
S_9637,10,1,0.0487
S_9638,17,65,0.0454
S_9639,14,78,0.0979
S_9640,16,44,0.0137
S_9641,16,13,0.0709
S_9642,12,74,0.0941
S_9643,11,5,0.0321
S_9644,17,110,0.0839
S_9645,13,55,0.0887
S_9646,15,109,0.0095
S_9647,14,100,0.0439
S_9648,11,0,0.0564
S_9649,13,55,0.0592
S_9650,18,106,0.0187
S_9651,15,44,0.0478
S_9652,14,38,0.1137
S_9653,16,82,0.0763
S_9654,19,84,0.0484
S_9655,15,77,0.0183
S_9656,21,43,0.0395
S_9657,16,7,0.0819
S_9658,14,110,0.0454
S_9659,16,38,0.0567
S_9660,21,95,0.0295
S_9661,19,42,0.0244
S_9662,10,59,0.0379
S_9663,10,44,0.0027
S_9664,14,9,0.2835
S_9665,21,39,0.0886
S_9666,15,114,0.0452
S_9667,13,13,0.0752
S_9668,21,66,0.0464
S_9669,18,116,0.0139
S_9670,14,2,0.0073
S_9671,13,8,0.0691
S_9672,18,109,0.0281
S_9673,12,88,0.081
S_9674,13,65,0.0267
S_9675,15,64,0.0416
S_9676,13,116,0.0562
S_9677,12,2,0.0109
S_9678,16,32,0.0267
S_9679,15,38,0.0939
S_9680,15,14,0.0767
S_9681,9,42,0.0063
S_9682,18,44,0.0184
S_9683,9,115,0.0755
S_9684,15,53,0.065
S_9685,21,112,0.1265
S_9686,17,97,0.0313
S_9687,14,88,0.0309
S_9688,13,39,0.1174
S_9689,14,51,0.0697
S_9690,18,5,0.0411
S_9691,16,45,0.0665
S_9692,15,104,0.0415
S_9693,18,93,0.1402
S_9694,11,97,0.0217
S_9695,13,26,0.088
S_9696,13,25,0.0295
S_9697,18,79,0.0183
S_9698,15,78,0.014
S_9699,21,23,0.0802
S_9700,17,86,0.013
S_9701,12,45,0.1061
S_9702,17,106,0.0108
S_9703,12,43,0.0032
S_9704,13,27,0.0895
S_9705,14,23,0.0344
S_9706,15,107,0.0079
S_9707,15,103,0.0509
S_9708,15,51,0.0659
S_9709,12,28,0.0305
S_9710,14,34,0.0358
S_9711,15,46,0.1268
S_9712,17,5,0.0285
S_9713,13,8,0.0885
S_9714,6,111,0.081
S_9715,18,91,0.0699
S_9716,16,97,0.0654
S_9717,11,57,0.0744
S_9718,10,43,0.0703
S_9719,16,11,0.1021
S_9720,14,66,0.0131
S_9721,10,89,0.0444
S_9722,11,23,0.1004
S_9723,14,46,0.1562
S_9724,12,111,0.0129
S_9725,13,101,0.1115
S_9726,15,95,0.0636
S_9727,18,4,0.0423
S_9728,16,19,0.0717
S_9729,15,36,0.0299
S_9730,19,36,0.0367
S_9731,12,15,0.0031
S_9732,14,34,0.0332
S_9733,13,51,0.0249
S_9734,14,5,0.043
S_9735,14,48,0.0815
S_9736,13,59,0.0454
S_9737,13,4,0.034
S_9738,17,80,0.1627
S_9739,14,9,0.0401
S_9740,6,77,0.0854
S_9741,17,119,0.0373
S_9742,16,7,0.0907
S_9743,11,32,0.0427
S_9744,19,15,0.0818
S_9745,14,44,0.047
S_9746,18,100,0.0373
S_9747,15,111,0.0734
S_9748,13,100,0.0573
S_9749,16,82,0.0072
S_9750,13,86,0.006
S_9751,14,14,0.009
S_9752,10,29,0.1614
S_9753,14,43,0.0467
S_9754,11,6,0.0179
S_9755,14,98,0.0051
S_9756,16,30,0.1508
S_9757,15,6,0.0123
S_9758,17,8,0.0106
S_9759,20,116,0.0108
S_9760,14,109,0.0163
S_9761,15,115,0.0276
S_9762,13,114,0.1367
S_9763,9,95,0.0567
S_9764,15,33,0.0727
S_9765,17,38,0.0198
S_9766,15,48,0.0663
S_9767,12,94,0.1351
S_9768,12,111,0.0206
S_9769,11,52,0.0646
S_9770,14,36,0.0383
S_9771,11,29,0.0726
S_9772,18,30,0.0934
S_9773,17,0,0.0487
S_9774,18,28,0.0348
S_9775,18,35,0.0221
S_9776,13,93,0.0679
S_9777,17,65,0.0091
S_9778,14,39,0.0339
S_9779,14,71,0.0528
S_9780,14,94,0.053
S_9781,12,73,0.0559
S_9782,14,8,0.0092
S_9783,14,28,0.0336
S_9784,17,34,0.0535
S_9785,14,43,0.0619
S_9786,13,2,0.0045
S_9787,17,89,0.1373
S_9788,12,56,0.0787
S_9789,14,107,0.0145
S_9790,16,62,0.0945
S_9791,17,118,0.0926
S_9792,18,84,0.0329
S_9793,16,106,0.0246
S_9794,15,116,0.0298
S_9795,19,56,0.0389
S_9796,12,75,0.0372
S_9797,17,109,0.1188
S_9798,15,69,0.041
S_9799,8,6,0.0186
S_9800,19,83,0.0206
S_9801,12,112,0.0283
S_9802,21,93,0.0086
S_9803,15,94,0.0021
S_9804,12,9,0.0394
S_9805,17,88,0.0676
S_9806,13,3,0.1007
S_9807,15,111,0.0588
S_9808,16,109,0.0379
S_9809,15,117,0.0152
S_9810,15,36,0.0527
S_9811,13,64,0.0037
S_9812,8,69,0.0322
S_9813,16,66,0.0451
S_9814,16,49,0.0355
S_9815,21,118,0.0324
S_9816,17,106,0.0039
S_9817,11,73,0.0516
S_9818,8,77,0.0268
S_9819,8,85,0.0337
S_9820,15,72,0.0644
S_9821,16,84,0.0711
S_9822,16,97,0.0233
S_9823,15,117,0.0206
S_9824,19,101,0.0373
S_9825,16,15,0.0159
S_9826,12,65,0.0637
S_9827,13,75,0.0151
S_9828,16,31,0.0943
S_9829,15,57,0.0523
S_9830,14,111,0.0532
S_9831,13,31,0.0138
S_9832,12,38,0.1184
S_9833,20,108,0.0802
S_9834,12,11,0.0363
S_9835,13,105,0.0191
S_9836,15,36,0.0156
S_9837,16,59,0.0305
S_9838,15,77,0.0949
S_9839,10,77,0.014
S_9840,16,117,0.0307
S_9841,18,4,0.0832
S_9842,15,84,0.0088
S_9843,21,101,0.0734
S_9844,19,70,0.0307
S_9845,14,117,0.0549
S_9846,13,50,0.0258
S_9847,11,89,0.0308
S_9848,15,82,0.0162
S_9849,16,3,0.0072
S_9850,18,66,0.0266
S_9851,14,31,0.147
S_9852,12,63,0.0257
S_9853,18,106,0.0266
S_9854,11,75,0.026
S_9855,16,71,0.0415
S_9856,15,80,0.0309
S_9857,15,63,0.0266
S_9858,14,53,0.0729
S_9859,18,44,0.0066
S_9860,16,84,0.0232
S_9861,16,93,0.0752
S_9862,17,50,0.017
S_9863,10,5,0.0392
S_9864,11,65,0.0973
S_9865,12,68,0.0215
S_9866,15,57,0.1263
S_9867,12,43,0.1331
S_9868,12,107,0.1015
S_9869,14,57,0.1426
S_9870,17,95,0.014
S_9871,17,76,0.0349
S_9872,16,94,0.033
S_9873,16,105,0.0127
S_9874,15,29,0.0759
S_9875,15,99,0.0784
S_9876,15,86,0.0804
S_9877,15,67,0.1392
S_9878,15,65,0.0101
S_9879,14,37,0.1497
S_9880,9,64,0.0668
S_9881,17,46,0.0437
S_9882,15,106,0.0229
S_9883,10,69,0.0196
S_9884,17,35,0.017
S_9885,16,17,0.0623
S_9886,10,83,0.0513
S_9887,20,79,0.0491
S_9888,14,43,0.086
S_9889,21,19,0.0898
S_9890,18,85,0.0396
S_9891,19,32,0.0587
S_9892,15,103,0.0648
S_9893,15,87,0.1074
S_9894,16,107,0.1359
S_9895,15,118,0.0529
S_9896,17,40,0.0285
S_9897,14,60,0.0702
S_9898,9,48,0.0891
S_9899,13,9,0.0476
S_9900,16,48,0.0419
S_9901,16,53,0.0961
S_9902,21,20,0.085
S_9903,13,105,0.0578
S_9904,16,35,0.0929
S_9905,17,91,0.0877
S_9906,16,9,0.0062
S_9907,12,3,0.1592
S_9908,16,119,0.0767
S_9909,12,14,0.0542
S_9910,13,91,0.0648
S_9911,14,72,0.1362
S_9912,14,54,0.0566
S_9913,10,4,0.0646
S_9914,14,39,0.0462
S_9915,15,108,0.0428
S_9916,15,108,0.0152
S_9917,14,71,0.0428
S_9918,20,68,0.0188
S_9919,15,51,0.0464
S_9920,13,93,0.1042
S_9921,15,105,0.0417
S_9922,13,87,0.0193
S_9923,17,63,0.1116
S_9924,16,76,0.0625
S_9925,19,26,0.0688
S_9926,17,118,0.034
S_9927,19,112,0.0488
S_9928,8,114,0.0557
S_9929,11,20,0.041
S_9930,17,78,0.0574
S_9931,13,78,0.0533
S_9932,19,42,0.05
S_9933,14,103,0.013
S_9934,18,93,0.0284
S_9935,16,86,0.1285
S_9936,14,3,0.0364
S_9937,12,118,0.0125
S_9938,15,86,0.0662
S_9939,14,116,0.0221
S_9940,12,10,0.0197
S_9941,10,83,0.0362
S_9942,15,89,0.0394
S_9943,17,7,0.0217
S_9944,15,7,0.031
S_9945,17,91,0.0773
S_9946,14,95,0.0014
S_9947,12,109,0.054
S_9948,17,92,0.0039
S_9949,14,28,0.0616
S_9950,15,116,0.0444
S_9951,17,32,0.0307
S_9952,17,87,0.1499
S_9953,15,63,0.0006
S_9954,17,14,0.0496
S_9955,16,111,0.0644
S_9956,16,70,0.0199
S_9957,19,11,0.0858
S_9958,16,46,0.0175
S_9959,20,91,0.1091
S_9960,10,74,0.0148
S_9961,12,26,0.0444
S_9962,13,68,0.025
S_9963,11,37,0.0446
S_9964,20,63,0.0262
S_9965,19,38,0.176
S_9966,17,59,0.1262
S_9967,16,101,0.0668
S_9968,11,25,0.0304
S_9969,16,0,0.0208
S_9970,15,18,0.141
S_9971,17,101,0.1366
S_9972,13,49,0.0598
S_9973,16,88,0.0094
S_9974,18,3,0.051
S_9975,17,17,0.0205
S_9976,15,68,0.0342
S_9977,19,86,0.1013
S_9978,12,94,0.0467
S_9979,15,77,0.0266
S_9980,16,90,0.0682
S_9981,14,19,0.0307
S_9982,17,78,0.0686
S_9983,18,51,0.0801
S_9984,9,109,0.0449
S_9985,19,73,0.0916
S_9986,13,65,0.0136
S_9987,18,69,0.0426
S_9988,13,99,0.0225
S_9989,16,1,0.0098
S_9990,16,103,0.0162
S_9991,14,3,0.0467
S_9992,13,69,0.0668
S_9993,21,60,0.0942
S_9994,13,44,0.0208
S_9995,19,15,0.0442
S_9996,21,14,0.1273
S_9997,14,89,0.0373
S_9998,10,13,0.1458
S_9999,15,82,0.0475
